User,"User Email",Store,"Exit Url",Time,Status
"Lia Beier",jaylin72@gmail.com,"Advanced MP3 Players",#,"2023-01-01 07:06:42",active
"Alexandrine Fahey",schoen.hallie@yahoo.com,"A Quarter Of...",#,"2023-01-01 07:06:42",active
"Orlo Dooley",israel.fahey@hotmail.com,Post-a-Rose,#,"2023-01-01 07:06:42",active
"Michaela Davis",yschulist@hotmail.com,"TV Cables",#,"2023-01-01 07:06:42",active
"Lisa Turner",damon.lemke@hotmail.com,"Darlings of Chelsea",#,"2023-01-01 07:06:42",active
"Emil Hessel",mekhi.hirthe@hotmail.com,InterRose,#,"2023-01-01 07:06:42",active
"Savanna Thompson",crystal05@hotmail.com,"Savile Row Company Ltd",#,"2023-01-01 07:06:42",active
"Jordy Wyman",darren52@yahoo.com,"Toffs Ltd",#,"2023-01-01 07:06:42",active
"Herman Bartoletti",doberbrunner@lowe.com,"Serenata Flowers",#,"2023-01-01 07:06:42",active
"Michaela Davis",yschulist@hotmail.com,Post-a-Rose,#,"2023-01-01 07:06:42",active
"Luz Goodwin",dominique45@yahoo.com,"Savile Row Company Ltd",#,"2023-01-01 07:06:42",active
"Danyka Zboncak",qlakin@hotmail.com,"B & Q",#,"2023-01-01 07:06:42",active
"Selina Larkin",balistreri.vernice@yahoo.com,Prezzybox,#,"2023-01-01 07:06:42",active
"Olaf Volkman",keeley.effertz@yahoo.com,Create,#,"2023-01-01 07:06:42",active
"Kamryn Hill",karina97@smitham.com,"Beauty Expert UK",#,"2023-01-01 07:06:42",active
"Arvel Feil",derrick15@abbott.com,"Novatech Ltd",#,"2023-01-01 07:06:42",active
"Tito O'Reilly",sven.reichel@gutkowski.com,"Savile Row Company Ltd",#,"2023-01-01 07:06:42",active
"Alfreda Wiza",terrell35@hotmail.com,"Bed Star Ltd",#,"2023-01-01 07:06:42",active
"Mabel Quitzon",zpfannerstill@gmail.com,Bunches.co.uk,#,"2023-01-01 07:06:42",active
"Nellie Predovic",madilyn08@ondricka.org,TheDrinkShop,#,"2023-01-01 07:06:42",active
"Cynthia Reinger",cfriesen@hotmail.com,"Vintage Wine Gifts",#,"2023-01-01 07:06:42",active
"Noe Hodkiewicz",clint.stiedemann@hotmail.com,Prezzybox,#,"2023-01-01 07:06:42",active
"Maryam Bergnaum",magdalena.runte@dickens.com,"Chocolate Trading Company",#,"2023-01-01 07:06:42",active
"Clare Ullrich",rolfson.jeffrey@corkery.org,Post-a-Rose,#,"2023-01-01 07:06:42",active
"Sasha Nader",bailey89@schaden.com,"Cast In Style",#,"2023-01-01 07:06:42",active
"Walter Kub",jast.rylan@hotmail.com,Buyagift.co.uk,#,"2023-01-01 07:06:42",active
"Merl Gaylord",lilian27@mcglynn.com,"Burton UK",#,"2023-01-01 07:06:42",active
"Lula Yundt",konopelski.pierce@kirlin.com,Post-a-Rose,#,"2023-01-01 07:06:42",active
"Savanna Thompson",crystal05@hotmail.com,"Tooled Up",#,"2023-01-01 07:06:42",active
"Moises Johnston",halie82@yahoo.com,TheDrinkShop,#,"2023-01-01 07:06:41",active
"Warren Harris",stokes.trisha@hotmail.com,Awin,#,"2023-01-01 07:06:41",active
"Albertha Leannon",eli.quitzon@keeling.com,CartridgeMonkey,#,"2023-01-01 07:06:41",active
"Albertha Leannon",eli.quitzon@keeling.com,Awin,#,"2023-01-01 07:06:41",active
"Frieda Fay",mmraz@bartoletti.org,e2save,#,"2023-01-01 07:06:41",active
"Mallory Gibson",ckeebler@miller.com,"Cast In Style",#,"2023-01-01 07:06:41",active
"Roselyn Bednar",gaylord.enrico@aufderhar.com,"Chocolate Trading Company",#,"2023-01-01 07:06:41",active
"Cecile Prohaska",owen.pollich@gmail.com,"Advanced MP3 Players",#,"2023-01-01 07:06:41",active
"Jazlyn Davis",wyman.lionel@gmail.com,Bunches.co.uk,#,"2023-01-01 07:06:41",active
"Efrain Reichel",farrell.flavie@yahoo.com,Mobiles.co.uk,#,"2023-01-01 07:06:41",active
"Kenyon Denesik",kassulke.florencio@yahoo.com,"B & Q",#,"2023-01-01 07:06:41",active
"Brannon Labadie",vconnelly@yahoo.com,"TV Cables",#,"2023-01-01 07:06:41",active
"Gloria Dickinson",dpadberg@hotmail.com,Awin,#,"2023-01-01 07:06:41",active
"Orie Quigley",rhoda66@yahoo.com,"Vision Direct UK",#,"2023-01-01 07:06:41",active
"Sage Schoen",hills.douglas@gmail.com,CartridgeMonkey,#,"2023-01-01 07:06:41",active
"Dameon Sipes",chahn@hudson.com,e2save,#,"2023-01-01 07:06:41",active
"Silas Jacobi",white.mabel@stroman.org,InterRose,#,"2023-01-01 07:06:41",active
"Sheldon Sawayn",barney07@mohr.com,"Dorothy Perkins UK",#,"2023-01-01 07:06:41",active
"Lambert Bechtelar",raleigh35@yahoo.com,"Mankind UK",#,"2023-01-01 07:06:41",active
"Elvis Botsford",kmertz@gmail.com,"B & Q",#,"2023-01-01 07:06:41",active
"Aurore McGlynn",jratke@yahoo.com,"Appliance City",#,"2023-01-01 07:06:41",active
"Israel Kuvalis",johnson17@yahoo.com,"Cadbury Gifts Direct",#,"2023-01-01 07:06:41",active
"Nelson Kemmer",casper.keagan@wilderman.com,"Burton UK",#,"2023-01-01 07:06:41",active
"Jalen Kulas",bherman@hotmail.com,"Cadbury Gifts Direct",#,"2023-01-01 07:06:41",active
"Nia Lindgren",lschuster@gmail.com,"Cast In Style",#,"2023-01-01 07:06:41",active
"Wilma O'Connell",mayert.coleman@gmail.com,"Darlings of Chelsea",#,"2023-01-01 07:06:41",active
"Nigel Schultz",simonis.princess@smith.com,"Vintage Wine Gifts",#,"2023-01-01 07:06:41",active
"Sandra Kling",jmann@braun.net,"Pharmacy2U Online Doctor",#,"2023-01-01 07:06:41",active
"Lorna Legros",devin.roob@gmail.com,"Chocolate Trading Company",#,"2023-01-01 07:06:41",active
"Celine Nitzsche",candida18@leuschke.net,"Advanced MP3 Players",#,"2023-01-01 07:06:41",active
"Zachary Renner",gleason.aaron@hotmail.com,Mobiles.co.uk,#,"2023-01-01 07:06:41",active
"Valentin Toy",melvin33@moen.com,"Cast In Style",#,"2023-01-01 07:06:41",active
"Carlee Stiedemann",eherman@boyle.com,"Cadbury Gifts Direct",#,"2023-01-01 07:06:41",active
"Jennings Bernier",alvena41@king.com,Create,#,"2023-01-01 07:06:41",active
"Antoinette Huels",rlubowitz@russel.info,"Vintage Wine Gifts",#,"2023-01-01 07:06:41",active
"Winston Kuhn",pbernhard@hotmail.com,Buyagift.co.uk,#,"2023-01-01 07:06:41",active
"Jaydon Nicolas",simeon.hammes@yahoo.com,"Cast In Style",#,"2023-01-01 07:06:41",active
"Beaulah Reilly",cale17@spencer.com,"Novatech Ltd",#,"2023-01-01 07:06:41",active
"Cristal Ziemann",mossie.gottlieb@kautzer.com,"TV Cables",#,"2023-01-01 07:06:41",active
"Alexandrine Fahey",schoen.hallie@yahoo.com,"Cadbury Gifts Direct",#,"2023-01-01 07:06:41",active
"Antoinette Huels",rlubowitz@russel.info,"Savile Row Company Ltd",#,"2023-01-01 07:06:41",active
"Lessie Gusikowski",austin69@stokes.com,"Song Galaxy",#,"2023-01-01 07:06:41",active
"Skye Haley",cecelia13@gmail.com,Awin,#,"2023-01-01 07:06:41",active
"Dawn Stracke",ezra63@kessler.net,"Cadbury Gifts Direct",#,"2023-01-01 07:06:41",active
"Carlos Kshlerin",npredovic@gmail.com,"Dorothy Perkins UK",#,"2023-01-01 07:06:41",active
"Rhett Lynch",ufranecki@muller.com,"Cadbury Gifts Direct",#,"2023-01-01 07:06:41",active
"Letitia Upton",mraz.kristina@white.com,"Fitness Options",#,"2023-01-01 07:06:41",active
"Joseph Lesch",micaela90@nienow.com,"Bed Star Ltd",#,"2023-01-01 07:06:41",active
"Chandler Cremin",thompson.sincere@hotmail.com,Post-a-Rose,#,"2023-01-01 07:06:41",active
"Fernando Waters",padberg.veronica@hotmail.com,Buyagift.co.uk,#,"2023-01-01 07:06:41",active
"Cecile Prohaska",owen.pollich@gmail.com,CartridgeMonkey,#,"2023-01-01 07:06:41",active
"Carlee Stiedemann",eherman@boyle.com,Prezzybox,#,"2023-01-01 07:06:41",active
"Nellie Predovic",madilyn08@ondricka.org,"Darlings of Chelsea",#,"2023-01-01 07:06:41",active
"Meggie Bartoletti",hammes.elenor@yahoo.com,"Serenata Flowers",#,"2023-01-01 07:06:41",active
"Lera Schulist",atoy@abernathy.com,InterRose,#,"2023-01-01 07:06:41",active
"Sheldon Harvey",reyna.towne@ernser.biz,Names.co.uk,#,"2023-01-01 07:06:41",active
"Ward Kub",cale.prohaska@klein.com,Buyagift.co.uk,#,"2023-01-01 07:06:41",active
"Zelma Schmidt",jharvey@hotmail.com,"Chocolate Trading Company",#,"2023-01-01 07:06:41",active
"Velda Marks",jaylon69@becker.com,Fragrancedirect,#,"2023-01-01 07:06:41",active
"Laurence Stroman",emelie.medhurst@yahoo.com,Bunches.co.uk,#,"2023-01-01 07:06:41",active
"Abelardo Schuppe",dustin.koepp@cremin.com,"B & Q",#,"2023-01-01 07:06:41",active
"Savannah Davis",kgoldner@wyman.net,"Mankind UK",#,"2023-01-01 07:06:41",active
"Julia Wiza",watsica.anastasia@kunde.com,Bunches.co.uk,#,"2023-01-01 07:06:41",active
"Torrey Lang",hosea.gleichner@gmail.com,"Fitness Options",#,"2023-01-01 07:06:41",active
"Mitchell Cummings",leannon.laurine@gmail.com,TheDrinkShop,#,"2023-01-01 07:06:41",active
"Cathy O'Connell",olson.abraham@yahoo.com,"Appliance City",#,"2023-01-01 07:06:41",active
"Keenan Murazik",dudley76@gmail.com,"Appliance City",#,"2023-01-01 07:06:41",active
"Amanda Lubowitz",marques.yundt@homenick.com,"Mankind UK",#,"2023-01-01 07:06:41",active
"Milan Breitenberg",lkshlerin@kunde.com,"Fitness Options",#,"2023-01-01 07:06:41",active
"Janie Powlowski",tanner04@pacocha.com,Names.co.uk,#,"2023-01-01 07:06:41",active
"William Predovic",jbradtke@jacobson.biz,"Darlings of Chelsea",#,"2023-01-01 07:06:41",active
"Gage Feil",wchristiansen@yahoo.com,TheDrinkShop,#,"2023-01-01 07:06:41",active
"Marianne Murphy",christian42@parker.com,Prezzybox,#,"2023-01-01 07:06:41",active
"Paula Schimmel",qzulauf@schuppe.biz,"Scottsdale Golf",#,"2023-01-01 07:06:41",active
"Else Cormier",egusikowski@bechtelar.biz,Names.co.uk,#,"2023-01-01 07:06:41",active
"Hailie Treutel",vickie53@doyle.biz,"Advanced MP3 Players",#,"2023-01-01 07:06:41",active
"Gerhard Waters",icummings@gmail.com,Create,#,"2023-01-01 07:06:41",active
"Marjorie Schulist",thompson.garrick@hotmail.com,InterRose,#,"2023-01-01 07:06:41",active
"Kimberly Leannon",hudson.raquel@yahoo.com,"Vintage Wine Gifts",#,"2023-01-01 07:06:41",active
"Kelton Gerhold",shad.macejkovic@hotmail.com,CartridgeMonkey,#,"2023-01-01 07:06:41",active
"Jadyn Prosacco",esperanza94@yahoo.com,"Savile Row Company Ltd",#,"2023-01-01 07:06:41",active
"Alysson Hyatt",vicente.johnston@shields.com,"TV Cables",#,"2023-01-01 07:06:41",active
"Madelynn Pouros",lreinger@gmail.com,"Savile Row Company Ltd",#,"2023-01-01 07:06:41",active
"Emmy Kozey",kemmer.muriel@price.com,"Vintage Wine Gifts",#,"2023-01-01 07:06:41",active
"Maryam Bergnaum",magdalena.runte@dickens.com,"Burton UK",#,"2023-01-01 07:06:41",active
"Fredy Trantow",akohler@wisozk.com,Buyagift.co.uk,#,"2023-01-01 07:06:41",active
"Elinore Turcotte",ismith@yahoo.com,"Burton UK",#,"2023-01-01 07:06:41",active
"Branson Funk",kyle.zulauf@gmail.com,"Darlings of Chelsea",#,"2023-01-01 07:06:41",active
"Chelsey Swaniawski",roob.ruthie@gmail.com,Fragrancedirect,#,"2023-01-01 07:06:41",active
"Georgette Armstrong",lou.cormier@yahoo.com,InterRose,#,"2023-01-01 07:06:41",active
"Stone Hayes",megane.tromp@yahoo.com,"Serenata Flowers",#,"2023-01-01 07:06:41",active
"Rodger Bayer",orpha.koepp@gmail.com,"Vintage Wine Gifts",#,"2023-01-01 07:06:41",active
"Bobbie Kiehn",kirstin.ruecker@walker.biz,"Scottsdale Golf",#,"2023-01-01 07:06:41",active
"Jacques White",vveum@price.com,"Advanced MP3 Players",#,"2023-01-01 07:06:41",active
"Super Admin",admin@trs.com,"Darlings of Chelsea",#,"2023-01-01 07:06:41",active
"Selmer Von",johnston.damien@spencer.info,"Ink Factory",#,"2023-01-01 07:06:41",active
"Maritza Kunze",evans.rath@gmail.com,CartridgeMonkey,#,"2023-01-01 07:06:41",active
"Caroline Bayer",vernie.ritchie@cronin.com,"Vintage Wine Gifts",#,"2023-01-01 07:06:41",active
"Bailee O'Reilly",gschamberger@brown.com,InterRose,#,"2023-01-01 07:06:41",active
"Lillie Metz",doug00@yahoo.com,CartridgeMonkey,#,"2023-01-01 07:06:41",active
"Carole Jast",tlowe@yahoo.com,"Darlings of Chelsea",#,"2023-01-01 07:06:41",active
"Hope Lind",little.hope@yahoo.com,CartridgeMonkey,#,"2023-01-01 07:06:41",active
"Ibrahim Terry",ulises90@kuphal.com,Names.co.uk,#,"2023-01-01 07:06:41",active
"Gavin Batz",fbalistreri@gmail.com,"TV Cables",#,"2023-01-01 07:06:41",active
"Mustafa Aufderhar",moore.belle@yahoo.com,"Fitness Options",#,"2023-01-01 07:06:41",active
"Ottis Johnson",ithiel@gerhold.biz,"Beauty Expert UK",#,"2023-01-01 07:06:41",active
"Samanta Kulas",immanuel43@hotmail.com,"Burton UK",#,"2023-01-01 07:06:41",active
"Herta Skiles",mafalda94@oconner.net,"Novatech Ltd",#,"2023-01-01 07:06:41",active
"Kimberly Leannon",hudson.raquel@yahoo.com,e2save,#,"2023-01-01 07:06:41",active
"Valentine O'Reilly",pwitting@mckenzie.com,"Bed Star Ltd",#,"2023-01-01 07:06:41",active
"Ettie Runte",dahlia.funk@metz.com,"Toffs Ltd",#,"2023-01-01 07:06:41",active
"Keven Heidenreich",gmurray@hotmail.com,TheDrinkShop,#,"2023-01-01 07:06:41",active
"Rick Prohaska",vivien.reinger@ledner.com,"Burton UK",#,"2023-01-01 07:06:41",active
"Jameson Mraz",kenneth.jerde@gmail.com,"Dorothy Perkins UK",#,"2023-01-01 07:06:41",active
"Haleigh Collins",hane.hector@pfannerstill.info,"Beauty Expert UK",#,"2023-01-01 07:06:41",active
"Delphia Turcotte",okonopelski@schamberger.com,Awin,#,"2023-01-01 07:06:41",active
"Marley Wunsch",freddie98@hotmail.com,"Bed Star Ltd",#,"2023-01-01 07:06:41",active
"Donavon Connelly",rosemary.towne@yahoo.com,"Toffs Ltd",#,"2023-01-01 07:06:41",active
"Florine Cruickshank",kilback.kamille@quitzon.info,"Tooled Up",#,"2023-01-01 07:06:41",active
"Emmy Kozey",kemmer.muriel@price.com,"Novatech Ltd",#,"2023-01-01 07:06:41",active
"Jaqueline Schneider",gerlach.brant@frami.com,Fragrancedirect,#,"2023-01-01 07:06:41",active
"Rae Bechtelar",miles.gottlieb@cole.com,"Dorothy Perkins UK",#,"2023-01-01 07:06:41",active
"Syble Legros",domenick51@lebsack.net,Mobiles.co.uk,#,"2023-01-01 07:06:41",active
"General Daugherty",mateo05@klocko.com,"Tooled Up",#,"2023-01-01 07:06:41",active
"Zetta Miller",skulas@yahoo.com,"Tooled Up",#,"2023-01-01 07:06:41",active
"Juston Thiel",rosalia.wolf@hotmail.com,"Tooled Up",#,"2023-01-01 07:06:41",active
"Lesley Beatty",amara61@yahoo.com,"Ink Factory",#,"2023-01-01 07:06:41",active
"Carlos Hudson",lola.beatty@hotmail.com,"The Safe Shop",#,"2023-01-01 07:06:41",active
"Johnpaul Conn",niko.pollich@cummerata.org,"Vintage Wine Gifts",#,"2023-01-01 07:06:41",active
"Roselyn Morissette",rblanda@yahoo.com,"Appliance City",#,"2023-01-01 07:06:41",active
"Ludie Bruen",adaline37@gmail.com,Prezzybox,#,"2023-01-01 07:06:41",active
"Eunice Adams",heidenreich.alexa@gmail.com,Buyagift.co.uk,#,"2023-01-01 07:06:41",active
"Letitia Upton",mraz.kristina@white.com,"Cadbury Gifts Direct",#,"2023-01-01 07:06:41",active
"Leora Altenwerth",reichel.giovanna@yahoo.com,Create,#,"2023-01-01 07:06:41",active
"Khalil Bailey",zander.wunsch@schiller.biz,"Serenata Flowers",#,"2023-01-01 07:06:41",active
"Herman Bartoletti",doberbrunner@lowe.com,Fragrancedirect,#,"2023-01-01 07:06:41",active
"Harrison Murphy",rrath@hotmail.com,Fragrancedirect,#,"2023-01-01 07:06:41",active
"Rory Zieme",anthony.walker@yahoo.com,"TV Cables",#,"2023-01-01 07:06:41",active
"Ceasar O'Keefe",oreilly.cade@yahoo.com,Mobiles.co.uk,#,"2023-01-01 07:06:41",active
"Frieda Fay",mmraz@bartoletti.org,"Bed Star Ltd",#,"2023-01-01 07:06:41",active
"Zoey O'Connell",klein.jeromy@goodwin.com,"Cadbury Gifts Direct",#,"2023-01-01 07:06:41",active
"Hank Wisoky",rafaela84@yahoo.com,"Pharmacy2U Online Doctor",#,"2023-01-01 07:06:41",active
"Alverta Gerhold",ewelch@gmail.com,"Chocolate Trading Company",#,"2023-01-01 07:06:41",active
"Ike O'Connell",shany.bayer@hotmail.com,"Cast In Style",#,"2023-01-01 07:06:41",active
"Bella Gulgowski",dewayne.leuschke@goldner.com,"B & Q",#,"2023-01-01 07:06:41",active
"Danielle Abernathy",joannie52@hotmail.com,"Mankind UK",#,"2023-01-01 07:06:41",active
"Roman Reynolds",alta.borer@hotmail.com,"Mankind UK",#,"2023-01-01 07:06:41",active
"Lucile Russel",ujakubowski@yahoo.com,"Bed Star Ltd",#,"2023-01-01 07:06:41",active
"Hilton Weissnat",beahan.eugenia@hills.com,"Burton UK",#,"2023-01-01 07:06:41",active
"Letitia Ratke",lbatz@gmail.com,"Appliance City",#,"2023-01-01 07:06:41",active
"Dahlia Greenfelder",moen.cruz@yahoo.com,"Vintage Wine Gifts",#,"2023-01-01 07:06:41",active
"Dell Mraz",rosina96@gmail.com,"Chocolate Trading Company",#,"2023-01-01 07:06:41",active
"Evert Schuster",becker.johnny@cremin.com,"Novatech Ltd",#,"2023-01-01 07:06:41",active
"Madison Flatley",preichert@conn.com,"Pharmacy2U Online Doctor",#,"2023-01-01 07:06:41",active
"Merle Leuschke",pkrajcik@daniel.com,CartridgeMonkey,#,"2023-01-01 07:06:41",active
"Eladio Baumbach",hillard07@gmail.com,"Fitness Options",#,"2023-01-01 07:06:41",active
"Letitia Upton",mraz.kristina@white.com,"Scottsdale Golf",#,"2023-01-01 07:06:41",active
"Christian Moen",onienow@gibson.net,Create,#,"2023-01-01 07:06:41",active
"Adah Bayer",lois75@hotmail.com,"Burton UK",#,"2023-01-01 07:06:41",active
"Emery Bahringer",brionna.stamm@gmail.com,"Bed Star Ltd",#,"2023-01-01 07:06:41",active
"Alfreda Wiza",terrell35@hotmail.com,"Mankind UK",#,"2023-01-01 07:06:41",active
"Al O'Reilly",schmeler.emmy@hotmail.com,"B & Q",#,"2023-01-01 07:06:41",active
"Johnson Hammes",easton.boehm@ward.biz,"Tooled Up",#,"2023-01-01 07:06:41",active
"Henderson Dietrich",sheller@koch.biz,"Beauty Expert UK",#,"2023-01-01 07:06:41",active
"Pearlie Wolff",ukertzmann@dibbert.net,"Toffs Ltd",#,"2023-01-01 07:06:41",active
"Evans Daniel",hrowe@gmail.com,"A Quarter Of...",#,"2023-01-01 07:06:41",active
"Watson Lemke",pdamore@hotmail.com,"Burton UK",#,"2023-01-01 07:06:41",active
"Bertha Ullrich",haven.rice@hotmail.com,Mobiles.co.uk,#,"2023-01-01 07:06:41",active
"Jon Harvey",hyatt.chadrick@monahan.com,InterRose,#,"2023-01-01 07:06:41",active
"Kaylee Lowe",mariano67@hotmail.com,e2save,#,"2023-01-01 07:06:41",active
"Heaven Dibbert",elvis80@cormier.com,"Appliance City",#,"2023-01-01 07:06:41",active
"Edythe Swaniawski",stark.noelia@yahoo.com,"The Safe Shop",#,"2023-01-01 07:06:41",active
"Trenton Ratke",elliot41@ward.net,"Mankind UK",#,"2023-01-01 07:06:41",active
"Luigi Mitchell",gusikowski.patsy@hotmail.com,"TV Cables",#,"2023-01-01 07:06:41",active
"Destiny Kuvalis",pauer@hotmail.com,Awin,#,"2023-01-01 07:06:41",active
"Neoma Dibbert",qgrady@hotmail.com,Names.co.uk,#,"2023-01-01 07:06:41",active
"Andrew Osinski",norwood.eichmann@gmail.com,Post-a-Rose,#,"2023-01-01 07:06:41",active
"Keeley Ullrich",jast.isai@pagac.org,Bunches.co.uk,#,"2023-01-01 07:06:41",active
"Fidel Toy",kirlin.missouri@gmail.com,"Pharmacy2U Online Doctor",#,"2023-01-01 07:06:41",active
"Roman Reynolds",alta.borer@hotmail.com,"Fitness Options",#,"2023-01-01 07:06:41",active
"Lessie Gusikowski",austin69@stokes.com,"Vintage Wine Gifts",#,"2023-01-01 07:06:41",active
"Noe Hodkiewicz",clint.stiedemann@hotmail.com,"Bed Star Ltd",#,"2023-01-01 07:06:41",active
"Jadyn Stiedemann",waldo84@gmail.com,"Ink Factory",#,"2023-01-01 07:06:41",active
"Brielle Durgan",macie52@weissnat.com,"Toffs Ltd",#,"2023-01-01 07:06:41",active
"Lea Grimes",pfeffer.ebony@stanton.com,"Ink Factory",#,"2023-01-01 07:06:41",active
"Lysanne Wolf",xkunde@bergnaum.com,"Savile Row Company Ltd",#,"2023-01-01 07:06:41",active
"Evert Schuster",becker.johnny@cremin.com,"Chocolate Trading Company",#,"2023-01-01 07:06:41",active
"Jadyn Prosacco",esperanza94@yahoo.com,"The Safe Shop",#,"2023-01-01 07:06:41",active
"Edwina Bayer",oschaefer@block.com,"Serenata Flowers",#,"2023-01-01 07:06:41",active
"Candice Herman",dolly36@durgan.com,"The Safe Shop",#,"2023-01-01 07:06:41",active
"Else Cormier",egusikowski@bechtelar.biz,"Pharmacy2U Online Doctor",#,"2023-01-01 07:06:41",active
"Laurence Stroman",emelie.medhurst@yahoo.com,e2save,#,"2023-01-01 07:06:41",active
"Ole Mraz",reynolds.ramona@bednar.com,Bunches.co.uk,#,"2023-01-01 07:06:41",active
"Ryan Gutkowski",koepp.destiney@gmail.com,Create,#,"2023-01-01 07:06:41",active
"Otho Daniel",donnie71@gmail.com,Names.co.uk,#,"2023-01-01 07:06:41",active
"Elvis Botsford",kmertz@gmail.com,"Toffs Ltd",#,"2023-01-01 07:06:41",active
"Jaida Harvey",manuela84@kemmer.com,Post-a-Rose,#,"2023-01-01 07:06:41",active
"Ofelia Jacobson",blanda.edmund@hotmail.com,"Bed Star Ltd",#,"2023-01-01 07:06:41",active
"Darron Hessel",calista62@runolfsdottir.net,Post-a-Rose,#,"2023-01-01 07:06:41",active
"Wilhelm Bahringer",miller.dortha@yahoo.com,"Ink Factory",#,"2023-01-01 07:06:41",active
"Nona Stroman",lwilkinson@harris.com,Mobiles.co.uk,#,"2023-01-01 07:06:41",active
"Kip Fay",hugh.marks@gmail.com,"Song Galaxy",#,"2023-01-01 07:06:41",active
"Antoinette Huels",rlubowitz@russel.info,"Fitness Options",#,"2023-01-01 07:06:41",active
"Dena Stamm",flossie.pacocha@hotmail.com,"Scottsdale Golf",#,"2023-01-01 07:06:41",active
"Elvie Hamill",rosemary69@yahoo.com,"Beauty Expert UK",#,"2023-01-01 07:06:41",active
"Michael Watsica",danika.strosin@gmail.com,TheDrinkShop,#,"2023-01-01 07:06:41",active
"Dalton Lebsack",kilback.sandy@hotmail.com,e2save,#,"2023-01-01 07:06:41",active
"Gerhard Waters",icummings@gmail.com,Awin,#,"2023-01-01 07:06:41",active
"Cloyd Schaefer",amalia11@hotmail.com,"Fitness Options",#,"2023-01-01 07:06:41",active
"Mabel Quitzon",zpfannerstill@gmail.com,InterRose,#,"2023-01-01 07:06:41",active
"Jana Beer",bcrona@gmail.com,"Bed Star Ltd",#,"2023-01-01 07:06:41",active
"Laurence Stroman",emelie.medhurst@yahoo.com,Names.co.uk,#,"2023-01-01 07:06:41",active
"Fernando Waters",padberg.veronica@hotmail.com,"Toffs Ltd",#,"2023-01-01 07:06:41",active
"Johnathan Miller",misty.mayer@yahoo.com,Names.co.uk,#,"2023-01-01 07:06:41",active
"Otho Daniel",donnie71@gmail.com,Names.co.uk,#,"2023-01-01 07:06:41",active
"Michaela Davis",yschulist@hotmail.com,Mobiles.co.uk,#,"2023-01-01 07:06:41",active
"Alyce Daugherty",ncormier@hagenes.biz,"Mankind UK",#,"2023-01-01 07:06:41",active
"Roselyn Bednar",gaylord.enrico@aufderhar.com,"Tooled Up",#,"2023-01-01 07:06:41",active
"Marilyne Lindgren",adaline.dibbert@gmail.com,Awin,#,"2023-01-01 07:06:41",active
"Dalton Lebsack",kilback.sandy@hotmail.com,"Appliance City",#,"2023-01-01 07:06:41",active
"Lambert Bechtelar",raleigh35@yahoo.com,"Dorothy Perkins UK",#,"2023-01-01 07:06:41",active
"Mariano Altenwerth",schaefer.cora@weimann.com,"Cadbury Gifts Direct",#,"2023-01-01 07:06:41",active
"Concepcion Bartoletti",ybayer@white.com,"Appliance City",#,"2023-01-01 07:06:41",active
"Justus Pagac",emmet78@yahoo.com,"B & Q",#,"2023-01-01 07:06:41",active
"Milan Breitenberg",lkshlerin@kunde.com,"Cast In Style",#,"2023-01-01 07:06:41",active
"Oliver Johnston",leannon.jaquelin@hotmail.com,Buyagift.co.uk,#,"2023-01-01 07:06:41",active
"Hank Oberbrunner",wunsch.merl@rice.info,"Novatech Ltd",#,"2023-01-01 07:06:41",active
"Wava Moore",waters.teagan@yahoo.com,"Dorothy Perkins UK",#,"2023-01-01 07:06:41",active
"Elliot Bernier",omills@ankunding.com,"Cadbury Gifts Direct",#,"2023-01-01 07:06:41",active
"Cydney Mraz",ewell29@bayer.biz,Mobiles.co.uk,#,"2023-01-01 07:06:41",active
"Lora Weber",brenden.schulist@hotmail.com,"Vintage Wine Gifts",#,"2023-01-01 07:06:41",active
"Glenda Howe",prempel@skiles.org,"Appliance City",#,"2023-01-01 07:06:41",active
"Lorena Purdy",cgerhold@wolff.com,"Cadbury Gifts Direct",#,"2023-01-01 07:06:41",active
"Harmony Trantow",jevon.ferry@berge.com,"Mankind UK",#,"2023-01-01 07:06:41",active
"Maurine Frami",bosco.taurean@hotmail.com,"Appliance City",#,"2023-01-01 07:06:41",active
"Clifford Murazik",pschumm@oconner.info,"Pharmacy2U Online Doctor",#,"2023-01-01 07:06:41",active
"Roberta Lueilwitz",mkling@zboncak.com,"Darlings of Chelsea",#,"2023-01-01 07:06:41",active
"Kaleigh Raynor",boyer.andy@smith.com,Post-a-Rose,#,"2023-01-01 07:06:41",active
"Winston Kuhn",pbernhard@hotmail.com,Bunches.co.uk,#,"2023-01-01 07:06:41",active
"Aleen Emard",santos.mosciski@schmeler.com,"Tooled Up",#,"2023-01-01 07:06:41",active
"Sherwood DuBuque",emraz@huels.com,"B & Q",#,"2023-01-01 07:06:41",active
"Adrianna Heller",wklocko@yahoo.com,Prezzybox,#,"2023-01-01 07:06:41",active
"Emery Bahringer",brionna.stamm@gmail.com,"Scottsdale Golf",#,"2023-01-01 07:06:41",active
"Mathilde Purdy",schinner.wilford@hotmail.com,"Darlings of Chelsea",#,"2023-01-01 07:06:41",active
"Herta Skiles",mafalda94@oconner.net,"Scottsdale Golf",#,"2023-01-01 07:06:41",active
"Greta Durgan",ross.powlowski@sanford.com,"B & Q",#,"2023-01-01 07:06:41",active
"Selina Larkin",balistreri.vernice@yahoo.com,"Ink Factory",#,"2023-01-01 07:06:41",active
"Miles Oberbrunner",maxwell.rippin@walter.net,Fragrancedirect,#,"2023-01-01 07:06:41",active
"Celine Nitzsche",candida18@leuschke.net,Create,#,"2023-01-01 07:06:41",active
"Orlo Dooley",israel.fahey@hotmail.com,"Cast In Style",#,"2023-01-01 07:06:41",active
"Kristin Kovacek",wsipes@block.com,"Burton UK",#,"2023-01-01 07:06:41",active
"Cecil Rice",bashirian.rosalyn@hotmail.com,Post-a-Rose,#,"2023-01-01 07:06:41",active
"Serenity Runte",bertha.skiles@weimann.info,"Ink Factory",#,"2023-01-01 07:06:41",active
"Beaulah Crist",cronin.mariam@mccullough.info,TheDrinkShop,#,"2023-01-01 07:06:41",active
"Marshall Ritchie",kiehn.edgardo@yahoo.com,"Novatech Ltd",#,"2023-01-01 07:06:41",active
"Dawn Stracke",ezra63@kessler.net,Prezzybox,#,"2023-01-01 07:06:41",active
"Leanna Beier",rlubowitz@yahoo.com,"Fitness Options",#,"2023-01-01 07:06:41",active
"Madyson Eichmann",crunolfsson@mckenzie.org,"Toffs Ltd",#,"2023-01-01 07:06:41",active
"Ward Kub",cale.prohaska@klein.com,"Cast In Style",#,"2023-01-01 07:06:41",active
"Elvis Botsford",kmertz@gmail.com,"Savile Row Company Ltd",#,"2023-01-01 07:06:41",active
"Tommie Kuvalis",kaylah21@koch.com,"Dorothy Perkins UK",#,"2023-01-01 07:06:41",active
"Max Schmeler",clehner@hackett.com,"Pharmacy2U Online Doctor",#,"2023-01-01 07:06:41",active
"Greta Durgan",ross.powlowski@sanford.com,TheDrinkShop,#,"2023-01-01 07:06:41",active
"Monica Terry",kilback.adrian@shanahan.com,"Vintage Wine Gifts",#,"2023-01-01 07:06:41",active
"Willow Hettinger",gjakubowski@yahoo.com,Awin,#,"2023-01-01 07:06:41",active
"Blake Ernser",tyrell81@hotmail.com,"Darlings of Chelsea",#,"2023-01-01 07:06:41",active
"Vince Heathcote",olson.regan@gmail.com,"Chocolate Trading Company",#,"2023-01-01 07:06:41",active
"Reva Yost",chelsey.schinner@metz.com,"Fitness Options",#,"2023-01-01 07:06:41",active
"Caroline Bayer",vernie.ritchie@cronin.com,"A Quarter Of...",#,"2023-01-01 07:06:41",active
"Emil Hessel",mekhi.hirthe@hotmail.com,Awin,#,"2023-01-01 07:06:41",active
"Laverna Hirthe",dickinson.valerie@yahoo.com,Names.co.uk,#,"2023-01-01 07:06:41",active
"Meghan Eichmann",vledner@gmail.com,"Toffs Ltd",#,"2023-01-01 07:06:41",active
"Lew Stehr",kendall18@gmail.com,"Savile Row Company Ltd",#,"2023-01-01 07:06:41",active
"Lorna Legros",devin.roob@gmail.com,CartridgeMonkey,#,"2023-01-01 07:06:41",active
"Joey Batz",aliya18@schimmel.org,Create,#,"2023-01-01 07:06:41",active
"Coy Swaniawski",quitzon.wava@hotmail.com,"Song Galaxy",#,"2023-01-01 07:06:41",active
"Ettie Runte",dahlia.funk@metz.com,"Darlings of Chelsea",#,"2023-01-01 07:06:41",active
"Dalton Lebsack",kilback.sandy@hotmail.com,"Vintage Wine Gifts",#,"2023-01-01 07:06:41",active
"Pasquale Cremin",aleffler@yahoo.com,TheDrinkShop,#,"2023-01-01 07:06:41",active
"Jack Steuber",juliet51@fay.net,"Advanced MP3 Players",#,"2023-01-01 07:06:41",active
"Luz Goodwin",dominique45@yahoo.com,"A Quarter Of...",#,"2023-01-01 07:06:41",active
"Mireille Labadie",gabe.macejkovic@yahoo.com,"A Quarter Of...",#,"2023-01-01 07:06:41",active
"Bryce Barrows",ubogan@gmail.com,Bunches.co.uk,#,"2023-01-01 07:06:41",active
"Janet Lynch",tbecker@gusikowski.com,e2save,#,"2023-01-01 07:06:41",active
"Haven Kuphal",flynch@yahoo.com,"Beauty Expert UK",#,"2023-01-01 07:06:41",active
"Lea Grimes",pfeffer.ebony@stanton.com,Bunches.co.uk,#,"2023-01-01 07:06:41",active
"Alexa Towne",aaron65@ward.net,"A Quarter Of...",#,"2023-01-01 07:06:41",active
"Verdie Schimmel",cwisoky@hotmail.com,Create,#,"2023-01-01 07:06:41",active
"Carrie Greenfelder",marilie75@gmail.com,"TV Cables",#,"2023-01-01 07:06:41",active
"Jaydon Nicolas",simeon.hammes@yahoo.com,Awin,#,"2023-01-01 07:06:41",active
"Nona Bashirian",yschimmel@crooks.com,CartridgeMonkey,#,"2023-01-01 07:06:41",active
"Retta Wunsch",bstiedemann@tillman.org,InterRose,#,"2023-01-01 07:06:41",active
"Gaston Nikolaus",jnienow@blanda.info,"The Safe Shop",#,"2023-01-01 07:06:41",active
"Maye Bayer",alexanne.heidenreich@gmail.com,"Darlings of Chelsea",#,"2023-01-01 07:06:41",active
"Adolphus Schamberger",lauretta.durgan@langosh.biz,"Burton UK",#,"2023-01-01 07:06:41",active
"Clifford Murazik",pschumm@oconner.info,"Novatech Ltd",#,"2023-01-01 07:06:41",active
"Terrance Murazik",rhea86@hotmail.com,"Beauty Expert UK",#,"2023-01-01 07:06:41",active
"Kimberly Leannon",hudson.raquel@yahoo.com,Bunches.co.uk,#,"2023-01-01 07:06:41",active
"Kelsi Hartmann",geoffrey.wyman@mcclure.info,e2save,#,"2023-01-01 07:06:41",active
"Harmony Trantow",jevon.ferry@berge.com,"Savile Row Company Ltd",#,"2023-01-01 07:06:41",active
"Danielle Abernathy",joannie52@hotmail.com,Fragrancedirect,#,"2023-01-01 07:06:41",active
"Lester Doyle",lowell.kerluke@gmail.com,"Savile Row Company Ltd",#,"2023-01-01 07:06:41",active
"Adeline Kiehn",qgreenholt@feil.org,"Chocolate Trading Company",#,"2023-01-01 07:06:41",active
"Tia Leannon",amaya.lesch@gmail.com,"Tooled Up",#,"2023-01-01 07:06:41",active
"Asa Koch",will.weissnat@yahoo.com,Post-a-Rose,#,"2023-01-01 07:06:41",active
"Bailee O'Reilly",gschamberger@brown.com,Post-a-Rose,#,"2023-01-01 07:06:41",active
"Tyrique Ondricka",shanahan.meggie@yahoo.com,"Cadbury Gifts Direct",#,"2023-01-01 07:06:41",active
"Richard Stokes",vhirthe@ferry.org,"Vision Direct UK",#,"2023-01-01 07:06:41",active
"Cara Corwin",florine.toy@leuschke.com,"Novatech Ltd",#,"2023-01-01 07:06:41",active
"Greta Swift",misael.kozey@gmail.com,"Song Galaxy",#,"2023-01-01 07:06:41",active
"Jonatan Paucek",sarina34@gmail.com,"A Quarter Of...",#,"2023-01-01 07:06:41",active
"Deven Treutel",kconroy@gmail.com,e2save,#,"2023-01-01 07:06:41",active
"Brandt Russel",jsimonis@gmail.com,e2save,#,"2023-01-01 07:06:41",active
"Larissa Considine",bobby54@schneider.biz,"Appliance City",#,"2023-01-01 07:06:41",active
"Jammie Turner",armstrong.rosalyn@swift.com,"Cast In Style",#,"2023-01-01 07:06:41",active
"Cooper Brown",avery23@satterfield.biz,Create,#,"2023-01-01 07:06:41",active
"Meagan Marquardt",kendrick16@hotmail.com,"Mankind UK",#,"2023-01-01 07:06:41",active
"Cordelia Medhurst",diana.moore@yahoo.com,"Pharmacy2U Online Doctor",#,"2023-01-01 07:06:41",active
"Seamus Berge",soledad.donnelly@hayes.com,Awin,#,"2023-01-01 07:06:41",active
"Arne Bins",beier.ayla@hotmail.com,"Vintage Wine Gifts",#,"2023-01-01 07:06:41",active
"Charlie Johnston",karlie00@hotmail.com,"Appliance City",#,"2023-01-01 07:06:41",active
"Joe Cummings",chanel48@gmail.com,"Savile Row Company Ltd",#,"2023-01-01 07:06:41",active
"Wilson Streich",vtorphy@kassulke.com,InterRose,#,"2023-01-01 07:06:41",active
"Hillard Miller",emma.swaniawski@yahoo.com,TheDrinkShop,#,"2023-01-01 07:06:41",active
"Antone Cartwright",roberts.sandy@fisher.com,"Chocolate Trading Company",#,"2023-01-01 07:06:41",active
"Mariano Labadie",gaylord.upton@yahoo.com,Prezzybox,#,"2023-01-01 07:06:41",active
"Emie Wisozk",sreinger@gmail.com,"Ink Factory",#,"2023-01-01 07:06:41",active
"Queen Buckridge",frida.johnson@gorczany.info,"Fitness Options",#,"2023-01-01 07:06:41",active
"Rachelle Braun",bchristiansen@brown.info,"Vintage Wine Gifts",#,"2023-01-01 07:06:41",active
"Reva Yost",chelsey.schinner@metz.com,"Vision Direct UK",#,"2023-01-01 07:06:41",active
"Amaya Prosacco",lewis25@gmail.com,InterRose,#,"2023-01-01 07:06:40",active
"Emilia Bailey",hudson14@oberbrunner.com,"TV Cables",#,"2023-01-01 07:06:40",active
"Erick Tromp",gage51@yahoo.com,Mobiles.co.uk,#,"2023-01-01 07:06:40",active
"Nicola Farrell",jocelyn62@gmail.com,"Advanced MP3 Players",#,"2023-01-01 07:06:40",active
"Leila Labadie",swift.dawson@yahoo.com,"Song Galaxy",#,"2023-01-01 07:06:40",active
"Kaela Powlowski",alejandra94@tromp.net,"Novatech Ltd",#,"2023-01-01 07:06:40",active
"Nadia Deckow",giles.schoen@lesch.com,Create,#,"2023-01-01 07:06:40",active
"Oscar Schmeler",kristina21@yahoo.com,"Cast In Style",#,"2023-01-01 07:06:40",active
"Solon Swift",oren53@yahoo.com,Awin,#,"2023-01-01 07:06:40",active
"Adolphus Schamberger",lauretta.durgan@langosh.biz,"Savile Row Company Ltd",#,"2023-01-01 07:06:40",active
"Shanon Nader",thilpert@gmail.com,"Dorothy Perkins UK",#,"2023-01-01 07:06:40",active
"Hope Lind",little.hope@yahoo.com,"Advanced MP3 Players",#,"2023-01-01 07:06:40",active
"William Predovic",jbradtke@jacobson.biz,Create,#,"2023-01-01 07:06:40",active
"Ernest Bechtelar",njones@dickinson.com,"Scottsdale Golf",#,"2023-01-01 07:06:40",active
"Terrance Murazik",rhea86@hotmail.com,"Chocolate Trading Company",#,"2023-01-01 07:06:40",active
"Jaime Yundt",dominique.schulist@yahoo.com,Prezzybox,#,"2023-01-01 07:06:40",active
"Valentine O'Reilly",pwitting@mckenzie.com,"Tooled Up",#,"2023-01-01 07:06:40",active
"Alta Monahan",lonnie17@gmail.com,Awin,#,"2023-01-01 07:06:40",active
"Andre Wyman",wisoky.cielo@gmail.com,"TV Cables",#,"2023-01-01 07:06:40",active
"Syble Roob",deborah72@koepp.com,"TV Cables",#,"2023-01-01 07:06:40",active
"Keaton Emmerich",gorn@satterfield.biz,"Cadbury Gifts Direct",#,"2023-01-01 07:06:40",active
"Marquise Crist",xwolff@hotmail.com,Awin,#,"2023-01-01 07:06:40",active
"Earline Upton",manley93@hotmail.com,Create,#,"2023-01-01 07:06:40",active
"Dandre Hayes",djacobson@friesen.org,"Scottsdale Golf",#,"2023-01-01 07:06:40",active
"Herman Bartoletti",doberbrunner@lowe.com,CartridgeMonkey,#,"2023-01-01 07:06:40",active
"Vivianne Quigley",ybode@gorczany.com,"Cadbury Gifts Direct",#,"2023-01-01 07:06:40",active
"Elvis Botsford",kmertz@gmail.com,"Beauty Expert UK",#,"2023-01-01 07:06:40",active
"Zelma Schmidt",jharvey@hotmail.com,"Novatech Ltd",#,"2023-01-01 07:06:40",active
"Antoinette Huels",rlubowitz@russel.info,InterRose,#,"2023-01-01 07:06:40",active
"Ward Kub",cale.prohaska@klein.com,Mobiles.co.uk,#,"2023-01-01 07:06:40",active
"Lucinda Quigley",micheal78@nienow.com,"Appliance City",#,"2023-01-01 07:06:40",active
"Korbin Rippin",benton22@heathcote.com,"A Quarter Of...",#,"2023-01-01 07:06:40",active
"Orville Stark",juston.leuschke@gmail.com,"Appliance City",#,"2023-01-01 07:06:40",active
"Price Harvey",elmer72@toy.com,Fragrancedirect,#,"2023-01-01 07:06:40",active
"Elaina Bruen",hoppe.retta@bayer.net,"Pharmacy2U Online Doctor",#,"2023-01-01 07:06:40",active
"Crawford Berge",alva25@bayer.com,"Novatech Ltd",#,"2023-01-01 07:06:40",active
"Corene Sawayn",kathlyn.kuvalis@hotmail.com,"Cadbury Gifts Direct",#,"2023-01-01 07:06:40",active
"Dominic Walter",telly75@gmail.com,"Advanced MP3 Players",#,"2023-01-01 07:06:40",active
"Christophe D'Amore",oral.treutel@hill.com,"A Quarter Of...",#,"2023-01-01 07:06:40",active
"Leta Kozey",betsy54@gmail.com,"Mankind UK",#,"2023-01-01 07:06:40",active
"Leola Luettgen",scot83@yahoo.com,"Cadbury Gifts Direct",#,"2023-01-01 07:06:40",active
"Lea Grimes",pfeffer.ebony@stanton.com,"Darlings of Chelsea",#,"2023-01-01 07:06:40",active
"Paula Schimmel",qzulauf@schuppe.biz,"Toffs Ltd",#,"2023-01-01 07:06:40",active
"Savannah Nitzsche",berenice.leannon@gmail.com,"Toffs Ltd",#,"2023-01-01 07:06:40",active
"Adah Bayer",lois75@hotmail.com,"Vintage Wine Gifts",#,"2023-01-01 07:06:40",active
"Ramon VonRueden",alessia.koss@lehner.com,Names.co.uk,#,"2023-01-01 07:06:40",active
"Erich Hickle",reffertz@tromp.com,Awin,#,"2023-01-01 07:06:40",active
"Merl Gaylord",lilian27@mcglynn.com,"Vintage Wine Gifts",#,"2023-01-01 07:06:40",active
"Oscar Schmeler",kristina21@yahoo.com,"Bed Star Ltd",#,"2023-01-01 07:06:40",active
"Marianne Murphy",christian42@parker.com,"Toffs Ltd",#,"2023-01-01 07:06:40",active
"Aurelia Friesen",courtney37@hotmail.com,"A Quarter Of...",#,"2023-01-01 07:06:40",active
"Retta Wunsch",bstiedemann@tillman.org,Fragrancedirect,#,"2023-01-01 07:06:40",active
"Lucile Russel",ujakubowski@yahoo.com,"Pharmacy2U Online Doctor",#,"2023-01-01 07:06:40",active
"Kaylee Lowe",mariano67@hotmail.com,"Darlings of Chelsea",#,"2023-01-01 07:06:40",active
"Beatrice Schmeler",braun.turner@schumm.com,Create,#,"2023-01-01 07:06:40",active
"Annetta Senger",velma.gottlieb@gmail.com,"Pharmacy2U Online Doctor",#,"2023-01-01 07:06:40",active
"Niko Ebert",wsanford@yahoo.com,"Dorothy Perkins UK",#,"2023-01-01 07:06:40",active
"Russ Kuhlman",rhahn@hotmail.com,"Pharmacy2U Online Doctor",#,"2023-01-01 07:06:40",active
"Carter Hahn",felipe.corwin@hotmail.com,"Song Galaxy",#,"2023-01-01 07:06:40",active
"Helmer Blick",jenkins.edd@kessler.com,Create,#,"2023-01-01 07:06:40",active
"Bret Hoppe",jacklyn97@maggio.com,"TV Cables",#,"2023-01-01 07:06:40",active
"Tommie Kuvalis",kaylah21@koch.com,"Vision Direct UK",#,"2023-01-01 07:06:40",active
"Giovanna Cummings",hill.myrtis@wunsch.net,"Ink Factory",#,"2023-01-01 07:06:40",active
"Haven Kuphal",flynch@yahoo.com,"Beauty Expert UK",#,"2023-01-01 07:06:40",active
"Dell Feest",hyatt.jayce@marvin.com,Bunches.co.uk,#,"2023-01-01 07:06:40",active
"Zaria Kautzer",marianne36@paucek.net,"Darlings of Chelsea",#,"2023-01-01 07:06:40",active
"Mitchell Beer",coralie.walker@hotmail.com,"Novatech Ltd",#,"2023-01-01 07:06:40",active
"Corene Sawayn",kathlyn.kuvalis@hotmail.com,"Scottsdale Golf",#,"2023-01-01 07:06:40",active
"Ramon VonRueden",alessia.koss@lehner.com,Names.co.uk,#,"2023-01-01 07:06:40",active
"Lisa Turner",damon.lemke@hotmail.com,Mobiles.co.uk,#,"2023-01-01 07:06:40",active
"Meggie Bartoletti",hammes.elenor@yahoo.com,"Pharmacy2U Online Doctor",#,"2023-01-01 07:06:40",active
"Cara Corwin",florine.toy@leuschke.com,Mobiles.co.uk,#,"2023-01-01 07:06:40",active
"Dorris Deckow",devon71@yahoo.com,"Burton UK",#,"2023-01-01 07:06:40",active
"Angelica Gerhold",omoore@labadie.com,"Cadbury Gifts Direct",#,"2023-01-01 07:06:40",active
"Violette Goodwin",cora.haley@gmail.com,"Fitness Options",#,"2023-01-01 07:06:40",active
"Savannah Davis",kgoldner@wyman.net,"Vision Direct UK",#,"2023-01-01 07:06:40",active
"Donnie Shields",glover.jazmyn@hill.biz,Awin,#,"2023-01-01 07:06:40",active
"Claudie Wilderman",horace19@gmail.com,"Beauty Expert UK",#,"2023-01-01 07:06:40",active
"Ofelia Schuppe",oswaldo29@hotmail.com,"Beauty Expert UK",#,"2023-01-01 07:06:40",active
"Garnett Roberts",marisa39@yahoo.com,"Toffs Ltd",#,"2023-01-01 07:06:40",active
"Bailee O'Reilly",gschamberger@brown.com,"Cadbury Gifts Direct",#,"2023-01-01 07:06:40",active
"Mackenzie Koss",mcglynn.haley@krajcik.com,"TV Cables",#,"2023-01-01 07:06:40",active
"Marjorie Schulist",thompson.garrick@hotmail.com,"Burton UK",#,"2023-01-01 07:06:40",active
"Everardo Hagenes",madie47@hotmail.com,"TV Cables",#,"2023-01-01 07:06:40",active
"Roberta Stracke",petra51@yahoo.com,Create,#,"2023-01-01 07:06:40",active
"Percy Armstrong",dmclaughlin@oberbrunner.biz,Mobiles.co.uk,#,"2023-01-01 07:06:40",active
"Celestino Cormier",rogahn.otha@nitzsche.biz,"Darlings of Chelsea",#,"2023-01-01 07:06:40",active
"Branson Funk",kyle.zulauf@gmail.com,"Song Galaxy",#,"2023-01-01 07:06:40",active
"Guadalupe Feil",ugoodwin@cartwright.org,"Toffs Ltd",#,"2023-01-01 07:06:40",active
"Wava Hilpert",willms.lucio@swaniawski.com,CartridgeMonkey,#,"2023-01-01 07:06:40",active
"Ardella O'Reilly",qkreiger@yahoo.com,"Cadbury Gifts Direct",#,"2023-01-01 07:06:40",active
"Rickey Gusikowski",selena.roberts@walsh.org,"Vision Direct UK",#,"2023-01-01 07:06:40",active
"Carrie Greenfelder",marilie75@gmail.com,CartridgeMonkey,#,"2023-01-01 07:06:40",active
"Kip Fay",hugh.marks@gmail.com,"Burton UK",#,"2023-01-01 07:06:40",active
"Iliana Schmeler",qblock@huel.com,Buyagift.co.uk,#,"2023-01-01 07:06:40",active
"Vernon Maggio",andres.conn@mertz.net,"Vision Direct UK",#,"2023-01-01 07:06:40",active
"Ben Williamson",emilio.raynor@klocko.com,Buyagift.co.uk,#,"2023-01-01 07:06:40",active
"Sherwood DuBuque",emraz@huels.com,"Vintage Wine Gifts",#,"2023-01-01 07:06:40",active
"Edythe Swaniawski",stark.noelia@yahoo.com,"Dorothy Perkins UK",#,"2023-01-01 07:06:40",active
"Dayna Watsica",ahodkiewicz@yahoo.com,Awin,#,"2023-01-01 07:06:40",active
"Maye Bayer",alexanne.heidenreich@gmail.com,Awin,#,"2023-01-01 07:06:40",active
"Joey Batz",aliya18@schimmel.org,"Novatech Ltd",#,"2023-01-01 07:06:40",active
"Cara Pagac",dennis.kertzmann@gmail.com,Names.co.uk,#,"2023-01-01 07:06:40",active
"Zoila Dooley",toni.russel@smith.com,"Serenata Flowers",#,"2023-01-01 07:06:40",active
"Ole Mraz",reynolds.ramona@bednar.com,Awin,#,"2023-01-01 07:06:40",active
"Emmy Kozey",kemmer.muriel@price.com,"Advanced MP3 Players",#,"2023-01-01 07:06:40",active
"Emmanuelle Jaskolski",austen41@gmail.com,"Beauty Expert UK",#,"2023-01-01 07:06:40",active
"Coy Swaniawski",quitzon.wava@hotmail.com,"Darlings of Chelsea",#,"2023-01-01 07:06:40",active
"Trenton Ratke",elliot41@ward.net,"Advanced MP3 Players",#,"2023-01-01 07:06:40",active
"Filomena Bernier",jessy.macejkovic@osinski.com,"Ink Factory",#,"2023-01-01 07:06:40",active
"Dolores Reichert",braxton.gleason@yahoo.com,Create,#,"2023-01-01 07:06:40",active
"Jules Huel",von.laurianne@metz.org,"Mankind UK",#,"2023-01-01 07:06:40",active
"Madyson Eichmann",crunolfsson@mckenzie.org,"Serenata Flowers",#,"2023-01-01 07:06:40",active
"Zoie Jacobs",rath.emil@gmail.com,"TV Cables",#,"2023-01-01 07:06:40",active
"Brando Rodriguez",hlynch@gmail.com,e2save,#,"2023-01-01 07:06:40",active
"Sasha Nader",bailey89@schaden.com,InterRose,#,"2023-01-01 07:06:40",active
"Abdul Schaden",ibailey@gmail.com,Buyagift.co.uk,#,"2023-01-01 07:06:40",active
"Kelley O'Keefe",kessler.osvaldo@schultz.org,"Appliance City",#,"2023-01-01 07:06:40",active
"Tania Little",gkrajcik@hotmail.com,"Novatech Ltd",#,"2023-01-01 07:06:40",active
"Hiram Stark",romaine.gorczany@hotmail.com,TheDrinkShop,#,"2023-01-01 07:06:40",active
"Brandi Crona",elisha.blick@kemmer.com,"Vision Direct UK",#,"2023-01-01 07:06:40",active
"Bella Gulgowski",dewayne.leuschke@goldner.com,Post-a-Rose,#,"2023-01-01 07:06:40",active
"Michale Jenkins",rjohnston@wilkinson.info,"The Safe Shop",#,"2023-01-01 07:06:40",active
"Larissa Considine",bobby54@schneider.biz,TheDrinkShop,#,"2023-01-01 07:06:40",active
"Donnie Shields",glover.jazmyn@hill.biz,Awin,#,"2023-01-01 07:06:40",active
"Cathy Beier",ofelia.kessler@ryan.com,"B & Q",#,"2023-01-01 07:06:40",active
"Elvie Hamill",rosemary69@yahoo.com,"Savile Row Company Ltd",#,"2023-01-01 07:06:40",active
"Baylee Swift",yazmin85@konopelski.com,Buyagift.co.uk,#,"2023-01-01 07:06:40",active
"Manuel Gutkowski",sally98@gmail.com,"Dorothy Perkins UK",#,"2023-01-01 07:06:40",active
"Aletha Hayes",lambert.gottlieb@hotmail.com,InterRose,#,"2023-01-01 07:06:40",active
"Bernardo Lowe",caleb.crona@yahoo.com,"Chocolate Trading Company",#,"2023-01-01 07:06:40",active
"Keshaun Konopelski",eladio48@ziemann.info,Fragrancedirect,#,"2023-01-01 07:06:40",active
"Cathy Beier",ofelia.kessler@ryan.com,"Vintage Wine Gifts",#,"2023-01-01 07:06:40",active
"Janie Kutch",shanahan.verona@gmail.com,"Scottsdale Golf",#,"2023-01-01 07:06:40",active
"Lucinda Quigley",micheal78@nienow.com,InterRose,#,"2023-01-01 07:06:40",active
"Brando Rodriguez",hlynch@gmail.com,"Song Galaxy",#,"2023-01-01 07:06:40",active
"Beverly Auer",rutherford.arvid@yahoo.com,Prezzybox,#,"2023-01-01 07:06:40",active
"Royce Gutmann",rosalia90@yahoo.com,"TV Cables",#,"2023-01-01 07:06:40",active
"Mabel Quitzon",zpfannerstill@gmail.com,"Mankind UK",#,"2023-01-01 07:06:40",active
"Beverly Auer",rutherford.arvid@yahoo.com,"Appliance City",#,"2023-01-01 07:06:40",active
"Verlie McLaughlin",barrows.mandy@hauck.com,"Advanced MP3 Players",#,"2023-01-01 07:06:40",active
"Kimberly Leannon",hudson.raquel@yahoo.com,"Mankind UK",#,"2023-01-01 07:06:40",active
"Julia Wiza",watsica.anastasia@kunde.com,"B & Q",#,"2023-01-01 07:06:40",active
"Nellie Predovic",madilyn08@ondricka.org,"Appliance City",#,"2023-01-01 07:06:40",active
"Carlos Kshlerin",npredovic@gmail.com,"Appliance City",#,"2023-01-01 07:06:40",active
"Carlos Hudson",lola.beatty@hotmail.com,Prezzybox,#,"2023-01-01 07:06:40",active
"Trenton Ratke",elliot41@ward.net,"Bed Star Ltd",#,"2023-01-01 07:06:40",active
"Marquise Crist",xwolff@hotmail.com,"Darlings of Chelsea",#,"2023-01-01 07:06:40",active
"Florine Mertz",zlangosh@sawayn.biz,"Tooled Up",#,"2023-01-01 07:06:40",active
"Herta Skiles",mafalda94@oconner.net,"Pharmacy2U Online Doctor",#,"2023-01-01 07:06:40",active
"Amaya Prosacco",lewis25@gmail.com,"Advanced MP3 Players",#,"2023-01-01 07:06:40",active
"Mohammad Gaylord",betty.senger@yahoo.com,Names.co.uk,#,"2023-01-01 07:06:40",active
"Lauriane Lesch",genevieve48@rippin.net,"Toffs Ltd",#,"2023-01-01 07:06:40",active
"Nelle Wehner",haley.viva@beier.com,"Beauty Expert UK",#,"2023-01-01 07:06:40",active
"Violet Smith",maeve12@hotmail.com,CartridgeMonkey,#,"2023-01-01 07:06:40",active
"Lucinda Quigley",micheal78@nienow.com,"Vintage Wine Gifts",#,"2023-01-01 07:06:40",active
"Sage Schoen",hills.douglas@gmail.com,"Vintage Wine Gifts",#,"2023-01-01 07:06:40",active
"Carole Jast",tlowe@yahoo.com,Awin,#,"2023-01-01 07:06:40",active
"Marshall Reynolds",bernier.isidro@gmail.com,"Cast In Style",#,"2023-01-01 07:06:40",active
"Tania Little",gkrajcik@hotmail.com,"Vintage Wine Gifts",#,"2023-01-01 07:06:40",active
"Theodora Klocko",crawford.schowalter@hotmail.com,"Bed Star Ltd",#,"2023-01-01 07:06:40",active
"Antone Cartwright",roberts.sandy@fisher.com,Post-a-Rose,#,"2023-01-01 07:06:40",active
"Rodger Bayer",orpha.koepp@gmail.com,"Song Galaxy",#,"2023-01-01 07:06:40",active
"Moises Johnston",halie82@yahoo.com,"Song Galaxy",#,"2023-01-01 07:06:40",active
"Georgianna Bernier",jude.terry@hotmail.com,e2save,#,"2023-01-01 07:06:40",active
"Irving Leannon",christopher81@yahoo.com,"Ink Factory",#,"2023-01-01 07:06:40",active
"Harrison Murphy",rrath@hotmail.com,"Cadbury Gifts Direct",#,"2023-01-01 07:06:40",active
"Jadyn Prosacco",esperanza94@yahoo.com,Names.co.uk,#,"2023-01-01 07:06:40",active
"Rodger Bayer",orpha.koepp@gmail.com,"Fitness Options",#,"2023-01-01 07:06:40",active
"Lori Runte",wolf.jay@yahoo.com,"Vintage Wine Gifts",#,"2023-01-01 07:06:40",active
"Ryder Toy",elinore35@hotmail.com,CartridgeMonkey,#,"2023-01-01 07:06:40",active
"Vida Nikolaus",ashlynn.padberg@yahoo.com,Fragrancedirect,#,"2023-01-01 07:06:40",active
"Aletha Hayes",lambert.gottlieb@hotmail.com,Fragrancedirect,#,"2023-01-01 07:06:40",active
"Arne Bins",beier.ayla@hotmail.com,"Vintage Wine Gifts",#,"2023-01-01 07:06:40",active
"Kimberly Leannon",hudson.raquel@yahoo.com,"Novatech Ltd",#,"2023-01-01 07:06:40",active
"Tamia Denesik",vmetz@mertz.com,"Toffs Ltd",#,"2023-01-01 07:06:40",active
"Omari Hammes",qhudson@yahoo.com,TheDrinkShop,#,"2023-01-01 07:06:40",active
"Brielle Durgan",macie52@weissnat.com,"Cadbury Gifts Direct",#,"2023-01-01 07:06:40",active
"Sasha Lehner",runte.katelin@gmail.com,"Tooled Up",#,"2023-01-01 07:06:40",active
"Arne Carter",lucas54@hotmail.com,"Mankind UK",#,"2023-01-01 07:06:40",active
"Deven Treutel",kconroy@gmail.com,InterRose,#,"2023-01-01 07:06:40",active
"Concepcion Bartoletti",ybayer@white.com,"Advanced MP3 Players",#,"2023-01-01 07:06:40",active
"Ettie Runte",dahlia.funk@metz.com,"Burton UK",#,"2023-01-01 07:06:40",active
"Floy Heidenreich",mariah.hagenes@hotmail.com,"TV Cables",#,"2023-01-01 07:06:40",active
"Jayme Schmidt",ondricka.cydney@cormier.com,"Ink Factory",#,"2023-01-01 07:06:40",active
"Earline Upton",manley93@hotmail.com,"Song Galaxy",#,"2023-01-01 07:06:40",active
"Maynard Rohan",dicki.kamille@yahoo.com,Fragrancedirect,#,"2023-01-01 07:06:40",active
"Luz Goodwin",dominique45@yahoo.com,Awin,#,"2023-01-01 07:06:40",active
"Leslie Thompson",willms.muhammad@yahoo.com,"Tooled Up",#,"2023-01-01 07:06:40",active
"Sonya Tremblay",marty14@yahoo.com,"Tooled Up",#,"2023-01-01 07:06:40",active
"Rickey Gusikowski",selena.roberts@walsh.org,"Vision Direct UK",#,"2023-01-01 07:06:40",active
"Camylle Heathcote",cpaucek@braun.org,"B & Q",#,"2023-01-01 07:06:40",active
"Burdette Gutmann",ylakin@hotmail.com,TheDrinkShop,#,"2023-01-01 07:06:40",active
"Sheldon Sawayn",barney07@mohr.com,"Bed Star Ltd",#,"2023-01-01 07:06:40",active
"Efren Jakubowski",bruce.macejkovic@hotmail.com,Buyagift.co.uk,#,"2023-01-01 07:06:40",active
"Alfreda Wiza",terrell35@hotmail.com,"Chocolate Trading Company",#,"2023-01-01 07:06:40",active
"Aletha Hayes",lambert.gottlieb@hotmail.com,"Vision Direct UK",#,"2023-01-01 07:06:40",active
"Mallory Gibson",ckeebler@miller.com,InterRose,#,"2023-01-01 07:06:40",active
"Vicenta Robel",ukozey@yahoo.com,"Appliance City",#,"2023-01-01 07:06:40",active
"Arvel Feil",derrick15@abbott.com,"Scottsdale Golf",#,"2023-01-01 07:06:40",active
"Leslie Thompson",willms.muhammad@yahoo.com,Prezzybox,#,"2023-01-01 07:06:40",active
"Mackenzie Koss",mcglynn.haley@krajcik.com,Names.co.uk,#,"2023-01-01 07:06:40",active
"Kane Nikolaus",brianne.simonis@grady.com,Fragrancedirect,#,"2023-01-01 07:06:40",active
"Amanda Lubowitz",marques.yundt@homenick.com,"B & Q",#,"2023-01-01 07:06:40",active
"Paolo Wehner",alec64@mills.info,Prezzybox,#,"2023-01-01 07:06:40",active
"Fannie Adams",stella01@wiza.net,"Burton UK",#,"2023-01-01 07:06:40",active
"Bertha Ullrich",haven.rice@hotmail.com,"Mankind UK",#,"2023-01-01 07:06:40",active
"Hillard Miller",emma.swaniawski@yahoo.com,e2save,#,"2023-01-01 07:06:40",active
"Ole Mraz",reynolds.ramona@bednar.com,"Scottsdale Golf",#,"2023-01-01 07:06:40",active
"Selmer Von",johnston.damien@spencer.info,"Song Galaxy",#,"2023-01-01 07:06:40",active
"Kelley Bernier",casimir.cummings@mccullough.com,"Darlings of Chelsea",#,"2023-01-01 07:06:40",active
"Bruce Gaylord",zoconner@spinka.com,"Savile Row Company Ltd",#,"2023-01-01 07:06:40",active
"Vince Heathcote",olson.regan@gmail.com,Create,#,"2023-01-01 07:06:40",active
"Lucinda Quigley",micheal78@nienow.com,InterRose,#,"2023-01-01 07:06:40",active
"Tony Kulas",aschimmel@yahoo.com,e2save,#,"2023-01-01 07:06:40",active
"Adonis Satterfield",bbreitenberg@hotmail.com,"Chocolate Trading Company",#,"2023-01-01 07:06:40",active
"Dameon Sipes",chahn@hudson.com,Fragrancedirect,#,"2023-01-01 07:06:40",active
"Michelle Klein",elaina.quitzon@wunsch.biz,"Appliance City",#,"2023-01-01 07:06:40",active
"Tre Mills",vhuels@yahoo.com,"Song Galaxy",#,"2023-01-01 07:06:40",active
"Kaylee Lowe",mariano67@hotmail.com,"Cast In Style",#,"2023-01-01 07:06:40",active
"Josie Raynor",kconsidine@hotmail.com,"Cast In Style",#,"2023-01-01 07:06:40",active
"Sonya Tremblay",marty14@yahoo.com,"Cadbury Gifts Direct",#,"2023-01-01 07:06:40",active
"Darrin Bauch",dicki.erin@hotmail.com,"TV Cables",#,"2023-01-01 07:06:40",active
"Anastacio Beahan",enrico.grimes@sauer.com,Awin,#,"2023-01-01 07:06:40",active
"Tania Little",gkrajcik@hotmail.com,"Darlings of Chelsea",#,"2023-01-01 07:06:40",active
"Warren Harris",stokes.trisha@hotmail.com,"Pharmacy2U Online Doctor",#,"2023-01-01 07:06:40",active
"Trenton Ratke",elliot41@ward.net,"Scottsdale Golf",#,"2023-01-01 07:06:40",active
"Jeffery Price",bobbie.quigley@frami.com,"Mankind UK",#,"2023-01-01 07:06:40",active
"Elaina Runolfsdottir",aliyah61@langosh.info,"A Quarter Of...",#,"2023-01-01 07:06:40",active
"Adah Bayer",lois75@hotmail.com,"Fitness Options",#,"2023-01-01 07:06:40",active
"Elroy Gutkowski",koch.avery@gmail.com,"Ink Factory",#,"2023-01-01 07:06:40",active
"Zetta Miller",skulas@yahoo.com,"Chocolate Trading Company",#,"2023-01-01 07:06:40",active
"Giovanna Cummings",hill.myrtis@wunsch.net,Fragrancedirect,#,"2023-01-01 07:06:40",active
"Cathy O'Connell",olson.abraham@yahoo.com,"Dorothy Perkins UK",#,"2023-01-01 07:06:40",active
"Evans Daniel",hrowe@gmail.com,"Cadbury Gifts Direct",#,"2023-01-01 07:06:40",active
"Gloria Dickinson",dpadberg@hotmail.com,"Tooled Up",#,"2023-01-01 07:06:40",active
"Nyasia Hilpert",ebeier@berge.biz,CartridgeMonkey,#,"2023-01-01 07:06:40",active
"Laila Schumm",ykuhic@konopelski.com,"Scottsdale Golf",#,"2023-01-01 07:06:40",active
"Sasha Nader",bailey89@schaden.com,Post-a-Rose,#,"2023-01-01 07:06:40",active
"Nigel Schultz",simonis.princess@smith.com,"Appliance City",#,"2023-01-01 07:06:40",active
"Amara Kiehn",audra22@gmail.com,"B & Q",#,"2023-01-01 07:06:40",active
"Zora King",bbergstrom@yahoo.com,"Mankind UK",#,"2023-01-01 07:06:40",active
"Lolita Schuppe",hshanahan@bins.com,"Vision Direct UK",#,"2023-01-01 07:06:40",active
"Noe Hodkiewicz",clint.stiedemann@hotmail.com,Post-a-Rose,#,"2023-01-01 07:06:40",active
"Jacques White",vveum@price.com,Prezzybox,#,"2023-01-01 07:06:40",active
"Brianne Lueilwitz",lynn.bins@yahoo.com,"Scottsdale Golf",#,"2023-01-01 07:06:40",active
"Vernon Maggio",andres.conn@mertz.net,"Burton UK",#,"2023-01-01 07:06:40",active
"Jeromy Baumbach",morissette.anibal@hotmail.com,"Beauty Expert UK",#,"2023-01-01 07:06:40",active
"Josefina Bernhard",estella33@gmail.com,"Appliance City",#,"2023-01-01 07:06:40",active
"Cathrine Gottlieb",bmoore@kohler.com,"Appliance City",#,"2023-01-01 07:06:40",active
"Charley Friesen",edward.greenfelder@predovic.com,Buyagift.co.uk,#,"2023-01-01 07:06:40",active
"Mollie Satterfield",sfarrell@keeling.net,e2save,#,"2023-01-01 07:06:40",active
"Reese Bahringer",hmurazik@gmail.com,"Ink Factory",#,"2023-01-01 07:06:40",active
"Emmanuelle Jaskolski",austen41@gmail.com,e2save,#,"2023-01-01 07:06:40",active
"Ayana Krajcik",nbahringer@kuvalis.com,"Dorothy Perkins UK",#,"2023-01-01 07:06:40",active
"Edwina Bayer",oschaefer@block.com,Post-a-Rose,#,"2023-01-01 07:06:40",active
"Yesenia Schultz",alvah.daniel@gmail.com,"Vision Direct UK",#,"2023-01-01 07:06:40",active
"Everardo Hagenes",madie47@hotmail.com,"Tooled Up",#,"2023-01-01 07:06:40",active
"Keeley Ullrich",jast.isai@pagac.org,"Novatech Ltd",#,"2023-01-01 07:06:40",active
"Victor Nolan",zoie.reilly@gmail.com,"Ink Factory",#,"2023-01-01 07:06:40",active
"Coy Swaniawski",quitzon.wava@hotmail.com,Bunches.co.uk,#,"2023-01-01 07:06:40",active
"Bella Gulgowski",dewayne.leuschke@goldner.com,"TV Cables",#,"2023-01-01 07:06:40",active
"Valentine O'Reilly",pwitting@mckenzie.com,"A Quarter Of...",#,"2023-01-01 07:06:40",active
"Brielle Durgan",macie52@weissnat.com,TheDrinkShop,#,"2023-01-01 07:06:40",active
"Bruce Gaylord",zoconner@spinka.com,"Scottsdale Golf",#,"2023-01-01 07:06:40",active
"Lukas Kuhn",rosalee.feil@yahoo.com,"The Safe Shop",#,"2023-01-01 07:06:39",active
"Lauriane Haag",wdamore@ruecker.org,"Scottsdale Golf",#,"2023-01-01 07:06:39",active
"Greta Swift",misael.kozey@gmail.com,e2save,#,"2023-01-01 07:06:39",active
"Carleton Fahey",megane46@predovic.info,Awin,#,"2023-01-01 07:06:39",active
"Araceli Gutkowski",skiles.brenna@wiza.info,"Serenata Flowers",#,"2023-01-01 07:06:39",active
"Celine Nitzsche",candida18@leuschke.net,Prezzybox,#,"2023-01-01 07:06:39",active
"Ottilie Nicolas",plehner@streich.net,"Appliance City",#,"2023-01-01 07:06:39",active
"Dawson Smith",baby68@hotmail.com,InterRose,#,"2023-01-01 07:06:39",active
"Cristina Wiegand",marcus.murray@hotmail.com,"Tooled Up",#,"2023-01-01 07:06:39",active
"Leanne Hills",delta.bins@cruickshank.biz,"Chocolate Trading Company",#,"2023-01-01 07:06:39",active
"Rhett Kshlerin",mckenzie.junior@bechtelar.net,"Burton UK",#,"2023-01-01 07:06:39",active
"Savannah Nitzsche",berenice.leannon@gmail.com,Buyagift.co.uk,#,"2023-01-01 07:06:39",active
"Reggie Berge",eusebio.trantow@yahoo.com,InterRose,#,"2023-01-01 07:06:39",active
"Amari Flatley",sjenkins@hegmann.com,Post-a-Rose,#,"2023-01-01 07:06:39",active
"Marshall Reynolds",bernier.isidro@gmail.com,"Vintage Wine Gifts",#,"2023-01-01 07:06:39",active
"Stone Hayes",megane.tromp@yahoo.com,"Darlings of Chelsea",#,"2023-01-01 07:06:39",active
"Elliot Bernier",omills@ankunding.com,InterRose,#,"2023-01-01 07:06:39",active
"Lempi Schroeder",gottlieb.liliana@wiegand.org,Names.co.uk,#,"2023-01-01 07:06:39",active
"Myrtle Roberts",trudie89@crooks.com,Mobiles.co.uk,#,"2023-01-01 07:06:39",active
"Dawn Stracke",ezra63@kessler.net,Names.co.uk,#,"2023-01-01 07:06:39",active
"Cassidy Frami",gnitzsche@hotmail.com,"Toffs Ltd",#,"2023-01-01 07:06:39",active
"General Daugherty",mateo05@klocko.com,"Advanced MP3 Players",#,"2023-01-01 07:06:39",active
"Ceasar Collier",rebekah.upton@gmail.com,"Serenata Flowers",#,"2023-01-01 07:06:39",active
"Reggie Berge",eusebio.trantow@yahoo.com,"Darlings of Chelsea",#,"2023-01-01 07:06:39",active
"Albin Treutel",wnikolaus@hotmail.com,InterRose,#,"2023-01-01 07:06:39",active
"Alisa Huels",stanton.kaitlyn@yahoo.com,"B & Q",#,"2023-01-01 07:06:39",active
"Glennie Stanton",kayley19@hotmail.com,Fragrancedirect,#,"2023-01-01 07:06:39",active
"Syble Legros",domenick51@lebsack.net,"The Safe Shop",#,"2023-01-01 07:06:39",active
"Christian Moen",onienow@gibson.net,"Chocolate Trading Company",#,"2023-01-01 07:06:39",active
"Erich Hickle",reffertz@tromp.com,Names.co.uk,#,"2023-01-01 07:06:39",active
"Aleen Kassulke",leuschke.cleo@veum.org,"Mankind UK",#,"2023-01-01 07:06:39",active
"Gus Mraz",heather70@mcdermott.net,Create,#,"2023-01-01 07:06:39",active
"Burdette Gutmann",ylakin@hotmail.com,CartridgeMonkey,#,"2023-01-01 07:06:39",active
"Gaston Nikolaus",jnienow@blanda.info,InterRose,#,"2023-01-01 07:06:39",active
"Maryse Koelpin",arne.ebert@orn.com,"Savile Row Company Ltd",#,"2023-01-01 07:06:39",active
"Garnett Roberts",marisa39@yahoo.com,"A Quarter Of...",#,"2023-01-01 07:06:39",active
"Demarcus Krajcik",buster85@hotmail.com,"Vintage Wine Gifts",#,"2023-01-01 07:06:39",active
"Dalton Lebsack",kilback.sandy@hotmail.com,"Advanced MP3 Players",#,"2023-01-01 07:06:39",active
"Madelynn Pouros",lreinger@gmail.com,"Advanced MP3 Players",#,"2023-01-01 07:06:39",active
"Paxton Kuhlman",zbogan@gmail.com,"Burton UK",#,"2023-01-01 07:06:39",active
"Addie Mitchell",tatyana01@hotmail.com,"Scottsdale Golf",#,"2023-01-01 07:06:39",active
"Cara Pagac",dennis.kertzmann@gmail.com,"Bed Star Ltd",#,"2023-01-01 07:06:39",active
"Else Cormier",egusikowski@bechtelar.biz,Bunches.co.uk,#,"2023-01-01 07:06:39",active
"Wilson Streich",vtorphy@kassulke.com,"Serenata Flowers",#,"2023-01-01 07:06:39",active
"Reva Yost",chelsey.schinner@metz.com,"Tooled Up",#,"2023-01-01 07:06:39",active
"Shany Larson",iconnelly@padberg.com,"TV Cables",#,"2023-01-01 07:06:39",active
"Barbara Goyette",franecki.anastacio@hotmail.com,"TV Cables",#,"2023-01-01 07:06:39",active
"Iliana Schmeler",qblock@huel.com,"Advanced MP3 Players",#,"2023-01-01 07:06:39",active
"Jammie Legros",antoinette.daugherty@hotmail.com,Post-a-Rose,#,"2023-01-01 07:06:39",active
"Stone King",pokon@dach.com,"Song Galaxy",#,"2023-01-01 07:06:39",active
"Raheem Schimmel",eliseo86@stokes.com,Names.co.uk,#,"2023-01-01 07:06:39",active
"Maryam Mitchell",waldo.mcglynn@wolf.com,"Savile Row Company Ltd",#,"2023-01-01 07:06:39",active
"Amanda Armstrong",klein.ron@hotmail.com,"TV Cables",#,"2023-01-01 07:06:39",active
"Wava Moore",waters.teagan@yahoo.com,"B & Q",#,"2023-01-01 07:06:39",active
"Efren Zboncak",gunnar84@yahoo.com,"B & Q",#,"2023-01-01 07:06:39",active
"Bernie Carroll",nicole60@gmail.com,"Ink Factory",#,"2023-01-01 07:06:39",active
"Brody Romaguera",rklocko@schowalter.net,"Novatech Ltd",#,"2023-01-01 07:06:39",active
"Ludie Murphy",parker.domenick@sipes.org,e2save,#,"2023-01-01 07:06:39",active
"Ron Wilderman",angus.durgan@bruen.com,"B & Q",#,"2023-01-01 07:06:39",active
"Verlie McLaughlin",barrows.mandy@hauck.com,"Toffs Ltd",#,"2023-01-01 07:06:39",active
"Queen Vandervort",corkery.rosanna@conn.net,"Dorothy Perkins UK",#,"2023-01-01 07:06:39",active
"Nelson Mitchell",hammes.christina@hotmail.com,"Pharmacy2U Online Doctor",#,"2023-01-01 07:06:39",active
"Eunice Adams",heidenreich.alexa@gmail.com,Awin,#,"2023-01-01 07:06:39",active
"Rosie Lockman",aileen.gislason@hotmail.com,"Novatech Ltd",#,"2023-01-01 07:06:39",active
"Leonor Haag",jaquelin.reilly@gmail.com,Prezzybox,#,"2023-01-01 07:06:39",active
"Dell Feest",hyatt.jayce@marvin.com,"Mankind UK",#,"2023-01-01 07:06:39",active
"Ibrahim Raynor",price.olson@connelly.net,TheDrinkShop,#,"2023-01-01 07:06:39",active
"Joy Flatley",gusikowski.leland@boyer.com,"Beauty Expert UK",#,"2023-01-01 07:06:39",active
"Adah Bayer",lois75@hotmail.com,"Beauty Expert UK",#,"2023-01-01 07:06:39",active
"Mireille Labadie",gabe.macejkovic@yahoo.com,Buyagift.co.uk,#,"2023-01-01 07:06:39",active
"Donavon Connelly",rosemary.towne@yahoo.com,"A Quarter Of...",#,"2023-01-01 07:06:39",active
"Holly Smitham",aiyana94@hotmail.com,"Advanced MP3 Players",#,"2023-01-01 07:06:39",active
"Coby Johns",sydnie13@emmerich.com,Names.co.uk,#,"2023-01-01 07:06:39",active
"Lucy Lueilwitz",zthiel@yahoo.com,"Chocolate Trading Company",#,"2023-01-01 07:06:39",active
"Hershel Howe",freeman16@anderson.com,Buyagift.co.uk,#,"2023-01-01 07:06:39",active
"Estrella Hane",pkrajcik@barton.com,"Scottsdale Golf",#,"2023-01-01 07:06:39",active
"Lauriane Haag",wdamore@ruecker.org,InterRose,#,"2023-01-01 07:06:39",active
"Meggie Bartoletti",hammes.elenor@yahoo.com,"Vintage Wine Gifts",#,"2023-01-01 07:06:39",active
"Hope Lind",little.hope@yahoo.com,"Burton UK",#,"2023-01-01 07:06:39",active
"Zaria Reynolds",vivienne17@yahoo.com,Awin,#,"2023-01-01 07:06:39",active
"Beaulah Reilly",cale17@spencer.com,"Appliance City",#,"2023-01-01 07:06:39",active
"Velda Marks",jaylon69@becker.com,TheDrinkShop,#,"2023-01-01 07:06:39",active
"Demarco Denesik",feil.lucie@dickinson.com,Bunches.co.uk,#,"2023-01-01 07:06:39",active
"Jeanette Hammes",rheller@rosenbaum.biz,"Vintage Wine Gifts",#,"2023-01-01 07:06:39",active
"Alycia Walter",kody.bode@hotmail.com,Names.co.uk,#,"2023-01-01 07:06:39",active
"Warren Upton",volkman.giovanny@abernathy.com,Buyagift.co.uk,#,"2023-01-01 07:06:39",active
"Israel Sanford",sallie41@gmail.com,Fragrancedirect,#,"2023-01-01 07:06:39",active
"Elaina Runolfsdottir",aliyah61@langosh.info,Mobiles.co.uk,#,"2023-01-01 07:06:39",active
"Evans Daniel",hrowe@gmail.com,"Vision Direct UK",#,"2023-01-01 07:06:39",active
"Letitia Ratke",lbatz@gmail.com,Mobiles.co.uk,#,"2023-01-01 07:06:39",active
"Robb Dooley",volkman.jayson@renner.biz,Awin,#,"2023-01-01 07:06:39",active
"Elroy Gutkowski",koch.avery@gmail.com,"Appliance City",#,"2023-01-01 07:06:39",active
"Gavin Batz",fbalistreri@gmail.com,e2save,#,"2023-01-01 07:06:39",active
"Maynard Dickinson",kareem.brekke@wolff.org,"Chocolate Trading Company",#,"2023-01-01 07:06:39",active
"Florence Daugherty",feest.mckenzie@hotmail.com,"Beauty Expert UK",#,"2023-01-01 07:06:39",active
"Stephen Aufderhar",johnson.domenico@hotmail.com,Post-a-Rose,#,"2023-01-01 07:06:39",active
"Marianne Murphy",christian42@parker.com,InterRose,#,"2023-01-01 07:06:39",active
"Jakayla Heathcote",fthompson@heathcote.com,"Tooled Up",#,"2023-01-01 07:06:39",active
"Shania Weimann",alexandria.schinner@farrell.info,"Toffs Ltd",#,"2023-01-01 07:06:39",active
"Beverly Auer",rutherford.arvid@yahoo.com,InterRose,#,"2023-01-01 07:06:39",active
"Anastacio Beahan",enrico.grimes@sauer.com,Awin,#,"2023-01-01 07:06:39",active
"Verlie Davis",tyreek95@yahoo.com,TheDrinkShop,#,"2023-01-01 07:06:39",active
"Kiera Keeling",xcorwin@fisher.net,"Burton UK",#,"2023-01-01 07:06:39",active
"Letha Armstrong",alden.douglas@hotmail.com,Create,#,"2023-01-01 07:06:39",active
"Vance Waters",dschaden@gmail.com,CartridgeMonkey,#,"2023-01-01 07:06:39",active
"Jammie Legros",antoinette.daugherty@hotmail.com,"Burton UK",#,"2023-01-01 07:06:39",active
"Caroline Bayer",vernie.ritchie@cronin.com,"Mankind UK",#,"2023-01-01 07:06:39",active
"Darrin Glover",norris.rutherford@harris.info,Fragrancedirect,#,"2023-01-01 07:06:39",active
"Stone King",pokon@dach.com,"Cast In Style",#,"2023-01-01 07:06:39",active
"Anastacio Beahan",enrico.grimes@sauer.com,"Ink Factory",#,"2023-01-01 07:06:39",active
"Baylee Purdy",catalina78@hotmail.com,TheDrinkShop,#,"2023-01-01 07:06:39",active
"Marta Kunze",harrison48@hotmail.com,"The Safe Shop",#,"2023-01-01 07:06:39",active
"Zoey O'Connell",klein.jeromy@goodwin.com,"Dorothy Perkins UK",#,"2023-01-01 07:06:39",active
"Julia Wiza",watsica.anastasia@kunde.com,Names.co.uk,#,"2023-01-01 07:06:39",active
"Bruce Gaylord",zoconner@spinka.com,"Mankind UK",#,"2023-01-01 07:06:39",active
"Meggie Gutmann",boris.ullrich@hotmail.com,"Ink Factory",#,"2023-01-01 07:06:39",active
"Stanton Fay",schneider.shayne@jones.com,CartridgeMonkey,#,"2023-01-01 07:06:39",active
"Bridget Senger",claudie.ullrich@yahoo.com,"Chocolate Trading Company",#,"2023-01-01 07:06:39",active
"Kraig Jones",westley38@yahoo.com,Awin,#,"2023-01-01 07:06:39",active
"Crawford Berge",alva25@bayer.com,"Vision Direct UK",#,"2023-01-01 07:06:39",active
"Adolph Russel",arnaldo.gerhold@ruecker.com,Buyagift.co.uk,#,"2023-01-01 07:06:39",active
"Dasia Heathcote",qprice@johnston.biz,Awin,#,"2023-01-01 07:06:39",active
"Lorine Beer",wyman13@hotmail.com,Awin,#,"2023-01-01 07:06:39",active
"Mike Hodkiewicz",lea.conn@gmail.com,"Song Galaxy",#,"2023-01-01 07:06:39",active
"Ernest Bechtelar",njones@dickinson.com,"Pharmacy2U Online Doctor",#,"2023-01-01 07:06:39",active
"Winston Kuhn",pbernhard@hotmail.com,"Savile Row Company Ltd",#,"2023-01-01 07:06:39",active
"Donavon Connelly",rosemary.towne@yahoo.com,"Chocolate Trading Company",#,"2023-01-01 07:06:39",active
"Belle Bosco",ystamm@yahoo.com,"Appliance City",#,"2023-01-01 07:06:39",active
"Frieda Fay",mmraz@bartoletti.org,"Pharmacy2U Online Doctor",#,"2023-01-01 07:06:39",active
"Ofelia Jacobson",blanda.edmund@hotmail.com,"Appliance City",#,"2023-01-01 07:06:39",active
"Savanna Thompson",crystal05@hotmail.com,"B & Q",#,"2023-01-01 07:06:39",active
"Ivah Cremin",bswaniawski@zboncak.com,Mobiles.co.uk,#,"2023-01-01 07:06:39",active
"William Predovic",jbradtke@jacobson.biz,Names.co.uk,#,"2023-01-01 07:06:39",active
"Yasmine Effertz",jakubowski.toby@yahoo.com,"The Safe Shop",#,"2023-01-01 07:06:39",active
"Oliver Johnston",leannon.jaquelin@hotmail.com,"Fitness Options",#,"2023-01-01 07:06:39",active
"Nash Durgan",cloyd.strosin@howell.com,"Serenata Flowers",#,"2023-01-01 07:06:39",active
"Rollin Nitzsche",thalia.krajcik@gmail.com,"Advanced MP3 Players",#,"2023-01-01 07:06:39",active
"Ernest Bechtelar",njones@dickinson.com,Bunches.co.uk,#,"2023-01-01 07:06:39",active
"Clifford Murazik",pschumm@oconner.info,"Mankind UK",#,"2023-01-01 07:06:39",active
"Carleton Rolfson",amya05@gmail.com,"Advanced MP3 Players",#,"2023-01-01 07:06:39",active
"Fredy Trantow",akohler@wisozk.com,Names.co.uk,#,"2023-01-01 07:06:39",active
"Lester Doyle",lowell.kerluke@gmail.com,"Bed Star Ltd",#,"2023-01-01 07:06:39",active
"Tania Little",gkrajcik@hotmail.com,"Darlings of Chelsea",#,"2023-01-01 07:06:39",active
"Jeanette Hammes",rheller@rosenbaum.biz,Create,#,"2023-01-01 07:06:39",active
"Jeromy Baumbach",morissette.anibal@hotmail.com,"Mankind UK",#,"2023-01-01 07:06:39",active
"Vernon Maggio",andres.conn@mertz.net,"Dorothy Perkins UK",#,"2023-01-01 07:06:39",active
"William Predovic",jbradtke@jacobson.biz,Prezzybox,#,"2023-01-01 07:06:39",active
"Arvel Feil",derrick15@abbott.com,"Dorothy Perkins UK",#,"2023-01-01 07:06:39",active
"Violet Smith",maeve12@hotmail.com,Names.co.uk,#,"2023-01-01 07:06:39",active
"Elisabeth Orn",wkutch@ortiz.com,e2save,#,"2023-01-01 07:06:39",active
"Mikel Barrows",lavonne80@hotmail.com,Fragrancedirect,#,"2023-01-01 07:06:39",active
"Fannie Adams",stella01@wiza.net,Prezzybox,#,"2023-01-01 07:06:39",active
"Jon Von",zmccullough@gmail.com,"Novatech Ltd",#,"2023-01-01 07:06:39",active
"Ward Kub",cale.prohaska@klein.com,"Chocolate Trading Company",#,"2023-01-01 07:06:39",active
"Kaleigh Raynor",boyer.andy@smith.com,"TV Cables",#,"2023-01-01 07:06:39",active
"Jay Jacobs",rachel30@runte.biz,"Tooled Up",#,"2023-01-01 07:06:39",active
"Frederik Cummings",shany.hirthe@hotmail.com,"Beauty Expert UK",#,"2023-01-01 07:06:39",active
"Retta Glover",dora44@yahoo.com,"Cast In Style",#,"2023-01-01 07:06:39",active
"Fredrick McClure",irma95@gmail.com,e2save,#,"2023-01-01 07:06:39",active
"Savannah Nitzsche",berenice.leannon@gmail.com,"Cast In Style",#,"2023-01-01 07:06:39",active
"Herta Skiles",mafalda94@oconner.net,"The Safe Shop",#,"2023-01-01 07:06:39",active
"Data Operator",data@trs.com,Buyagift.co.uk,#,"2023-01-01 07:06:39",active
"Bettye Satterfield",jamaal.sawayn@torp.com,"Novatech Ltd",#,"2023-01-01 07:06:39",active
"Larissa Considine",bobby54@schneider.biz,"Tooled Up",#,"2023-01-01 07:06:39",active
"Nelson Kemmer",casper.keagan@wilderman.com,"Savile Row Company Ltd",#,"2023-01-01 07:06:39",active
"Eliezer Cartwright",ariel53@gmail.com,"Vision Direct UK",#,"2023-01-01 07:06:39",active
"Ricardo Stamm",vivienne12@lebsack.info,"The Safe Shop",#,"2023-01-01 07:06:39",active
"Percy Bogan",sporer.jeremy@gmail.com,Create,#,"2023-01-01 07:06:39",active
"Collin Batz",nitzsche.leann@medhurst.com,"Cadbury Gifts Direct",#,"2023-01-01 07:06:39",active
"Elliot Bernier",omills@ankunding.com,"Burton UK",#,"2023-01-01 07:06:39",active
"Trenton Ratke",elliot41@ward.net,"Bed Star Ltd",#,"2023-01-01 07:06:39",active
"Neoma Dibbert",qgrady@hotmail.com,"Chocolate Trading Company",#,"2023-01-01 07:06:39",active
"Lorenzo Rempel",miles86@lemke.com,TheDrinkShop,#,"2023-01-01 07:06:39",active
"Josefa Mraz",boyle.rozella@medhurst.com,InterRose,#,"2023-01-01 07:06:39",active
"Jaida Harvey",manuela84@kemmer.com,"Cadbury Gifts Direct",#,"2023-01-01 07:06:39",active
"Frederik Cummings",shany.hirthe@hotmail.com,"Chocolate Trading Company",#,"2023-01-01 07:06:39",active
"Celestino Cormier",rogahn.otha@nitzsche.biz,Prezzybox,#,"2023-01-01 07:06:39",active
"Estrella Hane",pkrajcik@barton.com,"Tooled Up",#,"2023-01-01 07:06:39",active
"Viva Schneider",westley.vandervort@yahoo.com,"Vintage Wine Gifts",#,"2023-01-01 07:06:39",active
"Estel Schuster",destiney.ankunding@hotmail.com,"Pharmacy2U Online Doctor",#,"2023-01-01 07:06:39",active
"Don Pollich",schaefer.darby@spencer.com,"Savile Row Company Ltd",#,"2023-01-01 07:06:39",active
"Keshaun Konopelski",eladio48@ziemann.info,"Song Galaxy",#,"2023-01-01 07:06:39",active
"Ludie Bruen",adaline37@gmail.com,CartridgeMonkey,#,"2023-01-01 07:06:39",active
"Vivianne Quigley",ybode@gorczany.com,"The Safe Shop",#,"2023-01-01 07:06:39",active
"Joannie Frami",oferry@kulas.info,"The Safe Shop",#,"2023-01-01 07:06:39",active
"Ayana Krajcik",nbahringer@kuvalis.com,"Novatech Ltd",#,"2023-01-01 07:06:39",active
"Ibrahim Terry",ulises90@kuphal.com,"Ink Factory",#,"2023-01-01 07:06:39",active
"Eladio Baumbach",hillard07@gmail.com,"TV Cables",#,"2023-01-01 07:06:39",active
"Braden Klocko",regan.franecki@ferry.net,Mobiles.co.uk,#,"2023-01-01 07:06:39",active
"Blake Ernser",tyrell81@hotmail.com,Create,#,"2023-01-01 07:06:39",active
"Mariano Altenwerth",schaefer.cora@weimann.com,"Savile Row Company Ltd",#,"2023-01-01 07:06:39",active
"Barbara Goyette",franecki.anastacio@hotmail.com,Buyagift.co.uk,#,"2023-01-01 07:06:39",active
"Brianne Wehner",rosa61@tremblay.com,"Advanced MP3 Players",#,"2023-01-01 07:06:39",active
"Evans Daniel",hrowe@gmail.com,"Song Galaxy",#,"2023-01-01 07:06:39",active
"Kiera Keeling",xcorwin@fisher.net,"Advanced MP3 Players",#,"2023-01-01 07:06:39",active
"Maye Schmeler",ewolff@hotmail.com,"Burton UK",#,"2023-01-01 07:06:39",active
"Peggie Collier",kailyn.schmeler@yahoo.com,"Mankind UK",#,"2023-01-01 07:06:39",active
"Aric McKenzie",spinka.karson@kling.com,Awin,#,"2023-01-01 07:06:39",active
"Alexandrine Fahey",schoen.hallie@yahoo.com,e2save,#,"2023-01-01 07:06:39",active
"Eunice Adams",heidenreich.alexa@gmail.com,"Vintage Wine Gifts",#,"2023-01-01 07:06:39",active
"Valerie Rosenbaum",qlittle@mante.com,Bunches.co.uk,#,"2023-01-01 07:06:39",active
"Bryce Barrows",ubogan@gmail.com,Post-a-Rose,#,"2023-01-01 07:06:39",active
"Casandra Jast",keeling.frederic@hotmail.com,"Burton UK",#,"2023-01-01 07:06:39",active
"Amanda Eichmann",kaycee.hermiston@krajcik.org,"Dorothy Perkins UK",#,"2023-01-01 07:06:39",active
"Burdette Gutmann",ylakin@hotmail.com,"Burton UK",#,"2023-01-01 07:06:39",active
"Verlie McLaughlin",barrows.mandy@hauck.com,CartridgeMonkey,#,"2023-01-01 07:06:39",active
"Ozella Fadel",cathrine36@carter.info,Bunches.co.uk,#,"2023-01-01 07:06:39",active
"Jewell Rempel",walker.griffin@hotmail.com,"Dorothy Perkins UK",#,"2023-01-01 07:06:39",active
"Kelley O'Keefe",kessler.osvaldo@schultz.org,Prezzybox,#,"2023-01-01 07:06:39",active
"Sienna Gislason",galtenwerth@gmail.com,"Serenata Flowers",#,"2023-01-01 07:06:39",active
"Vida Nikolaus",ashlynn.padberg@yahoo.com,Mobiles.co.uk,#,"2023-01-01 07:06:39",active
"Luz Goodwin",dominique45@yahoo.com,"Darlings of Chelsea",#,"2023-01-01 07:06:39",active
"Willow Hettinger",gjakubowski@yahoo.com,"Pharmacy2U Online Doctor",#,"2023-01-01 07:06:39",active
"Nellie Predovic",madilyn08@ondricka.org,"Appliance City",#,"2023-01-01 07:06:39",active
"Ceasar O'Keefe",oreilly.cade@yahoo.com,Buyagift.co.uk,#,"2023-01-01 07:06:39",active
"Destiny Kuvalis",pauer@hotmail.com,Mobiles.co.uk,#,"2023-01-01 07:06:39",active
"Leslie Weber",lila.kiehn@hotmail.com,"Darlings of Chelsea",#,"2023-01-01 07:06:39",active
"Royce Gutmann",rosalia90@yahoo.com,"A Quarter Of...",#,"2023-01-01 07:06:39",active
"Mustafa Koss",huel.kory@yahoo.com,"B & Q",#,"2023-01-01 07:06:39",active
"Beverly Auer",rutherford.arvid@yahoo.com,"Scottsdale Golf",#,"2023-01-01 07:06:39",active
"Linda Parisian",colby63@johnson.com,CartridgeMonkey,#,"2023-01-01 07:06:39",active
"Clare Ullrich",rolfson.jeffrey@corkery.org,Buyagift.co.uk,#,"2023-01-01 07:06:39",active
"Aida Crooks",louvenia.koelpin@hotmail.com,"Dorothy Perkins UK",#,"2023-01-01 07:06:39",active
"Oscar Schmeler",kristina21@yahoo.com,Prezzybox,#,"2023-01-01 07:06:38",active
"Beaulah Crist",cronin.mariam@mccullough.info,"Dorothy Perkins UK",#,"2023-01-01 07:06:38",active
"Lora Weber",brenden.schulist@hotmail.com,Buyagift.co.uk,#,"2023-01-01 07:06:38",active
"Garth Gaylord",nia38@cummerata.net,"B & Q",#,"2023-01-01 07:06:38",active
"Orlo Cormier",derek.barton@hotmail.com,"Beauty Expert UK",#,"2023-01-01 07:06:38",active
"Pearlie Waelchi",heber51@torphy.info,"B & Q",#,"2023-01-01 07:06:38",active
"Efren Hickle",gorczany.fae@thompson.biz,Bunches.co.uk,#,"2023-01-01 07:06:38",active
"Fredy Trantow",akohler@wisozk.com,"B & Q",#,"2023-01-01 07:06:38",active
"Judge Pagac",hmckenzie@yahoo.com,"Vision Direct UK",#,"2023-01-01 07:06:38",active
"Jaydon Nicolas",simeon.hammes@yahoo.com,"Burton UK",#,"2023-01-01 07:06:38",active
"Alta Monahan",lonnie17@gmail.com,"Cadbury Gifts Direct",#,"2023-01-01 07:06:38",active
"Ludie Murphy",parker.domenick@sipes.org,"The Safe Shop",#,"2023-01-01 07:06:38",active
"Baylee Swift",yazmin85@konopelski.com,"Dorothy Perkins UK",#,"2023-01-01 07:06:38",active
"Haylee Morar",hettie11@yahoo.com,CartridgeMonkey,#,"2023-01-01 07:06:38",active
"Madison Flatley",preichert@conn.com,"Cast In Style",#,"2023-01-01 07:06:38",active
"Tania Little",gkrajcik@hotmail.com,"Vintage Wine Gifts",#,"2023-01-01 07:06:38",active
"Darrin Glover",norris.rutherford@harris.info,"Serenata Flowers",#,"2023-01-01 07:06:38",active
"Niko Ebert",wsanford@yahoo.com,InterRose,#,"2023-01-01 07:06:38",active
"Beaulah Crist",cronin.mariam@mccullough.info,"Burton UK",#,"2023-01-01 07:06:38",active
"Delphia Turcotte",okonopelski@schamberger.com,Names.co.uk,#,"2023-01-01 07:06:38",active
"Raheem Schimmel",eliseo86@stokes.com,"The Safe Shop",#,"2023-01-01 07:06:38",active
"Jayme Schmidt",ondricka.cydney@cormier.com,"Ink Factory",#,"2023-01-01 07:06:38",active
"Ashleigh Koelpin",csimonis@hotmail.com,Create,#,"2023-01-01 07:06:38",active
"Bart Leannon",hfritsch@yahoo.com,"Song Galaxy",#,"2023-01-01 07:06:38",active
"Heaven Dibbert",elvis80@cormier.com,"Dorothy Perkins UK",#,"2023-01-01 07:06:38",active
"Brielle Durgan",macie52@weissnat.com,Names.co.uk,#,"2023-01-01 07:06:38",active
"Elvis Goyette",merl28@hotmail.com,"A Quarter Of...",#,"2023-01-01 07:06:38",active
"Torrey Lang",hosea.gleichner@gmail.com,"Tooled Up",#,"2023-01-01 07:06:38",active
"Sasha Lehner",runte.katelin@gmail.com,"Ink Factory",#,"2023-01-01 07:06:38",active
"Kirstin Rutherford",morris30@hotmail.com,Post-a-Rose,#,"2023-01-01 07:06:38",active
"Sean Leuschke",rice.leta@hotmail.com,"Advanced MP3 Players",#,"2023-01-01 07:06:38",active
"Marlee O'Hara",blake03@ohara.com,"Darlings of Chelsea",#,"2023-01-01 07:06:38",active
"Donny Bartoletti",jeramie28@waters.info,"Beauty Expert UK",#,"2023-01-01 07:06:38",active
"Lola Hilpert",robyn.stark@rippin.com,"Ink Factory",#,"2023-01-01 07:06:38",active
"Wava Moore",waters.teagan@yahoo.com,"Chocolate Trading Company",#,"2023-01-01 07:06:38",active
"Erick Tromp",gage51@yahoo.com,"Bed Star Ltd",#,"2023-01-01 07:06:38",active
"Fredrick Murphy",mertz.nasir@conn.biz,"Dorothy Perkins UK",#,"2023-01-01 07:06:38",active
"Reina Botsford",pfannerstill.margarette@schultz.net,"Appliance City",#,"2023-01-01 07:06:38",active
"Kyler Osinski",myron.dickens@spencer.info,"Darlings of Chelsea",#,"2023-01-01 07:06:38",active
"Holly Smitham",aiyana94@hotmail.com,Awin,#,"2023-01-01 07:06:38",active
"Hershel Howe",freeman16@anderson.com,Fragrancedirect,#,"2023-01-01 07:06:38",active
"Cathy O'Connell",olson.abraham@yahoo.com,"Chocolate Trading Company",#,"2023-01-01 07:06:38",active
"Guadalupe Feil",ugoodwin@cartwright.org,e2save,#,"2023-01-01 07:06:38",active
"Dawn Stracke",ezra63@kessler.net,Awin,#,"2023-01-01 07:06:38",active
"Anjali Kozey",orlo.lakin@mueller.com,"Bed Star Ltd",#,"2023-01-01 07:06:38",active
"Jay Jacobs",rachel30@runte.biz,"Novatech Ltd",#,"2023-01-01 07:06:38",active
"Ludie Murphy",parker.domenick@sipes.org,CartridgeMonkey,#,"2023-01-01 07:06:38",active
"Araceli Gutkowski",skiles.brenna@wiza.info,"Novatech Ltd",#,"2023-01-01 07:06:38",active
"Clifford Considine",rowland66@hotmail.com,"Novatech Ltd",#,"2023-01-01 07:06:38",active
"Keenan Murazik",dudley76@gmail.com,Prezzybox,#,"2023-01-01 07:06:38",active
"Maryse Koelpin",arne.ebert@orn.com,"Mankind UK",#,"2023-01-01 07:06:38",active
"Amanda Lubowitz",marques.yundt@homenick.com,Names.co.uk,#,"2023-01-01 07:06:38",active
"Valentin Toy",melvin33@moen.com,"Dorothy Perkins UK",#,"2023-01-01 07:06:38",active
"Queen Buckridge",frida.johnson@gorczany.info,"Serenata Flowers",#,"2023-01-01 07:06:38",active
"Elbert Beer",kyler.lebsack@hotmail.com,"Scottsdale Golf",#,"2023-01-01 07:06:38",active
"Ardella O'Reilly",qkreiger@yahoo.com,"Tooled Up",#,"2023-01-01 07:06:38",active
"Lambert Bechtelar",raleigh35@yahoo.com,Post-a-Rose,#,"2023-01-01 07:06:38",active
"Danielle Abernathy",joannie52@hotmail.com,"Pharmacy2U Online Doctor",#,"2023-01-01 07:06:38",active
"Sam Gutkowski",rkovacek@gusikowski.com,Prezzybox,#,"2023-01-01 07:06:38",active
"Ryann Kuhic",bonita75@gmail.com,"Serenata Flowers",#,"2023-01-01 07:06:38",active
"Alvena Funk",kleannon@yahoo.com,"The Safe Shop",#,"2023-01-01 07:06:38",active
"Elisha Roberts",hartmann.abigayle@hotmail.com,CartridgeMonkey,#,"2023-01-01 07:06:38",active
"Ricardo Feest",neha.aufderhar@koelpin.com,"Pharmacy2U Online Doctor",#,"2023-01-01 07:06:38",active
"Tillman Greenfelder",koepp.sydni@robel.com,"Fitness Options",#,"2023-01-01 07:06:38",active
"Toney Huel",rkub@hotmail.com,Buyagift.co.uk,#,"2023-01-01 07:06:38",active
"Cara Pagac",dennis.kertzmann@gmail.com,"Chocolate Trading Company",#,"2023-01-01 07:06:38",active
"Dalton Lebsack",kilback.sandy@hotmail.com,"Serenata Flowers",#,"2023-01-01 07:06:38",active
"Meta Treutel",davis.eldon@schroeder.biz,"Serenata Flowers",#,"2023-01-01 07:06:38",active
"Cooper Brown",avery23@satterfield.biz,"Darlings of Chelsea",#,"2023-01-01 07:06:38",active
"Salvatore Senger",juliana64@yahoo.com,"A Quarter Of...",#,"2023-01-01 07:06:38",active
"Pearlie Waelchi",heber51@torphy.info,"Ink Factory",#,"2023-01-01 07:06:38",active
"Fernando Waters",padberg.veronica@hotmail.com,Fragrancedirect,#,"2023-01-01 07:06:38",active
"Erick Tromp",gage51@yahoo.com,CartridgeMonkey,#,"2023-01-01 07:06:38",active
"Jeanette Hammes",rheller@rosenbaum.biz,"Burton UK",#,"2023-01-01 07:06:38",active
"Rory Zieme",anthony.walker@yahoo.com,Post-a-Rose,#,"2023-01-01 07:06:38",active
"Erich Hickle",reffertz@tromp.com,TheDrinkShop,#,"2023-01-01 07:06:38",active
"Wava Hilpert",willms.lucio@swaniawski.com,"Bed Star Ltd",#,"2023-01-01 07:06:38",active
"Laney Ryan",sage.klocko@hotmail.com,"Advanced MP3 Players",#,"2023-01-01 07:06:38",active
"Lauriane Lesch",genevieve48@rippin.net,"Bed Star Ltd",#,"2023-01-01 07:06:38",active
"Walter Kub",jast.rylan@hotmail.com,"Cadbury Gifts Direct",#,"2023-01-01 07:06:38",active
"Zaria Reynolds",vivienne17@yahoo.com,"Cadbury Gifts Direct",#,"2023-01-01 07:06:38",active
"Nyasia Hilpert",ebeier@berge.biz,"Appliance City",#,"2023-01-01 07:06:38",active
"Cristal Ziemann",mossie.gottlieb@kautzer.com,"Beauty Expert UK",#,"2023-01-01 07:06:38",active
"Bernardo Lowe",caleb.crona@yahoo.com,"Vision Direct UK",#,"2023-01-01 07:06:38",active
"Arlene Trantow",rohan.jamey@gmail.com,"Scottsdale Golf",#,"2023-01-01 07:06:38",active
"Rosie Lockman",aileen.gislason@hotmail.com,"Mankind UK",#,"2023-01-01 07:06:38",active
"Retta Glover",dora44@yahoo.com,Post-a-Rose,#,"2023-01-01 07:06:38",active
"Verlie McLaughlin",barrows.mandy@hauck.com,Post-a-Rose,#,"2023-01-01 07:06:38",active
"Efren Hickle",gorczany.fae@thompson.biz,"Beauty Expert UK",#,"2023-01-01 07:06:38",active
"Constance Schroeder",jude.kirlin@pouros.com,"Burton UK",#,"2023-01-01 07:06:38",active
"Brandt Russel",jsimonis@gmail.com,"Bed Star Ltd",#,"2023-01-01 07:06:38",active
"Henriette Berge",vmedhurst@sanford.com,"Toffs Ltd",#,"2023-01-01 07:06:38",active
"Marquise Crist",xwolff@hotmail.com,InterRose,#,"2023-01-01 07:06:38",active
"Leora Altenwerth",reichel.giovanna@yahoo.com,"Novatech Ltd",#,"2023-01-01 07:06:38",active
"Elliot Bernier",omills@ankunding.com,e2save,#,"2023-01-01 07:06:38",active
"Crystal Koelpin",oscar14@green.biz,"Appliance City",#,"2023-01-01 07:06:38",active
"Estel Schuster",destiney.ankunding@hotmail.com,"Dorothy Perkins UK",#,"2023-01-01 07:06:38",active
"Winona Lakin",klein.madge@schneider.info,"Cadbury Gifts Direct",#,"2023-01-01 07:06:38",active
"Sasha Lehner",runte.katelin@gmail.com,"Bed Star Ltd",#,"2023-01-01 07:06:38",active
"Kassandra Luettgen",gino36@hotmail.com,"Burton UK",#,"2023-01-01 07:06:38",active
"Harold Emmerich",riley.bernhard@kuphal.com,"Vintage Wine Gifts",#,"2023-01-01 07:06:38",active
"Reina Botsford",pfannerstill.margarette@schultz.net,Prezzybox,#,"2023-01-01 07:06:38",active
"Kelsi Hartmann",geoffrey.wyman@mcclure.info,Fragrancedirect,#,"2023-01-01 07:06:38",active
"Helene Bartell",tcarroll@hackett.com,InterRose,#,"2023-01-01 07:06:38",active
"Anastacio Beahan",enrico.grimes@sauer.com,Mobiles.co.uk,#,"2023-01-01 07:06:38",active
"Beaulah Crist",cronin.mariam@mccullough.info,Awin,#,"2023-01-01 07:06:38",active
"Queenie Farrell",xkuhic@ratke.org,"Cast In Style",#,"2023-01-01 07:06:38",active
"Korbin Rippin",benton22@heathcote.com,"Cast In Style",#,"2023-01-01 07:06:38",active
"Sean Leuschke",rice.leta@hotmail.com,"Savile Row Company Ltd",#,"2023-01-01 07:06:38",active
"Delphia Turcotte",okonopelski@schamberger.com,"Cadbury Gifts Direct",#,"2023-01-01 07:06:38",active
"Torrey Lang",hosea.gleichner@gmail.com,"Vision Direct UK",#,"2023-01-01 07:06:38",active
"Kenya Jacobi",norberto.bergnaum@gmail.com,Names.co.uk,#,"2023-01-01 07:06:38",active
"Celine Nitzsche",candida18@leuschke.net,"Vintage Wine Gifts",#,"2023-01-01 07:06:38",active
"Coby Johns",sydnie13@emmerich.com,"The Safe Shop",#,"2023-01-01 07:06:38",active
"Laverne Bechtelar",miguel16@gmail.com,"Mankind UK",#,"2023-01-01 07:06:38",active
"Mathilde Purdy",schinner.wilford@hotmail.com,"Advanced MP3 Players",#,"2023-01-01 07:06:38",active
"Daron Ankunding",russel.theodore@yahoo.com,"Cadbury Gifts Direct",#,"2023-01-01 07:06:38",active
"Burdette Gutmann",ylakin@hotmail.com,"Burton UK",#,"2023-01-01 07:06:38",active
"Joshuah Prosacco",price.darrin@heaney.com,Mobiles.co.uk,#,"2023-01-01 07:06:38",active
"Elaina Runolfsdottir",aliyah61@langosh.info,e2save,#,"2023-01-01 07:06:38",active
"Glenda Howe",prempel@skiles.org,"Novatech Ltd",#,"2023-01-01 07:06:38",active
"Rodger Bayer",orpha.koepp@gmail.com,"Vintage Wine Gifts",#,"2023-01-01 07:06:38",active
"Leanna King",qlittel@hotmail.com,"Mankind UK",#,"2023-01-01 07:06:38",active
"Robb Dooley",volkman.jayson@renner.biz,"A Quarter Of...",#,"2023-01-01 07:06:38",active
"Wilma O'Connell",mayert.coleman@gmail.com,"Ink Factory",#,"2023-01-01 07:06:38",active
"Ole Mraz",reynolds.ramona@bednar.com,"Ink Factory",#,"2023-01-01 07:06:38",active
"Dorris Deckow",devon71@yahoo.com,"Pharmacy2U Online Doctor",#,"2023-01-01 07:06:38",active
"Brennon Gulgowski",iva.rau@yahoo.com,"Vintage Wine Gifts",#,"2023-01-01 07:06:38",active
"Syble Roob",deborah72@koepp.com,"Fitness Options",#,"2023-01-01 07:06:38",active
"Elroy Gutkowski",koch.avery@gmail.com,Mobiles.co.uk,#,"2023-01-01 07:06:38",active
"Shany Larson",iconnelly@padberg.com,"A Quarter Of...",#,"2023-01-01 07:06:38",active
"Zachary Renner",gleason.aaron@hotmail.com,"Advanced MP3 Players",#,"2023-01-01 07:06:38",active
"Cletus Pollich",qhartmann@yahoo.com,"A Quarter Of...",#,"2023-01-01 07:06:38",active
"Cecelia Murphy",sierra63@gulgowski.com,e2save,#,"2023-01-01 07:06:38",active
"Uriel Schowalter",opal56@yahoo.com,"Burton UK",#,"2023-01-01 07:06:38",active
"Charlie Johnston",karlie00@hotmail.com,CartridgeMonkey,#,"2023-01-01 07:06:38",active
"Bobbie Kiehn",kirstin.ruecker@walker.biz,"Ink Factory",#,"2023-01-01 07:06:38",active
"Davion Emmerich",ccole@yahoo.com,"Toffs Ltd",#,"2023-01-01 07:06:38",active
"Zetta Vandervort",purdy.daren@gmail.com,"TV Cables",#,"2023-01-01 07:06:38",active
"Brian Dibbert",skautzer@gmail.com,"Vision Direct UK",#,"2023-01-01 07:06:38",active
"Helmer Blick",jenkins.edd@kessler.com,"TV Cables",#,"2023-01-01 07:06:38",active
"Liliane McLaughlin",efren.fisher@dooley.net,"A Quarter Of...",#,"2023-01-01 07:06:38",active
"Theron Harber",fnolan@gmail.com,"Darlings of Chelsea",#,"2023-01-01 07:06:38",active
"Elvis Goyette",merl28@hotmail.com,"Toffs Ltd",#,"2023-01-01 07:06:38",active
"Frieda Fay",mmraz@bartoletti.org,"Scottsdale Golf",#,"2023-01-01 07:06:38",active
"Jaida Harvey",manuela84@kemmer.com,"The Safe Shop",#,"2023-01-01 07:06:38",active
"Clifford Considine",rowland66@hotmail.com,"Burton UK",#,"2023-01-01 07:06:38",active
"Ricardo Stamm",vivienne12@lebsack.info,Create,#,"2023-01-01 07:06:38",active
"Garnet Brown",elmira.heaney@gulgowski.com,"Appliance City",#,"2023-01-01 07:06:38",active
"Maynard Dickinson",kareem.brekke@wolff.org,Names.co.uk,#,"2023-01-01 07:06:38",active
"Izabella Graham",camryn88@corkery.com,"Beauty Expert UK",#,"2023-01-01 07:06:38",active
"Harmon Bartell",keeling.kevin@kirlin.com,"Appliance City",#,"2023-01-01 07:06:38",active
"Kamryn Kohler",bruce27@wunsch.com,"Toffs Ltd",#,"2023-01-01 07:06:38",active
"Harrison Murphy",rrath@hotmail.com,"Mankind UK",#,"2023-01-01 07:06:38",active
"Maynard Rohan",dicki.kamille@yahoo.com,"Chocolate Trading Company",#,"2023-01-01 07:06:38",active
"Data Operator",data@trs.com,e2save,#,"2023-01-01 07:06:38",active
"Alverta Gerhold",ewelch@gmail.com,"Bed Star Ltd",#,"2023-01-01 07:06:38",active
"Johann Konopelski",caitlyn73@herzog.com,"Darlings of Chelsea",#,"2023-01-01 07:06:38",active
"Kimberly Leannon",hudson.raquel@yahoo.com,"Mankind UK",#,"2023-01-01 07:06:38",active
"Monserrat Keebler",wwaters@gmail.com,Fragrancedirect,#,"2023-01-01 07:06:38",active
"Sherwood Nader",rkreiger@gmail.com,Fragrancedirect,#,"2023-01-01 07:06:38",active
"Wilma O'Connell",mayert.coleman@gmail.com,"Savile Row Company Ltd",#,"2023-01-01 07:06:38",active
"Jacquelyn Hoeger",fay.nikita@corkery.org,"Vintage Wine Gifts",#,"2023-01-01 07:06:38",active
"Adonis Satterfield",bbreitenberg@hotmail.com,"Advanced MP3 Players",#,"2023-01-01 07:06:38",active
"Royce Gutmann",rosalia90@yahoo.com,Awin,#,"2023-01-01 07:06:38",active
"Nash Durgan",cloyd.strosin@howell.com,"Serenata Flowers",#,"2023-01-01 07:06:38",active
"Constance Schroeder",jude.kirlin@pouros.com,"Cast In Style",#,"2023-01-01 07:06:38",active
"Jameson Mraz",kenneth.jerde@gmail.com,"Bed Star Ltd",#,"2023-01-01 07:06:38",active
"Kristin Kovacek",wsipes@block.com,"Vintage Wine Gifts",#,"2023-01-01 07:06:38",active
"Brianne Lueilwitz",lynn.bins@yahoo.com,"Burton UK",#,"2023-01-01 07:06:38",active
"Serenity Haag",nicola24@hotmail.com,Names.co.uk,#,"2023-01-01 07:06:38",active
"Rollin Nitzsche",thalia.krajcik@gmail.com,"Pharmacy2U Online Doctor",#,"2023-01-01 07:06:38",active
"Sage Schoen",hills.douglas@gmail.com,"Advanced MP3 Players",#,"2023-01-01 07:06:38",active
"Myrtle Roberts",trudie89@crooks.com,"Cadbury Gifts Direct",#,"2023-01-01 07:06:38",active
"Dustin Streich",jolie.fritsch@yahoo.com,"Toffs Ltd",#,"2023-01-01 07:06:38",active
"Tiara Stanton",nnikolaus@hotmail.com,Prezzybox,#,"2023-01-01 07:06:38",active
"Elisabeth Orn",wkutch@ortiz.com,InterRose,#,"2023-01-01 07:06:38",active
"Carolyn Lockman",eladio.casper@gmail.com,Awin,#,"2023-01-01 07:06:38",active
"Alexa Towne",aaron65@ward.net,Create,#,"2023-01-01 07:06:38",active
"Michelle Klein",elaina.quitzon@wunsch.biz,"TV Cables",#,"2023-01-01 07:06:38",active
"Elvis Goyette",merl28@hotmail.com,"Beauty Expert UK",#,"2023-01-01 07:06:38",active
"Pearlie Waelchi",heber51@torphy.info,"Song Galaxy",#,"2023-01-01 07:06:38",active
"Percy Armstrong",dmclaughlin@oberbrunner.biz,"Mankind UK",#,"2023-01-01 07:06:38",active
"Bernardo Mraz",wdaugherty@yahoo.com,Awin,#,"2023-01-01 07:06:38",active
"Garnett Roberts",marisa39@yahoo.com,Post-a-Rose,#,"2023-01-01 07:06:38",active
"Jadyn Stiedemann",waldo84@gmail.com,"Dorothy Perkins UK",#,"2023-01-01 07:06:38",active
"Sylvia Bailey",kub.hailey@yahoo.com,Bunches.co.uk,#,"2023-01-01 07:06:38",active
"Ashlynn Swaniawski",deshawn.nienow@gmail.com,Awin,#,"2023-01-01 07:06:38",active
"Nigel Schultz",simonis.princess@smith.com,Names.co.uk,#,"2023-01-01 07:06:38",active
"Winston Kuhn",pbernhard@hotmail.com,Names.co.uk,#,"2023-01-01 07:06:38",active
"Holly Smitham",aiyana94@hotmail.com,"Darlings of Chelsea",#,"2023-01-01 07:06:38",active
"Theodora Klocko",crawford.schowalter@hotmail.com,"The Safe Shop",#,"2023-01-01 07:06:38",active
"Bernardo Lowe",caleb.crona@yahoo.com,"Burton UK",#,"2023-01-01 07:06:38",active
"Cletus Schimmel",aswaniawski@yahoo.com,"Burton UK",#,"2023-01-01 07:06:38",active
"Kaela Powlowski",alejandra94@tromp.net,e2save,#,"2023-01-01 07:06:38",active
"Evans Daniel",hrowe@gmail.com,Buyagift.co.uk,#,"2023-01-01 07:06:38",active
"Bulah Boyer",chloe.ryan@bergstrom.biz,Create,#,"2023-01-01 07:06:38",active
"Laila Schumm",ykuhic@konopelski.com,TheDrinkShop,#,"2023-01-01 07:06:38",active
"Monserrat Keebler",wwaters@gmail.com,"Vision Direct UK",#,"2023-01-01 07:06:38",active
"Princess Mante",reichel.elouise@oreilly.info,"The Safe Shop",#,"2023-01-01 07:06:38",active
"Else Cormier",egusikowski@bechtelar.biz,"TV Cables",#,"2023-01-01 07:06:38",active
"Maryam Mitchell",waldo.mcglynn@wolf.com,TheDrinkShop,#,"2023-01-01 07:06:38",active
"Kaela Powlowski",alejandra94@tromp.net,Fragrancedirect,#,"2023-01-01 07:06:38",active
"Jaqueline Schneider",gerlach.brant@frami.com,"Ink Factory",#,"2023-01-01 07:06:38",active
"Edgardo Prohaska",ross78@von.com,Create,#,"2023-01-01 07:06:38",active
"Ettie Gorczany",isabelle.hudson@yahoo.com,"Fitness Options",#,"2023-01-01 07:06:38",active
"Cole Wolff",emmitt.feil@hotmail.com,"Cast In Style",#,"2023-01-01 07:06:38",active
"Manuel Gutkowski",sally98@gmail.com,"Bed Star Ltd",#,"2023-01-01 07:06:38",active
"Toney Huel",rkub@hotmail.com,"Cadbury Gifts Direct",#,"2023-01-01 07:06:38",active
"Serenity Runte",bertha.skiles@weimann.info,"Chocolate Trading Company",#,"2023-01-01 07:06:38",active
"Cara Corwin",florine.toy@leuschke.com,"B & Q",#,"2023-01-01 07:06:38",active
"Leslie Thompson",willms.muhammad@yahoo.com,"Vision Direct UK",#,"2023-01-01 07:06:38",active
"Ardella O'Reilly",qkreiger@yahoo.com,"Appliance City",#,"2023-01-01 07:06:38",active
"Darron Hessel",calista62@runolfsdottir.net,"Burton UK",#,"2023-01-01 07:06:38",active
"Rae Bechtelar",miles.gottlieb@cole.com,Prezzybox,#,"2023-01-01 07:06:38",active
"Timmy Dickinson",ian.cartwright@yahoo.com,"Ink Factory",#,"2023-01-01 07:06:38",active
"Delphia Turcotte",okonopelski@schamberger.com,TheDrinkShop,#,"2023-01-01 07:06:38",active
"Joey Batz",aliya18@schimmel.org,"B & Q",#,"2023-01-01 07:06:38",active
"Emilia Bailey",hudson14@oberbrunner.com,"Serenata Flowers",#,"2023-01-01 07:06:38",active
"Newell Hand",kaelyn98@glover.com,"Cast In Style",#,"2023-01-01 07:06:37",active
"Percy Armstrong",dmclaughlin@oberbrunner.biz,"Bed Star Ltd",#,"2023-01-01 07:06:37",active
"Delbert Hartmann",bhodkiewicz@hotmail.com,"B & Q",#,"2023-01-01 07:06:37",active
"Jayme Schmidt",ondricka.cydney@cormier.com,"Bed Star Ltd",#,"2023-01-01 07:06:37",active
"Grant Spencer",aubree31@gmail.com,"Burton UK",#,"2023-01-01 07:06:37",active
"Belle Bosco",ystamm@yahoo.com,e2save,#,"2023-01-01 07:06:37",active
"Jakayla Heathcote",fthompson@heathcote.com,Post-a-Rose,#,"2023-01-01 07:06:37",active
"Arne Bins",beier.ayla@hotmail.com,"Bed Star Ltd",#,"2023-01-01 07:06:37",active
"Laney Ryan",sage.klocko@hotmail.com,TheDrinkShop,#,"2023-01-01 07:06:37",active
"Marilyne Lindgren",adaline.dibbert@gmail.com,Create,#,"2023-01-01 07:06:37",active
"Verda Streich",gerry.lehner@hotmail.com,"Vision Direct UK",#,"2023-01-01 07:06:37",active
"Nakia Jacobson",mjast@yahoo.com,"Fitness Options",#,"2023-01-01 07:06:37",active
"Delbert Hartmann",bhodkiewicz@hotmail.com,"Fitness Options",#,"2023-01-01 07:06:37",active
"Josefa Mraz",boyle.rozella@medhurst.com,InterRose,#,"2023-01-01 07:06:37",active
"Pete Hilpert",xmoen@hotmail.com,"Serenata Flowers",#,"2023-01-01 07:06:37",active
"Agustin Bruen",kcormier@gmail.com,"Scottsdale Golf",#,"2023-01-01 07:06:37",active
"Timmy Schulist",destinee.reynolds@denesik.com,"Tooled Up",#,"2023-01-01 07:06:37",active
"Tyshawn Little",enola.klocko@skiles.biz,"A Quarter Of...",#,"2023-01-01 07:06:37",active
"Anastacio Beahan",enrico.grimes@sauer.com,"Appliance City",#,"2023-01-01 07:06:37",active
"Kristofer Welch",okeefe.dewayne@goldner.biz,"Appliance City",#,"2023-01-01 07:06:37",active
"Carmella Champlin",micah.hegmann@veum.info,"Savile Row Company Ltd",#,"2023-01-01 07:06:37",active
"Greta Durgan",ross.powlowski@sanford.com,Create,#,"2023-01-01 07:06:37",active
"Aida Crooks",louvenia.koelpin@hotmail.com,"Tooled Up",#,"2023-01-01 07:06:37",active
"Providenci Ebert",sanford57@klein.info,"The Safe Shop",#,"2023-01-01 07:06:37",active
"Kelton Gerhold",shad.macejkovic@hotmail.com,Awin,#,"2023-01-01 07:06:37",active
"Alverta Gerhold",ewelch@gmail.com,"Toffs Ltd",#,"2023-01-01 07:06:37",active
"Amelie Bergstrom",raynor.betty@yahoo.com,"Mankind UK",#,"2023-01-01 07:06:37",active
"Nadia Deckow",giles.schoen@lesch.com,Mobiles.co.uk,#,"2023-01-01 07:06:37",active
"Roselyn Christiansen",weldon.stiedemann@kertzmann.com,Names.co.uk,#,"2023-01-01 07:06:37",active
"Peter Cummings",bednar.cathy@yahoo.com,"Scottsdale Golf",#,"2023-01-01 07:06:37",active
"Lula Yundt",konopelski.pierce@kirlin.com,"The Safe Shop",#,"2023-01-01 07:06:37",active
"Annette Kuhic",owatsica@bernier.com,"Vision Direct UK",#,"2023-01-01 07:06:37",active
"Moises Johnston",halie82@yahoo.com,Mobiles.co.uk,#,"2023-01-01 07:06:37",active
"Sandra Kling",jmann@braun.net,"Cadbury Gifts Direct",#,"2023-01-01 07:06:37",active
"Stephania Grady",niko.gottlieb@gmail.com,"Pharmacy2U Online Doctor",#,"2023-01-01 07:06:37",active
"Ellen Mills",abdullah45@hotmail.com,"Song Galaxy",#,"2023-01-01 07:06:37",active
"Skyla Von",kaycee03@gmail.com,"Burton UK",#,"2023-01-01 07:06:37",active
"Elisabeth Orn",wkutch@ortiz.com,"Scottsdale Golf",#,"2023-01-01 07:06:37",active
"Camren Ziemann",gkling@mohr.com,"Beauty Expert UK",#,"2023-01-01 07:06:37",active
"Julia Wiza",watsica.anastasia@kunde.com,"Pharmacy2U Online Doctor",#,"2023-01-01 07:06:37",active
"Lorena Purdy",cgerhold@wolff.com,"Darlings of Chelsea",#,"2023-01-01 07:06:37",active
"Danyka Zboncak",qlakin@hotmail.com,"Vintage Wine Gifts",#,"2023-01-01 07:06:37",active
"Milan Breitenberg",lkshlerin@kunde.com,"TV Cables",#,"2023-01-01 07:06:37",active
"Marley Wunsch",freddie98@hotmail.com,Buyagift.co.uk,#,"2023-01-01 07:06:37",active
"Darrin Glover",norris.rutherford@harris.info,"Vision Direct UK",#,"2023-01-01 07:06:37",active
"Nicola Farrell",jocelyn62@gmail.com,InterRose,#,"2023-01-01 07:06:37",active
"Cathrine Gottlieb",bmoore@kohler.com,"Cast In Style",#,"2023-01-01 07:06:37",active
"Alexanne Hickle",turner.kimberly@yahoo.com,"Vintage Wine Gifts",#,"2023-01-01 07:06:37",active
"Bernardo Mraz",wdaugherty@yahoo.com,"Cadbury Gifts Direct",#,"2023-01-01 07:06:37",active
"Joey Batz",aliya18@schimmel.org,"Fitness Options",#,"2023-01-01 07:06:37",active
"Mike Hodkiewicz",lea.conn@gmail.com,"B & Q",#,"2023-01-01 07:06:37",active
"Annabell Will",tbartoletti@yahoo.com,Create,#,"2023-01-01 07:06:37",active
"Destini Marks",gulgowski.nat@hotmail.com,"B & Q",#,"2023-01-01 07:06:37",active
"Chance Kerluke",andreane.hirthe@gmail.com,Create,#,"2023-01-01 07:06:37",active
"Evert Schuster",becker.johnny@cremin.com,e2save,#,"2023-01-01 07:06:37",active
"Eunice Adams",heidenreich.alexa@gmail.com,"Bed Star Ltd",#,"2023-01-01 07:06:37",active
"Sandra Kling",jmann@braun.net,"Novatech Ltd",#,"2023-01-01 07:06:37",active
"Ceasar O'Keefe",oreilly.cade@yahoo.com,Mobiles.co.uk,#,"2023-01-01 07:06:37",active
"Kristin McLaughlin",olin08@fay.com,Buyagift.co.uk,#,"2023-01-01 07:06:37",active
"Novella Schaden",oleuschke@rempel.com,Names.co.uk,#,"2023-01-01 07:06:37",active
"Alexa Carroll",roma.walter@paucek.com,"Darlings of Chelsea",#,"2023-01-01 07:06:37",active
"Allen Trantow",pink07@hotmail.com,Bunches.co.uk,#,"2023-01-01 07:06:37",active
"Emery Bahringer",brionna.stamm@gmail.com,"TV Cables",#,"2023-01-01 07:06:37",active
"Brennon Gulgowski",iva.rau@yahoo.com,"Tooled Up",#,"2023-01-01 07:06:37",active
"Zachary Renner",gleason.aaron@hotmail.com,"Tooled Up",#,"2023-01-01 07:06:37",active
"Noe Hodkiewicz",clint.stiedemann@hotmail.com,"Mankind UK",#,"2023-01-01 07:06:37",active
"Bobbie Kiehn",kirstin.ruecker@walker.biz,"Vision Direct UK",#,"2023-01-01 07:06:37",active
"Lew Stehr",kendall18@gmail.com,"Vintage Wine Gifts",#,"2023-01-01 07:06:37",active
"Maximilian Wisozk",benny.stark@murphy.com,Fragrancedirect,#,"2023-01-01 07:06:37",active
"Watson Lemke",pdamore@hotmail.com,Mobiles.co.uk,#,"2023-01-01 07:06:37",active
"Cassandre Batz",naomie.halvorson@yahoo.com,"The Safe Shop",#,"2023-01-01 07:06:37",active
"Andreane Marks",cecilia.spinka@ziemann.org,"Burton UK",#,"2023-01-01 07:06:37",active
"Don Pollich",schaefer.darby@spencer.com,Post-a-Rose,#,"2023-01-01 07:06:37",active
"Deven Treutel",kconroy@gmail.com,"Ink Factory",#,"2023-01-01 07:06:37",active
"Noe Hodkiewicz",clint.stiedemann@hotmail.com,Names.co.uk,#,"2023-01-01 07:06:37",active
"Queenie Farrell",xkuhic@ratke.org,"Beauty Expert UK",#,"2023-01-01 07:06:37",active
"Brando Rodriguez",hlynch@gmail.com,"A Quarter Of...",#,"2023-01-01 07:06:37",active
"Israel Kuvalis",johnson17@yahoo.com,"Fitness Options",#,"2023-01-01 07:06:37",active
"Aurelia Friesen",courtney37@hotmail.com,"The Safe Shop",#,"2023-01-01 07:06:37",active
"Juston Thiel",rosalia.wolf@hotmail.com,"Song Galaxy",#,"2023-01-01 07:06:37",active
"Estell Johns",hills.creola@gmail.com,"Cast In Style",#,"2023-01-01 07:06:37",active
"Eulalia Wisoky",smith.brycen@yahoo.com,TheDrinkShop,#,"2023-01-01 07:06:37",active
"Kristofer Welch",okeefe.dewayne@goldner.biz,"Cadbury Gifts Direct",#,"2023-01-01 07:06:37",active
"Sienna Gislason",galtenwerth@gmail.com,"Dorothy Perkins UK",#,"2023-01-01 07:06:37",active
"Bobbie Wolff",haley93@hotmail.com,"Serenata Flowers",#,"2023-01-01 07:06:37",active
"Don Pollich",schaefer.darby@spencer.com,Awin,#,"2023-01-01 07:06:37",active
"Terrance Murazik",rhea86@hotmail.com,"Cadbury Gifts Direct",#,"2023-01-01 07:06:37",active
"Asha Mosciski",milford14@white.biz,"Song Galaxy",#,"2023-01-01 07:06:37",active
"Timmy Dickinson",ian.cartwright@yahoo.com,"Dorothy Perkins UK",#,"2023-01-01 07:06:37",active
"Dasia Mraz",sincere81@yahoo.com,"Bed Star Ltd",#,"2023-01-01 07:06:37",active
"Waylon Shanahan",nvonrueden@goodwin.com,Awin,#,"2023-01-01 07:06:37",active
"Aleen Emard",santos.mosciski@schmeler.com,"Ink Factory",#,"2023-01-01 07:06:37",active
"Elaina Bruen",hoppe.retta@bayer.net,"Cast In Style",#,"2023-01-01 07:06:37",active
"Brannon Labadie",vconnelly@yahoo.com,"Burton UK",#,"2023-01-01 07:06:37",active
"Harmony Spencer",heidenreich.shad@renner.info,"TV Cables",#,"2023-01-01 07:06:37",active
"Edgar Jacobi",pshanahan@borer.com,"Scottsdale Golf",#,"2023-01-01 07:06:37",active
"Ottis Thiel",fcruickshank@moore.com,"Dorothy Perkins UK",#,"2023-01-01 07:06:37",active
"Mustafa Koss",huel.kory@yahoo.com,"Darlings of Chelsea",#,"2023-01-01 07:06:37",active
"Julia Wiza",watsica.anastasia@kunde.com,"Burton UK",#,"2023-01-01 07:06:37",active
"Isaias Spencer",gjast@fisher.com,"The Safe Shop",#,"2023-01-01 07:06:37",active
"August Howe",tkihn@durgan.net,Names.co.uk,#,"2023-01-01 07:06:37",active
"Kaylee Lowe",mariano67@hotmail.com,"The Safe Shop",#,"2023-01-01 07:06:37",active
"Mose Casper",gaylord.maudie@gmail.com,Prezzybox,#,"2023-01-01 07:06:37",active
"Mollie Satterfield",sfarrell@keeling.net,"Tooled Up",#,"2023-01-01 07:06:37",active
"Florine Mertz",zlangosh@sawayn.biz,Bunches.co.uk,#,"2023-01-01 07:06:37",active
"Hiram Stark",romaine.gorczany@hotmail.com,"Bed Star Ltd",#,"2023-01-01 07:06:37",active
"Albin Treutel",wnikolaus@hotmail.com,"Song Galaxy",#,"2023-01-01 07:06:37",active
"Janis Stanton",obartoletti@gmail.com,"B & Q",#,"2023-01-01 07:06:37",active
"Fannie Adams",stella01@wiza.net,Buyagift.co.uk,#,"2023-01-01 07:06:37",active
"Lolita Schuppe",hshanahan@bins.com,"Cadbury Gifts Direct",#,"2023-01-01 07:06:37",active
"Timmy Schulist",destinee.reynolds@denesik.com,Fragrancedirect,#,"2023-01-01 07:06:37",active
"Alyce Daugherty",ncormier@hagenes.biz,Names.co.uk,#,"2023-01-01 07:06:37",active
"Valentin Ryan",nemmerich@hotmail.com,"A Quarter Of...",#,"2023-01-01 07:06:37",active
"Madison Flatley",preichert@conn.com,Post-a-Rose,#,"2023-01-01 07:06:37",active
"Bartholome Waters",mercedes.kertzmann@hotmail.com,"Appliance City",#,"2023-01-01 07:06:37",active
"Pink Kautzer",marks.jace@koss.com,Names.co.uk,#,"2023-01-01 07:06:37",active
"Vince Heathcote",olson.regan@gmail.com,"TV Cables",#,"2023-01-01 07:06:37",active
"Cynthia Reinger",cfriesen@hotmail.com,e2save,#,"2023-01-01 07:06:37",active
"Winona Lakin",klein.madge@schneider.info,Post-a-Rose,#,"2023-01-01 07:06:37",active
"Kelley O'Keefe",kessler.osvaldo@schultz.org,"Vintage Wine Gifts",#,"2023-01-01 07:06:37",active
"Cletus Pollich",qhartmann@yahoo.com,"Cast In Style",#,"2023-01-01 07:06:37",active
"Ole Batz",gorczany.kane@yahoo.com,Names.co.uk,#,"2023-01-01 07:06:37",active
"Dameon Sipes",chahn@hudson.com,Awin,#,"2023-01-01 07:06:37",active
"Maynard Rohan",dicki.kamille@yahoo.com,Prezzybox,#,"2023-01-01 07:06:37",active
"Mozelle Hoppe",mleannon@yahoo.com,"Song Galaxy",#,"2023-01-01 07:06:37",active
"Greta Durgan",ross.powlowski@sanford.com,"Chocolate Trading Company",#,"2023-01-01 07:06:37",active
"Lily Nicolas",winona16@price.com,"Darlings of Chelsea",#,"2023-01-01 07:06:37",active
"Leanna King",qlittel@hotmail.com,"Cadbury Gifts Direct",#,"2023-01-01 07:06:37",active
"Vito Breitenberg",hagenes.freeman@yahoo.com,"Mankind UK",#,"2023-01-01 07:06:37",active
"Arvid Boyer",miles.krajcik@yahoo.com,"A Quarter Of...",#,"2023-01-01 07:06:37",active
"Kaela Powlowski",alejandra94@tromp.net,Names.co.uk,#,"2023-01-01 07:06:37",active
"Stone King",pokon@dach.com,Bunches.co.uk,#,"2023-01-01 07:06:37",active
"Lempi Schroeder",gottlieb.liliana@wiegand.org,"Song Galaxy",#,"2023-01-01 07:06:37",active
"Leola Luettgen",scot83@yahoo.com,"Serenata Flowers",#,"2023-01-01 07:06:37",active
"Rickey Gusikowski",selena.roberts@walsh.org,"Tooled Up",#,"2023-01-01 07:06:37",active
"Peggie Collier",kailyn.schmeler@yahoo.com,"Appliance City",#,"2023-01-01 07:06:37",active
"Laisha Wuckert",dgleason@graham.com,"Serenata Flowers",#,"2023-01-01 07:06:37",active
"Ervin Mante",toy.bryana@luettgen.com,"Dorothy Perkins UK",#,"2023-01-01 07:06:37",active
"Al O'Reilly",schmeler.emmy@hotmail.com,"Toffs Ltd",#,"2023-01-01 07:06:37",active
"Garnett Roberts",marisa39@yahoo.com,"Ink Factory",#,"2023-01-01 07:06:37",active
"Madyson Eichmann",crunolfsson@mckenzie.org,"B & Q",#,"2023-01-01 07:06:37",active
"Vida Nikolaus",ashlynn.padberg@yahoo.com,Bunches.co.uk,#,"2023-01-01 07:06:37",active
"Cale Rolfson",natasha41@gmail.com,"Burton UK",#,"2023-01-01 07:06:37",active
"Tamia Denesik",vmetz@mertz.com,e2save,#,"2023-01-01 07:06:37",active
"Laron Metz",imonahan@howell.com,TheDrinkShop,#,"2023-01-01 07:06:37",active
"Chelsey Swaniawski",roob.ruthie@gmail.com,"Vintage Wine Gifts",#,"2023-01-01 07:06:37",active
"Celestino Cormier",rogahn.otha@nitzsche.biz,"Fitness Options",#,"2023-01-01 07:06:37",active
"Ellen Mills",abdullah45@hotmail.com,"B & Q",#,"2023-01-01 07:06:37",active
"Aleen Emard",santos.mosciski@schmeler.com,"Serenata Flowers",#,"2023-01-01 07:06:37",active
"Bonnie Gerlach",agustina.goodwin@glover.com,"Toffs Ltd",#,"2023-01-01 07:06:37",active
"Elvis Goyette",merl28@hotmail.com,Mobiles.co.uk,#,"2023-01-01 07:06:37",active
"General Daugherty",mateo05@klocko.com,Awin,#,"2023-01-01 07:06:37",active
"Nicola Farrell",jocelyn62@gmail.com,"Dorothy Perkins UK",#,"2023-01-01 07:06:37",active
"Meggie Bartoletti",hammes.elenor@yahoo.com,Post-a-Rose,#,"2023-01-01 07:06:37",active
"Aleen Emard",santos.mosciski@schmeler.com,Fragrancedirect,#,"2023-01-01 07:06:37",active
"Frederik Cummings",shany.hirthe@hotmail.com,"Darlings of Chelsea",#,"2023-01-01 07:06:37",active
"Pasquale Cremin",aleffler@yahoo.com,"Advanced MP3 Players",#,"2023-01-01 07:06:37",active
"Zoie Jacobs",rath.emil@gmail.com,"B & Q",#,"2023-01-01 07:06:37",active
"Merl Gaylord",lilian27@mcglynn.com,TheDrinkShop,#,"2023-01-01 07:06:37",active
"Dustin Streich",jolie.fritsch@yahoo.com,e2save,#,"2023-01-01 07:06:37",active
"Brionna Abernathy",jimmie.borer@hotmail.com,"Cast In Style",#,"2023-01-01 07:06:37",active
"Clair Franecki",darby.bednar@yahoo.com,Post-a-Rose,#,"2023-01-01 07:06:37",active
"Zaria Kautzer",marianne36@paucek.net,"TV Cables",#,"2023-01-01 07:06:37",active
"Tia Grimes",nheller@dach.com,"Scottsdale Golf",#,"2023-01-01 07:06:37",active
"Kendra Feeney",stoltenberg.jalyn@barrows.com,"Beauty Expert UK",#,"2023-01-01 07:06:37",active
"Sam Klocko",pweissnat@grimes.com,"Cadbury Gifts Direct",#,"2023-01-01 07:06:37",active
"Reese Bahringer",hmurazik@gmail.com,"Ink Factory",#,"2023-01-01 07:06:37",active
"Neoma Dibbert",qgrady@hotmail.com,"Serenata Flowers",#,"2023-01-01 07:06:37",active
"Fidel Toy",kirlin.missouri@gmail.com,Post-a-Rose,#,"2023-01-01 07:06:37",active
"Josefina Bernhard",estella33@gmail.com,Fragrancedirect,#,"2023-01-01 07:06:37",active
"Amaya Prosacco",lewis25@gmail.com,CartridgeMonkey,#,"2023-01-01 07:06:37",active
"Asha Mosciski",milford14@white.biz,"Song Galaxy",#,"2023-01-01 07:06:37",active
"Velva Powlowski",dawson59@hotmail.com,"Toffs Ltd",#,"2023-01-01 07:06:37",active
"Zachery Robel",kristoffer34@bartell.com,"The Safe Shop",#,"2023-01-01 07:06:37",active
"Mose Casper",gaylord.maudie@gmail.com,"Burton UK",#,"2023-01-01 07:06:37",active
"Albertha Leannon",eli.quitzon@keeling.com,Fragrancedirect,#,"2023-01-01 07:06:37",active
"Margie Simonis",axel.sipes@hotmail.com,CartridgeMonkey,#,"2023-01-01 07:06:37",active
"Zackery Blick",briana.effertz@yahoo.com,"Scottsdale Golf",#,"2023-01-01 07:06:37",active
"Wava Moore",waters.teagan@yahoo.com,Mobiles.co.uk,#,"2023-01-01 07:06:37",active
"Magali Parisian",mitchell.payton@hotmail.com,"A Quarter Of...",#,"2023-01-01 07:06:37",active
"Esmeralda Ernser",chaya62@yahoo.com,"Serenata Flowers",#,"2023-01-01 07:06:37",active
"Loyce Cartwright",oconner.rollin@gmail.com,Bunches.co.uk,#,"2023-01-01 07:06:37",active
"Maye Bayer",alexanne.heidenreich@gmail.com,"Burton UK",#,"2023-01-01 07:06:37",active
"Glennie Stanton",kayley19@hotmail.com,"The Safe Shop",#,"2023-01-01 07:06:37",active
"Cynthia Reinger",cfriesen@hotmail.com,Names.co.uk,#,"2023-01-01 07:06:37",active
"Orlo Cormier",derek.barton@hotmail.com,"Toffs Ltd",#,"2023-01-01 07:06:37",active
"Cletus Schimmel",aswaniawski@yahoo.com,"Advanced MP3 Players",#,"2023-01-01 07:06:37",active
"Nigel Schultz",simonis.princess@smith.com,"Tooled Up",#,"2023-01-01 07:06:37",active
"Maureen Parker",braun.tiffany@yahoo.com,"Cast In Style",#,"2023-01-01 07:06:37",active
"Haven Kuphal",flynch@yahoo.com,"TV Cables",#,"2023-01-01 07:06:37",active
"Hiram Stark",romaine.gorczany@hotmail.com,"B & Q",#,"2023-01-01 07:06:37",active
"Darrell Reilly",dwindler@armstrong.com,CartridgeMonkey,#,"2023-01-01 07:06:37",active
"Wilma O'Connell",mayert.coleman@gmail.com,e2save,#,"2023-01-01 07:06:37",active
"Watson Lemke",pdamore@hotmail.com,"Vintage Wine Gifts",#,"2023-01-01 07:06:37",active
"William Predovic",jbradtke@jacobson.biz,"Darlings of Chelsea",#,"2023-01-01 07:06:37",active
"Kole Ullrich",filomena.koss@durgan.info,"Savile Row Company Ltd",#,"2023-01-01 07:06:37",active
"Darrin Glover",norris.rutherford@harris.info,Prezzybox,#,"2023-01-01 07:06:37",active
"Kristin Kovacek",wsipes@block.com,Awin,#,"2023-01-01 07:06:37",active
"Fanny Maggio",mkemmer@langosh.biz,Fragrancedirect,#,"2023-01-01 07:06:37",active
"Mohammad Gaylord",betty.senger@yahoo.com,"B & Q",#,"2023-01-01 07:06:37",active
"Mike Hodkiewicz",lea.conn@gmail.com,Fragrancedirect,#,"2023-01-01 07:06:37",active
"Juston Thiel",rosalia.wolf@hotmail.com,"Mankind UK",#,"2023-01-01 07:06:37",active
"Adrien Gibson",dmitchell@labadie.com,Mobiles.co.uk,#,"2023-01-01 07:06:37",active
"Nelson Kemmer",casper.keagan@wilderman.com,"Vintage Wine Gifts",#,"2023-01-01 07:06:37",active
"Aurelia Friesen",courtney37@hotmail.com,"Appliance City",#,"2023-01-01 07:06:37",active
"Ross Haley",jkoelpin@gaylord.org,InterRose,#,"2023-01-01 07:06:37",active
"Florine Mertz",zlangosh@sawayn.biz,Mobiles.co.uk,#,"2023-01-01 07:06:37",active
"Emil Hessel",mekhi.hirthe@hotmail.com,Buyagift.co.uk,#,"2023-01-01 07:06:37",active
"Iliana Schmeler",qblock@huel.com,"Savile Row Company Ltd",#,"2023-01-01 07:06:37",active
"Donnie Shields",glover.jazmyn@hill.biz,"Beauty Expert UK",#,"2023-01-01 07:06:37",active
"Judge Pagac",hmckenzie@yahoo.com,"Appliance City",#,"2023-01-01 07:06:37",active
"Lily Nicolas",winona16@price.com,"TV Cables",#,"2023-01-01 07:06:37",active
"Lamont Morissette",rullrich@yahoo.com,"Novatech Ltd",#,"2023-01-01 07:06:37",active
"Ezra Ferry",roconnell@gmail.com,"Cadbury Gifts Direct",#,"2023-01-01 07:06:37",active
"Orville Stark",juston.leuschke@gmail.com,"The Safe Shop",#,"2023-01-01 07:06:37",active
"Greta Swift",misael.kozey@gmail.com,"Ink Factory",#,"2023-01-01 07:06:37",active
"Cecil Rice",bashirian.rosalyn@hotmail.com,"Beauty Expert UK",#,"2023-01-01 07:06:37",active
"Ettie Runte",dahlia.funk@metz.com,"Advanced MP3 Players",#,"2023-01-01 07:06:37",active
"Dolores Reichert",braxton.gleason@yahoo.com,"A Quarter Of...",#,"2023-01-01 07:06:37",active
"Lula Krajcik",clair.beier@koch.com,Names.co.uk,#,"2023-01-01 07:06:37",active
"Ike O'Connell",shany.bayer@hotmail.com,"Toffs Ltd",#,"2023-01-01 07:06:37",active
"Cecelia Murphy",sierra63@gulgowski.com,"Darlings of Chelsea",#,"2023-01-01 07:06:37",active
"Kiera Rogahn",timmy.cormier@hotmail.com,CartridgeMonkey,#,"2023-01-01 07:06:37",active
"Kristin Kovacek",wsipes@block.com,"Chocolate Trading Company",#,"2023-01-01 07:06:37",active
"Bella Gulgowski",dewayne.leuschke@goldner.com,Prezzybox,#,"2023-01-01 07:06:37",active
"Arne Bins",beier.ayla@hotmail.com,Fragrancedirect,#,"2023-01-01 07:06:37",active
"Valentine O'Reilly",pwitting@mckenzie.com,"Fitness Options",#,"2023-01-01 07:06:37",active
"Ludie Bruen",adaline37@gmail.com,"A Quarter Of...",#,"2023-01-01 07:06:37",active
"Otto Predovic",kreiger.lila@yahoo.com,"Cast In Style",#,"2023-01-01 07:06:37",active
"Heaven Dibbert",elvis80@cormier.com,"Mankind UK",#,"2023-01-01 07:06:37",active
"Maurine Quitzon",jany69@hayes.com,Names.co.uk,#,"2023-01-01 07:06:37",active
"Brandt Russel",jsimonis@gmail.com,Create,#,"2023-01-01 07:06:37",active
"Haven Kuphal",flynch@yahoo.com,"Advanced MP3 Players",#,"2023-01-01 07:06:37",active
"Keaton Emmerich",gorn@satterfield.biz,"Serenata Flowers",#,"2023-01-01 07:06:37",active
"Jammie Legros",antoinette.daugherty@hotmail.com,"Bed Star Ltd",#,"2023-01-01 07:06:37",active
"Jordy Wyman",darren52@yahoo.com,"Pharmacy2U Online Doctor",#,"2023-01-01 07:06:37",active
"Clint Murphy",pdavis@gmail.com,"Toffs Ltd",#,"2023-01-01 07:06:37",active
"Neil Mertz",trisha.walker@welch.biz,"A Quarter Of...",#,"2023-01-01 07:06:37",active
"Ibrahim Raynor",price.olson@connelly.net,"Pharmacy2U Online Doctor",#,"2023-01-01 07:06:37",active
"Ivy Auer",lolita66@hauck.info,"Cast In Style",#,"2023-01-01 07:06:37",active
"Victor Nolan",zoie.reilly@gmail.com,"TV Cables",#,"2023-01-01 07:06:37",active
"Mustafa Koss",huel.kory@yahoo.com,"Beauty Expert UK",#,"2023-01-01 07:06:37",active
"Emmy Kozey",kemmer.muriel@price.com,"TV Cables",#,"2023-01-01 07:06:37",active
"Conor Ratke",schumm.breana@gutkowski.com,"Novatech Ltd",#,"2023-01-01 07:06:37",active
"Nona Bashirian",yschimmel@crooks.com,"Vision Direct UK",#,"2023-01-01 07:06:37",active
"Lukas Kuhn",rosalee.feil@yahoo.com,"Appliance City",#,"2023-01-01 07:06:37",active
"Constantin O'Keefe",myrtie.lynch@yahoo.com,"Fitness Options",#,"2023-01-01 07:06:37",active
"Maurine Frami",bosco.taurean@hotmail.com,Post-a-Rose,#,"2023-01-01 07:06:37",active
"Savion Wuckert",carol.greenholt@von.net,"Beauty Expert UK",#,"2023-01-01 07:06:37",active
"Marshall Ritchie",kiehn.edgardo@yahoo.com,Fragrancedirect,#,"2023-01-01 07:06:37",active
"Johnpaul Sanford",michaela28@bergnaum.com,"Mankind UK",#,"2023-01-01 07:06:37",active
"Jeanette Hammes",rheller@rosenbaum.biz,"Toffs Ltd",#,"2023-01-01 07:06:37",active
"Nona Bashirian",yschimmel@crooks.com,"Burton UK",#,"2023-01-01 07:06:37",active
"Andreane Marks",cecilia.spinka@ziemann.org,Mobiles.co.uk,#,"2023-01-01 07:06:37",active
"Darwin Bartell",asa52@purdy.biz,"Scottsdale Golf",#,"2023-01-01 07:06:37",active
"Macie Bailey",qkling@runte.net,"Novatech Ltd",#,"2023-01-01 07:06:37",active
"Tony Kulas",aschimmel@yahoo.com,Create,#,"2023-01-01 07:06:37",active
"Jaqueline Schneider",gerlach.brant@frami.com,"Pharmacy2U Online Doctor",#,"2023-01-01 07:06:37",active
"Retta Glover",dora44@yahoo.com,"Burton UK",#,"2023-01-01 07:06:37",active
"Kiera Hayes",gleichner.loraine@hotmail.com,"B & Q",#,"2023-01-01 07:06:37",active
"Don Pollich",schaefer.darby@spencer.com,"Dorothy Perkins UK",#,"2023-01-01 07:06:37",active
"Florine Cruickshank",kilback.kamille@quitzon.info,"Burton UK",#,"2023-01-01 07:06:37",active
"Anjali Kozey",orlo.lakin@mueller.com,"The Safe Shop",#,"2023-01-01 07:06:37",active
"Monserrat Keebler",wwaters@gmail.com,"Advanced MP3 Players",#,"2023-01-01 07:06:37",active
"Abdul Schaden",ibailey@gmail.com,CartridgeMonkey,#,"2023-01-01 07:06:37",active
"Hiram Gaylord",qtillman@gibson.com,Awin,#,"2023-01-01 07:06:37",active
"Janis Stanton",obartoletti@gmail.com,e2save,#,"2023-01-01 07:06:37",active
"Cletus Pollich",qhartmann@yahoo.com,Awin,#,"2023-01-01 07:06:37",active
"Marta Kunze",harrison48@hotmail.com,"Song Galaxy",#,"2023-01-01 07:06:37",active
"Florine Cruickshank",kilback.kamille@quitzon.info,"Darlings of Chelsea",#,"2023-01-01 07:06:37",active
"Genesis Collier",dickens.brennan@runte.info,"Ink Factory",#,"2023-01-01 07:06:37",active
"Brannon Labadie",vconnelly@yahoo.com,Bunches.co.uk,#,"2023-01-01 07:06:37",active
"Leora Altenwerth",reichel.giovanna@yahoo.com,"Dorothy Perkins UK",#,"2023-01-01 07:06:36",active
"Brendon Rohan",okeefe.caroline@yahoo.com,"TV Cables",#,"2023-01-01 07:06:36",active
"Pearl Wyman",domenick03@hotmail.com,"Fitness Options",#,"2023-01-01 07:06:36",active
"Aleen Emard",santos.mosciski@schmeler.com,Create,#,"2023-01-01 07:06:36",active
"Ursula Rice",jquigley@reichert.net,CartridgeMonkey,#,"2023-01-01 07:06:36",active
"Elda Reynolds",kevon.becker@hotmail.com,Create,#,"2023-01-01 07:06:36",active
"Letitia Ratke",lbatz@gmail.com,"Novatech Ltd",#,"2023-01-01 07:06:36",active
"Saige Crist",fswift@gmail.com,"Savile Row Company Ltd",#,"2023-01-01 07:06:36",active
"Lucy Lueilwitz",zthiel@yahoo.com,Prezzybox,#,"2023-01-01 07:06:36",active
"Ardella O'Reilly",qkreiger@yahoo.com,e2save,#,"2023-01-01 07:06:36",active
"Clifford Considine",rowland66@hotmail.com,"Song Galaxy",#,"2023-01-01 07:06:36",active
"Merle Leuschke",pkrajcik@daniel.com,Awin,#,"2023-01-01 07:06:36",active
"Marvin Jacobs",rogahn.joshua@dicki.com,"TV Cables",#,"2023-01-01 07:06:36",active
"Monroe Bernier",vglover@ohara.com,"Chocolate Trading Company",#,"2023-01-01 07:06:36",active
"Maurine Frami",bosco.taurean@hotmail.com,"Tooled Up",#,"2023-01-01 07:06:36",active
"Branson Funk",kyle.zulauf@gmail.com,Mobiles.co.uk,#,"2023-01-01 07:06:36",active
"Bernardo Mraz",wdaugherty@yahoo.com,"Pharmacy2U Online Doctor",#,"2023-01-01 07:06:36",active
"Mallie Reilly",laurence.howe@schowalter.com,InterRose,#,"2023-01-01 07:06:36",active
"Demond Runolfsdottir",koepp.estelle@hotmail.com,"Chocolate Trading Company",#,"2023-01-01 07:06:36",active
"Sam Gutkowski",rkovacek@gusikowski.com,"A Quarter Of...",#,"2023-01-01 07:06:36",active
"Karli Ward",priscilla63@hotmail.com,"Fitness Options",#,"2023-01-01 07:06:36",active
"Florine Cruickshank",kilback.kamille@quitzon.info,"Chocolate Trading Company",#,"2023-01-01 07:06:36",active
"Aida Crooks",louvenia.koelpin@hotmail.com,"Cadbury Gifts Direct",#,"2023-01-01 07:06:36",active
"Vernie Olson",rhackett@yahoo.com,"Fitness Options",#,"2023-01-01 07:06:36",active
"Winona Lakin",klein.madge@schneider.info,Create,#,"2023-01-01 07:06:36",active
"Fredrick Murphy",mertz.nasir@conn.biz,"Appliance City",#,"2023-01-01 07:06:36",active
"Samanta Kulas",immanuel43@hotmail.com,"Burton UK",#,"2023-01-01 07:06:36",active
"Brando Rodriguez",hlynch@gmail.com,Buyagift.co.uk,#,"2023-01-01 07:06:36",active
"Orville Stark",juston.leuschke@gmail.com,"Bed Star Ltd",#,"2023-01-01 07:06:36",active
"Zackery Blick",briana.effertz@yahoo.com,"B & Q",#,"2023-01-01 07:06:36",active
"Fae O'Connell",anibal50@yahoo.com,"Tooled Up",#,"2023-01-01 07:06:36",active
"Ludie Bruen",adaline37@gmail.com,"Vision Direct UK",#,"2023-01-01 07:06:36",active
"Garnett Roberts",marisa39@yahoo.com,Fragrancedirect,#,"2023-01-01 07:06:36",active
"Maryam Bergnaum",magdalena.runte@dickens.com,"Serenata Flowers",#,"2023-01-01 07:06:36",active
"Verda Streich",gerry.lehner@hotmail.com,"Darlings of Chelsea",#,"2023-01-01 07:06:36",active
"Dustin Streich",jolie.fritsch@yahoo.com,"Burton UK",#,"2023-01-01 07:06:36",active
"Deven Marvin",sid50@yahoo.com,"Scottsdale Golf",#,"2023-01-01 07:06:36",active
"Jaren DuBuque",torp.jacklyn@beer.biz,TheDrinkShop,#,"2023-01-01 07:06:36",active
"Agnes Daniel",moore.adah@davis.com,"Fitness Options",#,"2023-01-01 07:06:36",active
"Friedrich Smith",ngulgowski@haag.com,Fragrancedirect,#,"2023-01-01 07:06:36",active
"Jackeline Buckridge",mgrimes@heller.com,"Chocolate Trading Company",#,"2023-01-01 07:06:36",active
"Darrell Reilly",dwindler@armstrong.com,Awin,#,"2023-01-01 07:06:36",active
"Jammie Turner",armstrong.rosalyn@swift.com,"Bed Star Ltd",#,"2023-01-01 07:06:36",active
"Corene Sawayn",kathlyn.kuvalis@hotmail.com,"Song Galaxy",#,"2023-01-01 07:06:36",active
"Keven Heidenreich",gmurray@hotmail.com,"Serenata Flowers",#,"2023-01-01 07:06:36",active
"Skye Haley",cecelia13@gmail.com,Bunches.co.uk,#,"2023-01-01 07:06:36",active
"Damian Dach",lola.hessel@gmail.com,"Dorothy Perkins UK",#,"2023-01-01 07:06:36",active
"Estrella Hane",pkrajcik@barton.com,"Novatech Ltd",#,"2023-01-01 07:06:36",active
"Cecile Prohaska",owen.pollich@gmail.com,Prezzybox,#,"2023-01-01 07:06:36",active
"Ryder Toy",elinore35@hotmail.com,"Fitness Options",#,"2023-01-01 07:06:36",active
"Clair Franecki",darby.bednar@yahoo.com,"Savile Row Company Ltd",#,"2023-01-01 07:06:36",active
"Jeanette Hammes",rheller@rosenbaum.biz,e2save,#,"2023-01-01 07:06:36",active
"Alverta Gerhold",ewelch@gmail.com,TheDrinkShop,#,"2023-01-01 07:06:36",active
"Eve Casper",rconsidine@treutel.com,"Novatech Ltd",#,"2023-01-01 07:06:36",active
"Paolo Wehner",alec64@mills.info,"Pharmacy2U Online Doctor",#,"2023-01-01 07:06:36",active
"Verdie Schimmel",cwisoky@hotmail.com,"Advanced MP3 Players",#,"2023-01-01 07:06:36",active
"Ole Batz",gorczany.kane@yahoo.com,"Vision Direct UK",#,"2023-01-01 07:06:36",active
"Lera Schulist",atoy@abernathy.com,"TV Cables",#,"2023-01-01 07:06:36",active
"Asha Mosciski",milford14@white.biz,"Cast In Style",#,"2023-01-01 07:06:36",active
"Henriette Berge",vmedhurst@sanford.com,"Cast In Style",#,"2023-01-01 07:06:36",active
"Kariane Braun",purdy.carolyn@robel.com,"Ink Factory",#,"2023-01-01 07:06:36",active
"Eleanora Goldner",jreichel@yahoo.com,"The Safe Shop",#,"2023-01-01 07:06:36",active
"Clare Ullrich",rolfson.jeffrey@corkery.org,"Scottsdale Golf",#,"2023-01-01 07:06:36",active
"Terrance Murazik",rhea86@hotmail.com,"Burton UK",#,"2023-01-01 07:06:36",active
"Cale Rolfson",natasha41@gmail.com,"TV Cables",#,"2023-01-01 07:06:36",active
"Donnie Shields",glover.jazmyn@hill.biz,Create,#,"2023-01-01 07:06:36",active
"Daron Ankunding",russel.theodore@yahoo.com,"Pharmacy2U Online Doctor",#,"2023-01-01 07:06:36",active
"Sienna Gislason",galtenwerth@gmail.com,"Chocolate Trading Company",#,"2023-01-01 07:06:36",active
"Paolo Bosco",vernon41@ruecker.net,Prezzybox,#,"2023-01-01 07:06:36",active
"Lavinia Barrows",fahey.emmy@yahoo.com,TheDrinkShop,#,"2023-01-01 07:06:36",active
"Fanny Maggio",mkemmer@langosh.biz,TheDrinkShop,#,"2023-01-01 07:06:36",active
"Terrance Murazik",rhea86@hotmail.com,"Advanced MP3 Players",#,"2023-01-01 07:06:36",active
"Adrien Gibson",dmitchell@labadie.com,"Serenata Flowers",#,"2023-01-01 07:06:36",active
"Kip Fay",hugh.marks@gmail.com,"Ink Factory",#,"2023-01-01 07:06:36",active
"Beaulah Reilly",cale17@spencer.com,"Appliance City",#,"2023-01-01 07:06:36",active
"Elbert Beer",kyler.lebsack@hotmail.com,"Mankind UK",#,"2023-01-01 07:06:36",active
"Rae Bechtelar",miles.gottlieb@cole.com,"Advanced MP3 Players",#,"2023-01-01 07:06:36",active
"Nelson Mitchell",hammes.christina@hotmail.com,Names.co.uk,#,"2023-01-01 07:06:36",active
"Queen Vandervort",corkery.rosanna@conn.net,CartridgeMonkey,#,"2023-01-01 07:06:36",active
"Johnathan Goyette",xbeer@morar.com,"Cast In Style",#,"2023-01-01 07:06:36",active
"Jack Steuber",juliet51@fay.net,"Song Galaxy",#,"2023-01-01 07:06:36",active
"Everardo Hagenes",madie47@hotmail.com,"Advanced MP3 Players",#,"2023-01-01 07:06:36",active
"Johnpaul Sanford",michaela28@bergnaum.com,"Dorothy Perkins UK",#,"2023-01-01 07:06:36",active
"Emie Wisozk",sreinger@gmail.com,Fragrancedirect,#,"2023-01-01 07:06:36",active
"Florence Treutel",raheem29@marvin.com,Awin,#,"2023-01-01 07:06:36",active
"Leanna King",qlittel@hotmail.com,InterRose,#,"2023-01-01 07:06:36",active
"Kip Fay",hugh.marks@gmail.com,"A Quarter Of...",#,"2023-01-01 07:06:36",active
"Elvis Goyette",merl28@hotmail.com,"Burton UK",#,"2023-01-01 07:06:36",active
"Kamryn Hill",karina97@smitham.com,Prezzybox,#,"2023-01-01 07:06:36",active
"Wilson Streich",vtorphy@kassulke.com,Fragrancedirect,#,"2023-01-01 07:06:36",active
"Tre Mills",vhuels@yahoo.com,"Darlings of Chelsea",#,"2023-01-01 07:06:36",active
"Glennie Stanton",kayley19@hotmail.com,"Cadbury Gifts Direct",#,"2023-01-01 07:06:36",active
"Gage Feil",wchristiansen@yahoo.com,"Scottsdale Golf",#,"2023-01-01 07:06:36",active
"Aleen Kassulke",leuschke.cleo@veum.org,Fragrancedirect,#,"2023-01-01 07:06:36",active
"Taya Connelly",roxane.koss@friesen.com,"Toffs Ltd",#,"2023-01-01 07:06:36",active
"Valentin Toy",melvin33@moen.com,"The Safe Shop",#,"2023-01-01 07:06:36",active
"Josefina Bernhard",estella33@gmail.com,Fragrancedirect,#,"2023-01-01 07:06:36",active
"Destini Marks",gulgowski.nat@hotmail.com,TheDrinkShop,#,"2023-01-01 07:06:36",active
"Nico Bradtke",hoeger.vito@gmail.com,Fragrancedirect,#,"2023-01-01 07:06:36",active
"Lillie Metz",doug00@yahoo.com,Buyagift.co.uk,#,"2023-01-01 07:06:36",active
"Maya Mitchell",sigrid.greenfelder@runolfsdottir.com,Awin,#,"2023-01-01 07:06:36",active
"Jonatan Paucek",sarina34@gmail.com,"Darlings of Chelsea",#,"2023-01-01 07:06:36",active
"Justus Pagac",emmet78@yahoo.com,e2save,#,"2023-01-01 07:06:36",active
"Coty Abernathy",dalton95@hotmail.com,"Pharmacy2U Online Doctor",#,"2023-01-01 07:06:36",active
"Joannie Frami",oferry@kulas.info,"Cadbury Gifts Direct",#,"2023-01-01 07:06:36",active
"Sam Gutkowski",rkovacek@gusikowski.com,"Toffs Ltd",#,"2023-01-01 07:06:36",active
"Aleen Kassulke",leuschke.cleo@veum.org,"Advanced MP3 Players",#,"2023-01-01 07:06:36",active
"Janie Powlowski",tanner04@pacocha.com,"Vintage Wine Gifts",#,"2023-01-01 07:06:36",active
"Juwan Ledner",nikolaus.shawn@hotmail.com,"Burton UK",#,"2023-01-01 07:06:36",active
"Serenity Runte",bertha.skiles@weimann.info,"Toffs Ltd",#,"2023-01-01 07:06:36",active
"Ryann Kuhic",bonita75@gmail.com,"Bed Star Ltd",#,"2023-01-01 07:06:36",active
"Bertha Ullrich",haven.rice@hotmail.com,InterRose,#,"2023-01-01 07:06:36",active
"Letha Armstrong",alden.douglas@hotmail.com,"A Quarter Of...",#,"2023-01-01 07:06:36",active
"Scotty Kiehn",dbraun@harvey.com,"B & Q",#,"2023-01-01 07:06:36",active
"Carleton Rolfson",amya05@gmail.com,"Novatech Ltd",#,"2023-01-01 07:06:36",active
"Tillman Greenfelder",koepp.sydni@robel.com,"Chocolate Trading Company",#,"2023-01-01 07:06:36",active
"Lempi Schroeder",gottlieb.liliana@wiegand.org,"Bed Star Ltd",#,"2023-01-01 07:06:36",active
"Tiffany Huels",dietrich.golden@yahoo.com,"B & Q",#,"2023-01-01 07:06:36",active
"Hailey Schuster",antonina04@hotmail.com,"Mankind UK",#,"2023-01-01 07:06:36",active
"Carmella Champlin",micah.hegmann@veum.info,Fragrancedirect,#,"2023-01-01 07:06:36",active
"Eldred Beahan",kunde.kennedy@yahoo.com,e2save,#,"2023-01-01 07:06:36",active
"Arlene Greenfelder",zjacobs@gmail.com,"Mankind UK",#,"2023-01-01 07:06:36",active
"Marley Wunsch",freddie98@hotmail.com,e2save,#,"2023-01-01 07:06:36",active
"Wilson Streich",vtorphy@kassulke.com,Mobiles.co.uk,#,"2023-01-01 07:06:36",active
"Alison Borer",delbert.harris@gmail.com,"Ink Factory",#,"2023-01-01 07:06:36",active
"Joshuah Prosacco",price.darrin@heaney.com,"Chocolate Trading Company",#,"2023-01-01 07:06:36",active
"Estell Johns",hills.creola@gmail.com,Post-a-Rose,#,"2023-01-01 07:06:36",active
"Queen Vandervort",corkery.rosanna@conn.net,"Novatech Ltd",#,"2023-01-01 07:06:36",active
"Tess McLaughlin",dashawn36@raynor.net,"Vision Direct UK",#,"2023-01-01 07:06:36",active
"Addie Mitchell",tatyana01@hotmail.com,CartridgeMonkey,#,"2023-01-01 07:06:36",active
"William Predovic",jbradtke@jacobson.biz,"Song Galaxy",#,"2023-01-01 07:06:36",active
"Oswald Buckridge",koelpin.orion@padberg.com,"Vintage Wine Gifts",#,"2023-01-01 07:06:36",active
"Garth Gaylord",nia38@cummerata.net,e2save,#,"2023-01-01 07:06:36",active
"Skyla Von",kaycee03@gmail.com,"Beauty Expert UK",#,"2023-01-01 07:06:36",active
"Dameon Sipes",chahn@hudson.com,Names.co.uk,#,"2023-01-01 07:06:36",active
"Belle Bosco",ystamm@yahoo.com,"Bed Star Ltd",#,"2023-01-01 07:06:36",active
"Candice Herman",dolly36@durgan.com,"Song Galaxy",#,"2023-01-01 07:06:36",active
"Gina Cormier",katharina79@yahoo.com,"B & Q",#,"2023-01-01 07:06:36",active
"Freddy Mayert",kurt.yost@hotmail.com,Prezzybox,#,"2023-01-01 07:06:36",active
"Domenica Quitzon",vesta.schoen@simonis.biz,"Advanced MP3 Players",#,"2023-01-01 07:06:36",active
"Aurore McGlynn",jratke@yahoo.com,"Serenata Flowers",#,"2023-01-01 07:06:36",active
"Ward Kub",cale.prohaska@klein.com,"Chocolate Trading Company",#,"2023-01-01 07:06:36",active
"Tony Kulas",aschimmel@yahoo.com,Names.co.uk,#,"2023-01-01 07:06:36",active
"Nellie Predovic",madilyn08@ondricka.org,Bunches.co.uk,#,"2023-01-01 07:06:36",active
"Destini Marks",gulgowski.nat@hotmail.com,e2save,#,"2023-01-01 07:06:36",active
"Domenica Quitzon",vesta.schoen@simonis.biz,"Cadbury Gifts Direct",#,"2023-01-01 07:06:36",active
"Eunice Adams",heidenreich.alexa@gmail.com,"A Quarter Of...",#,"2023-01-01 07:06:36",active
"August Howe",tkihn@durgan.net,"TV Cables",#,"2023-01-01 07:06:36",active
"Brandi Crona",elisha.blick@kemmer.com,CartridgeMonkey,#,"2023-01-01 07:06:36",active
"Syble Legros",domenick51@lebsack.net,Post-a-Rose,#,"2023-01-01 07:06:36",active
"Nadia Turner",bettie73@gmail.com,"Toffs Ltd",#,"2023-01-01 07:06:36",active
"Morgan Willms",kwisozk@hegmann.com,"Pharmacy2U Online Doctor",#,"2023-01-01 07:06:36",active
"Dominic Walter",telly75@gmail.com,"Cast In Style",#,"2023-01-01 07:06:36",active
"Kamryn Kohler",bruce27@wunsch.com,"Dorothy Perkins UK",#,"2023-01-01 07:06:36",active
"Kassandra Luettgen",gino36@hotmail.com,"Cast In Style",#,"2023-01-01 07:06:36",active
"Maurine Frami",bosco.taurean@hotmail.com,"Burton UK",#,"2023-01-01 07:06:36",active
"Nona Bashirian",yschimmel@crooks.com,Buyagift.co.uk,#,"2023-01-01 07:06:36",active
"Lillie Metz",doug00@yahoo.com,"Vintage Wine Gifts",#,"2023-01-01 07:06:36",active
"Elwyn Leuschke",luella.hagenes@kshlerin.net,Bunches.co.uk,#,"2023-01-01 07:06:36",active
"Ben Williamson",emilio.raynor@klocko.com,"Pharmacy2U Online Doctor",#,"2023-01-01 07:06:36",active
"Maye Bayer",alexanne.heidenreich@gmail.com,"Fitness Options",#,"2023-01-01 07:06:36",active
"Mallory Gibson",ckeebler@miller.com,"Darlings of Chelsea",#,"2023-01-01 07:06:36",active
"Savannah Davis",kgoldner@wyman.net,e2save,#,"2023-01-01 07:06:36",active
"Elvis Goyette",merl28@hotmail.com,Bunches.co.uk,#,"2023-01-01 07:06:36",active
"Jacques White",vveum@price.com,Awin,#,"2023-01-01 07:06:36",active
"Pearl Wyman",domenick03@hotmail.com,"Advanced MP3 Players",#,"2023-01-01 07:06:36",active
"Mohammad Gaylord",betty.senger@yahoo.com,"Chocolate Trading Company",#,"2023-01-01 07:06:36",active
"Dee Hammes",garett07@bergnaum.net,"Advanced MP3 Players",#,"2023-01-01 07:06:36",active
"Queen Vandervort",corkery.rosanna@conn.net,"B & Q",#,"2023-01-01 07:06:36",active
"Letitia Ratke",lbatz@gmail.com,"TV Cables",#,"2023-01-01 07:06:36",active
"Chelsea Lesch",cristal.rosenbaum@bahringer.com,"Mankind UK",#,"2023-01-01 07:06:36",active
"Timmothy Harris",myrna.dach@yahoo.com,"Beauty Expert UK",#,"2023-01-01 07:06:36",active
"Retta Wunsch",bstiedemann@tillman.org,e2save,#,"2023-01-01 07:06:36",active
"Peggie Collier",kailyn.schmeler@yahoo.com,InterRose,#,"2023-01-01 07:06:36",active
"Michale Jenkins",rjohnston@wilkinson.info,CartridgeMonkey,#,"2023-01-01 07:06:36",active
"Jeanette Hammes",rheller@rosenbaum.biz,"Song Galaxy",#,"2023-01-01 07:06:36",active
"Ron Rogahn",domenica.von@huel.com,"The Safe Shop",#,"2023-01-01 07:06:36",active
"Kristin McLaughlin",olin08@fay.com,Buyagift.co.uk,#,"2023-01-01 07:06:36",active
"Earline Upton",manley93@hotmail.com,"Novatech Ltd",#,"2023-01-01 07:06:36",active
"Lorna Legros",devin.roob@gmail.com,"Serenata Flowers",#,"2023-01-01 07:06:36",active
"Skyla Von",kaycee03@gmail.com,"Tooled Up",#,"2023-01-01 07:06:36",active
"Taya Connelly",roxane.koss@friesen.com,Mobiles.co.uk,#,"2023-01-01 07:06:36",active
"Johann Konopelski",caitlyn73@herzog.com,Post-a-Rose,#,"2023-01-01 07:06:36",active
"Jeanette Hammes",rheller@rosenbaum.biz,"Dorothy Perkins UK",#,"2023-01-01 07:06:36",active
"Cynthia Reinger",cfriesen@hotmail.com,CartridgeMonkey,#,"2023-01-01 07:06:36",active
"Milan Breitenberg",lkshlerin@kunde.com,"Beauty Expert UK",#,"2023-01-01 07:06:36",active
"Frederik Cummings",shany.hirthe@hotmail.com,"Savile Row Company Ltd",#,"2023-01-01 07:06:36",active
"Dion Mante",hbashirian@kub.info,"Appliance City",#,"2023-01-01 07:06:36",active
"Duane Collins",brenna48@luettgen.com,"Darlings of Chelsea",#,"2023-01-01 07:06:36",active
"Ivah Cremin",bswaniawski@zboncak.com,"Cast In Style",#,"2023-01-01 07:06:36",active
"Barton Larson",ricky39@gmail.com,"Song Galaxy",#,"2023-01-01 07:06:36",active
"Laverna Hirthe",dickinson.valerie@yahoo.com,"Song Galaxy",#,"2023-01-01 07:06:36",active
"Danielle Hayes",koelpin.deondre@hand.com,"Cadbury Gifts Direct",#,"2023-01-01 07:06:36",active
"Cristina Wiegand",marcus.murray@hotmail.com,"Darlings of Chelsea",#,"2023-01-01 07:06:36",active
"Garnett Roberts",marisa39@yahoo.com,"Song Galaxy",#,"2023-01-01 07:06:36",active
"Ralph Rogahn",letha.okeefe@yahoo.com,"Chocolate Trading Company",#,"2023-01-01 07:06:36",active
"Vernon Maggio",andres.conn@mertz.net,Prezzybox,#,"2023-01-01 07:06:36",active
"Alayna Goyette",durward.kling@yahoo.com,"Novatech Ltd",#,"2023-01-01 07:06:36",active
"Izabella Graham",camryn88@corkery.com,Buyagift.co.uk,#,"2023-01-01 07:06:36",active
"Violette Goodwin",cora.haley@gmail.com,"Cadbury Gifts Direct",#,"2023-01-01 07:06:36",active
"Damian Dach",lola.hessel@gmail.com,Create,#,"2023-01-01 07:06:36",active
"Joana Ferry",gislason.louie@yahoo.com,Prezzybox,#,"2023-01-01 07:06:36",active
"Pearlie Waelchi",heber51@torphy.info,"Song Galaxy",#,"2023-01-01 07:06:36",active
"Kole Ullrich",filomena.koss@durgan.info,"Cast In Style",#,"2023-01-01 07:06:36",active
"Ayana Krajcik",nbahringer@kuvalis.com,TheDrinkShop,#,"2023-01-01 07:06:36",active
"Lambert Bechtelar",raleigh35@yahoo.com,Buyagift.co.uk,#,"2023-01-01 07:06:36",active
"Weldon Turcotte",florida.dickens@hotmail.com,"Scottsdale Golf",#,"2023-01-01 07:06:36",active
"Don Pollich",schaefer.darby@spencer.com,Bunches.co.uk,#,"2023-01-01 07:06:36",active
"Amanda Armstrong",klein.ron@hotmail.com,"Bed Star Ltd",#,"2023-01-01 07:06:36",active
"Deven Marvin",sid50@yahoo.com,"Savile Row Company Ltd",#,"2023-01-01 07:06:36",active
"Robb Dooley",volkman.jayson@renner.biz,"Toffs Ltd",#,"2023-01-01 07:06:36",active
"Elwyn Leuschke",luella.hagenes@kshlerin.net,"Serenata Flowers",#,"2023-01-01 07:06:36",active
"Emie Wisozk",sreinger@gmail.com,"Burton UK",#,"2023-01-01 07:06:36",active
"Loyce Cartwright",oconner.rollin@gmail.com,"Fitness Options",#,"2023-01-01 07:06:36",active
"Jonatan Paucek",sarina34@gmail.com,Create,#,"2023-01-01 07:06:36",active
"Zetta Miller",skulas@yahoo.com,"Mankind UK",#,"2023-01-01 07:06:36",active
"Dane Runolfsson",schmeler.turner@yahoo.com,"Cast In Style",#,"2023-01-01 07:06:36",active
"Zetta Miller",skulas@yahoo.com,"Beauty Expert UK",#,"2023-01-01 07:06:36",active
"Laurence Stroman",emelie.medhurst@yahoo.com,"Song Galaxy",#,"2023-01-01 07:06:36",active
"Darrin Bauch",dicki.erin@hotmail.com,"Song Galaxy",#,"2023-01-01 07:06:36",active
"Adonis Satterfield",bbreitenberg@hotmail.com,"Beauty Expert UK",#,"2023-01-01 07:06:36",active
"Dane Runolfsson",schmeler.turner@yahoo.com,"Novatech Ltd",#,"2023-01-01 07:06:36",active
"Shania Weimann",alexandria.schinner@farrell.info,"Toffs Ltd",#,"2023-01-01 07:06:36",active
"Lavina Christiansen",owilderman@gmail.com,"Advanced MP3 Players",#,"2023-01-01 07:06:36",active
"Garnett Roberts",marisa39@yahoo.com,"Beauty Expert UK",#,"2023-01-01 07:06:36",active
"Stephen Reinger",loyce.bogisich@hotmail.com,"Dorothy Perkins UK",#,"2023-01-01 07:06:36",active
"Jeffery Price",bobbie.quigley@frami.com,CartridgeMonkey,#,"2023-01-01 07:06:36",active
"Arne Carter",lucas54@hotmail.com,"Chocolate Trading Company",#,"2023-01-01 07:06:36",active
"Jana Beer",bcrona@gmail.com,"Advanced MP3 Players",#,"2023-01-01 07:06:36",active
"Alexandrine Fahey",schoen.hallie@yahoo.com,Prezzybox,#,"2023-01-01 07:06:36",active
"Chelsey Swaniawski",roob.ruthie@gmail.com,Create,#,"2023-01-01 07:06:36",active
"Jaime Yundt",dominique.schulist@yahoo.com,"Scottsdale Golf",#,"2023-01-01 07:06:36",active
"Reggie Berge",eusebio.trantow@yahoo.com,"Ink Factory",#,"2023-01-01 07:06:36",active
"Sean Leuschke",rice.leta@hotmail.com,"Bed Star Ltd",#,"2023-01-01 07:06:36",active
"Lowell Balistreri",kiana45@hotmail.com,Create,#,"2023-01-01 07:06:36",active
"Uriel Schowalter",opal56@yahoo.com,InterRose,#,"2023-01-01 07:06:36",active
"Nicola Farrell",jocelyn62@gmail.com,"A Quarter Of...",#,"2023-01-01 07:06:36",active
"Dameon Sipes",chahn@hudson.com,"Ink Factory",#,"2023-01-01 07:06:36",active
"Cathy Beier",ofelia.kessler@ryan.com,"Advanced MP3 Players",#,"2023-01-01 07:06:36",active
"Greta Durgan",ross.powlowski@sanford.com,"Cast In Style",#,"2023-01-01 07:06:36",active
"Yazmin Luettgen",ntorp@quigley.com,"Darlings of Chelsea",#,"2023-01-01 07:06:36",active
"Vernon Maggio",andres.conn@mertz.net,"Mankind UK",#,"2023-01-01 07:06:36",active
"Joana Ferry",gislason.louie@yahoo.com,"Darlings of Chelsea",#,"2023-01-01 07:06:36",active
"Elaina Runolfsdottir",aliyah61@langosh.info,Bunches.co.uk,#,"2023-01-01 07:06:36",active
"Brannon Labadie",vconnelly@yahoo.com,Mobiles.co.uk,#,"2023-01-01 07:06:36",active
"Jacquelyn Hoeger",fay.nikita@corkery.org,"Chocolate Trading Company",#,"2023-01-01 07:06:36",active
"Hank Oberbrunner",wunsch.merl@rice.info,Names.co.uk,#,"2023-01-01 07:06:36",active
"Ole Mraz",reynolds.ramona@bednar.com,"Mankind UK",#,"2023-01-01 07:06:36",active
"Coby Johns",sydnie13@emmerich.com,Mobiles.co.uk,#,"2023-01-01 07:06:36",active
"Royce Gutmann",rosalia90@yahoo.com,"Beauty Expert UK",#,"2023-01-01 07:06:36",active
"Syble Legros",domenick51@lebsack.net,"Bed Star Ltd",#,"2023-01-01 07:06:36",active
"Serenity Haag",nicola24@hotmail.com,e2save,#,"2023-01-01 07:06:36",active
"Haylee Morar",hettie11@yahoo.com,"Tooled Up",#,"2023-01-01 07:06:36",active
"Royce Gutmann",rosalia90@yahoo.com,"Toffs Ltd",#,"2023-01-01 07:06:36",active
"Arne Carter",lucas54@hotmail.com,"Vision Direct UK",#,"2023-01-01 07:06:36",active
"Letitia Kerluke",rnicolas@carroll.biz,"Pharmacy2U Online Doctor",#,"2023-01-01 07:06:36",active
"Dexter Bergstrom",streich.ashley@gmail.com,"Serenata Flowers",#,"2023-01-01 07:06:36",active
"Ryann Kuhic",bonita75@gmail.com,"Advanced MP3 Players",#,"2023-01-01 07:06:36",active
"Vladimir Bernier",maximo09@sipes.com,"Ink Factory",#,"2023-01-01 07:06:36",active
"Michael Watsica",danika.strosin@gmail.com,Awin,#,"2023-01-01 07:06:36",active
"Darron Hessel",calista62@runolfsdottir.net,Awin,#,"2023-01-01 07:06:36",active
"Elian Williamson",marcelle.stracke@hotmail.com,"TV Cables",#,"2023-01-01 07:06:36",active
"Darrin Bauch",dicki.erin@hotmail.com,Fragrancedirect,#,"2023-01-01 07:06:36",active
"Corbin Kreiger",maxwell.fadel@pfannerstill.info,Mobiles.co.uk,#,"2023-01-01 07:06:36",active
"Vidal Kuhlman",marielle84@flatley.net,"A Quarter Of...",#,"2023-01-01 07:06:36",active
"Danielle Hayes",koelpin.deondre@hand.com,"Advanced MP3 Players",#,"2023-01-01 07:06:36",active
"Meggie Gutmann",boris.ullrich@hotmail.com,"Bed Star Ltd",#,"2023-01-01 07:06:36",active
"Dalton Lebsack",kilback.sandy@hotmail.com,Fragrancedirect,#,"2023-01-01 07:06:36",active
"Mckayla Treutel",breanna56@hotmail.com,"Scottsdale Golf",#,"2023-01-01 07:06:36",active
"Mitchell Beer",coralie.walker@hotmail.com,Mobiles.co.uk,#,"2023-01-01 07:06:36",active
"Dion Mante",hbashirian@kub.info,Buyagift.co.uk,#,"2023-01-01 07:06:36",active
"Seamus Berge",soledad.donnelly@hayes.com,Buyagift.co.uk,#,"2023-01-01 07:06:36",active
"Greta Durgan",ross.powlowski@sanford.com,InterRose,#,"2023-01-01 07:06:36",active
"Mariano Altenwerth",schaefer.cora@weimann.com,"Darlings of Chelsea",#,"2023-01-01 07:06:36",active
"Jacquelyn Hoeger",fay.nikita@corkery.org,"Pharmacy2U Online Doctor",#,"2023-01-01 07:06:36",active
"Eulalia Wisoky",smith.brycen@yahoo.com,"Pharmacy2U Online Doctor",#,"2023-01-01 07:06:36",active
"Lori Runte",wolf.jay@yahoo.com,"Beauty Expert UK",#,"2023-01-01 07:06:36",active
"Abelardo Schuppe",dustin.koepp@cremin.com,"A Quarter Of...",#,"2023-01-01 07:06:36",active
"Mariano Altenwerth",schaefer.cora@weimann.com,"Song Galaxy",#,"2023-01-01 07:06:36",active
"Paula Schimmel",qzulauf@schuppe.biz,"TV Cables",#,"2023-01-01 07:06:36",active
"Carlee Haag",hcarter@hotmail.com,"TV Cables",#,"2023-01-01 07:06:36",active
"Max Schmeler",clehner@hackett.com,Bunches.co.uk,#,"2023-01-01 07:06:36",active
"Rae Bechtelar",miles.gottlieb@cole.com,Awin,#,"2023-01-01 07:06:36",active
"Roselyn Bednar",gaylord.enrico@aufderhar.com,"The Safe Shop",#,"2023-01-01 07:06:36",active
"Julian Zulauf",lauriane.kuhic@gmail.com,"Scottsdale Golf",#,"2023-01-01 07:06:36",active
"Juwan Ledner",nikolaus.shawn@hotmail.com,"Appliance City",#,"2023-01-01 07:06:36",active
"Retta Glover",dora44@yahoo.com,Names.co.uk,#,"2023-01-01 07:06:36",active
"Duane Collins",brenna48@luettgen.com,"Vintage Wine Gifts",#,"2023-01-01 07:06:36",active
"Leora Altenwerth",reichel.giovanna@yahoo.com,"Beauty Expert UK",#,"2023-01-01 07:06:36",active
"Elisha Roberts",hartmann.abigayle@hotmail.com,"Advanced MP3 Players",#,"2023-01-01 07:06:36",active
"Nico Bradtke",hoeger.vito@gmail.com,"Fitness Options",#,"2023-01-01 07:06:36",active
"Leta Kozey",betsy54@gmail.com,"A Quarter Of...",#,"2023-01-01 07:06:36",active
"Elwyn Leuschke",luella.hagenes@kshlerin.net,InterRose,#,"2023-01-01 07:06:36",active
"Jon Harvey",hyatt.chadrick@monahan.com,InterRose,#,"2023-01-01 07:06:36",active
"Brionna Abernathy",jimmie.borer@hotmail.com,"Bed Star Ltd",#,"2023-01-01 07:06:36",active
"Brionna Abernathy",jimmie.borer@hotmail.com,"A Quarter Of...",#,"2023-01-01 07:06:36",active
"Madyson Eichmann",crunolfsson@mckenzie.org,"Appliance City",#,"2023-01-01 07:06:36",active
"Bart Leannon",hfritsch@yahoo.com,"B & Q",#,"2023-01-01 07:06:36",active
"Ludie Bruen",adaline37@gmail.com,"TV Cables",#,"2023-01-01 07:06:36",active
"Clarabelle Upton",kspencer@gmail.com,"Ink Factory",#,"2023-01-01 07:06:36",active
"Merle Leuschke",pkrajcik@daniel.com,"TV Cables",#,"2023-01-01 07:06:36",active
"Edgardo Prohaska",ross78@von.com,Buyagift.co.uk,#,"2023-01-01 07:06:36",active
"Marshall Reynolds",bernier.isidro@gmail.com,"Ink Factory",#,"2023-01-01 07:06:36",active
"Carlos Hudson",lola.beatty@hotmail.com,Names.co.uk,#,"2023-01-01 07:06:36",active
"Super Admin",admin@trs.com,Post-a-Rose,#,"2023-01-01 07:06:36",active
"Mariano Altenwerth",schaefer.cora@weimann.com,Post-a-Rose,#,"2023-01-01 07:06:36",active
"Julian Zulauf",lauriane.kuhic@gmail.com,"The Safe Shop",#,"2023-01-01 07:06:36",active
"Tess McLaughlin",dashawn36@raynor.net,Buyagift.co.uk,#,"2023-01-01 07:06:36",active
"Aida Crooks",louvenia.koelpin@hotmail.com,"Dorothy Perkins UK",#,"2023-01-01 07:06:36",active
"Narciso Conroy",sarina.nienow@hotmail.com,TheDrinkShop,#,"2023-01-01 07:06:36",active
"Cloyd Schaefer",amalia11@hotmail.com,"Advanced MP3 Players",#,"2023-01-01 07:06:36",active
"Velda Marks",jaylon69@becker.com,"Appliance City",#,"2023-01-01 07:06:36",active
"Earline Upton",manley93@hotmail.com,"Ink Factory",#,"2023-01-01 07:06:36",active
"Reggie Berge",eusebio.trantow@yahoo.com,"Dorothy Perkins UK",#,"2023-01-01 07:06:36",active
"Maximilian Wisozk",benny.stark@murphy.com,"Chocolate Trading Company",#,"2023-01-01 07:06:36",active
"Deshaun Rodriguez",orpha53@rippin.com,"Burton UK",#,"2023-01-01 07:06:36",active
"Carleton Rolfson",amya05@gmail.com,"Song Galaxy",#,"2023-01-01 07:06:36",active
"Velva Powlowski",dawson59@hotmail.com,"Savile Row Company Ltd",#,"2023-01-01 07:06:36",active
"Rick Prohaska",vivien.reinger@ledner.com,Mobiles.co.uk,#,"2023-01-01 07:06:36",active
"Landen Ankunding",casper.jeremie@hotmail.com,"Mankind UK",#,"2023-01-01 07:06:36",active
"Garnet Brown",elmira.heaney@gulgowski.com,"Novatech Ltd",#,"2023-01-01 07:06:36",active
"Jalen Kulas",bherman@hotmail.com,Fragrancedirect,#,"2023-01-01 07:06:36",active
"Weston Olson",matt36@roberts.com,"Savile Row Company Ltd",#,"2023-01-01 07:06:36",active
"Mollie Satterfield",sfarrell@keeling.net,"Mankind UK",#,"2023-01-01 07:06:35",active
"Agnes Daniel",moore.adah@davis.com,"Beauty Expert UK",#,"2023-01-01 07:06:35",active
"Jeffery Price",bobbie.quigley@frami.com,InterRose,#,"2023-01-01 07:06:35",active
"Retta Wunsch",bstiedemann@tillman.org,"Fitness Options",#,"2023-01-01 07:06:35",active
"Brendon Rohan",okeefe.caroline@yahoo.com,"Serenata Flowers",#,"2023-01-01 07:06:35",active
"Henriette Berge",vmedhurst@sanford.com,"Scottsdale Golf",#,"2023-01-01 07:06:35",active
"Deshaun Kuhn",ansel58@connelly.org,"TV Cables",#,"2023-01-01 07:06:35",active
"Lolita Schuppe",hshanahan@bins.com,"Serenata Flowers",#,"2023-01-01 07:06:35",active
"Reina Botsford",pfannerstill.margarette@schultz.net,"Savile Row Company Ltd",#,"2023-01-01 07:06:35",active
"Leslie Thompson",willms.muhammad@yahoo.com,TheDrinkShop,#,"2023-01-01 07:06:35",active
"Delbert Hartmann",bhodkiewicz@hotmail.com,"Savile Row Company Ltd",#,"2023-01-01 07:06:35",active
"Garnet Brown",elmira.heaney@gulgowski.com,Awin,#,"2023-01-01 07:06:35",active
"Eleanora Goldner",jreichel@yahoo.com,"A Quarter Of...",#,"2023-01-01 07:06:35",active
"Laverne Bechtelar",miguel16@gmail.com,"Fitness Options",#,"2023-01-01 07:06:35",active
"Judy Friesen",rruecker@doyle.org,Post-a-Rose,#,"2023-01-01 07:06:35",active
"Arvel Feil",derrick15@abbott.com,Mobiles.co.uk,#,"2023-01-01 07:06:35",active
"Fredrick Murphy",mertz.nasir@conn.biz,"Beauty Expert UK",#,"2023-01-01 07:06:35",active
"Marianne Murphy",christian42@parker.com,"Ink Factory",#,"2023-01-01 07:06:35",active
"Johnpaul Conn",niko.pollich@cummerata.org,"The Safe Shop",#,"2023-01-01 07:06:35",active
"Tania Kerluke",xbatz@wyman.org,"Tooled Up",#,"2023-01-01 07:06:35",active
"Vivianne Quigley",ybode@gorczany.com,TheDrinkShop,#,"2023-01-01 07:06:35",active
"Darrin Bauch",dicki.erin@hotmail.com,"Appliance City",#,"2023-01-01 07:06:35",active
"Peggie Collier",kailyn.schmeler@yahoo.com,e2save,#,"2023-01-01 07:06:35",active
"Maynard Rohan",dicki.kamille@yahoo.com,"Darlings of Chelsea",#,"2023-01-01 07:06:35",active
"Kaela Powlowski",alejandra94@tromp.net,Post-a-Rose,#,"2023-01-01 07:06:35",active
"Percy Armstrong",dmclaughlin@oberbrunner.biz,Post-a-Rose,#,"2023-01-01 07:06:35",active
"Buddy Ritchie",dcarter@greenfelder.biz,"B & Q",#,"2023-01-01 07:06:35",active
"Dasia Mraz",sincere81@yahoo.com,Prezzybox,#,"2023-01-01 07:06:35",active
"Blake Ernser",tyrell81@hotmail.com,e2save,#,"2023-01-01 07:06:35",active
"Narciso Conroy",sarina.nienow@hotmail.com,"A Quarter Of...",#,"2023-01-01 07:06:35",active
"Bertha Ullrich",haven.rice@hotmail.com,"Fitness Options",#,"2023-01-01 07:06:35",active
"Collin Batz",nitzsche.leann@medhurst.com,"Chocolate Trading Company",#,"2023-01-01 07:06:35",active
"Luisa Marquardt",bernhard.ruthe@kulas.info,"The Safe Shop",#,"2023-01-01 07:06:35",active
"Joseph Jenkins",leola.tromp@shanahan.com,"Pharmacy2U Online Doctor",#,"2023-01-01 07:06:35",active
"Mathilde Purdy",schinner.wilford@hotmail.com,"Vision Direct UK",#,"2023-01-01 07:06:35",active
"Kamryn Kohler",bruce27@wunsch.com,Fragrancedirect,#,"2023-01-01 07:06:35",active
"Concepcion Bartoletti",ybayer@white.com,"Bed Star Ltd",#,"2023-01-01 07:06:35",active
"Alta Monahan",lonnie17@gmail.com,InterRose,#,"2023-01-01 07:06:35",active
"Nigel Schultz",simonis.princess@smith.com,"Bed Star Ltd",#,"2023-01-01 07:06:35",active
"Marshall Reynolds",bernier.isidro@gmail.com,Mobiles.co.uk,#,"2023-01-01 07:06:35",active
"Adah Bayer",lois75@hotmail.com,"Mankind UK",#,"2023-01-01 07:06:35",active
"Dominic Walter",telly75@gmail.com,"The Safe Shop",#,"2023-01-01 07:06:35",active
"Darwin Bartell",asa52@purdy.biz,TheDrinkShop,#,"2023-01-01 07:06:35",active
"Mariano Wyman",baumbach.aimee@yahoo.com,"A Quarter Of...",#,"2023-01-01 07:06:35",active
"Golda Gottlieb",oreilly.jace@corkery.com,"Serenata Flowers",#,"2023-01-01 07:06:35",active
"Anya Grant",stephen.macejkovic@hotmail.com,"Mankind UK",#,"2023-01-01 07:06:35",active
"Jammie Turner",armstrong.rosalyn@swift.com,"Serenata Flowers",#,"2023-01-01 07:06:35",active
"Helene Bartell",tcarroll@hackett.com,"Vintage Wine Gifts",#,"2023-01-01 07:06:35",active
"Coy Swaniawski",quitzon.wava@hotmail.com,TheDrinkShop,#,"2023-01-01 07:06:35",active
"Camren Hand",favian73@quigley.net,"Beauty Expert UK",#,"2023-01-01 07:06:35",active
"Cristal Ziemann",mossie.gottlieb@kautzer.com,"Toffs Ltd",#,"2023-01-01 07:06:35",active
"Sasha Nader",bailey89@schaden.com,Prezzybox,#,"2023-01-01 07:06:35",active
"Luigi Mitchell",gusikowski.patsy@hotmail.com,"Vintage Wine Gifts",#,"2023-01-01 07:06:35",active
"Albertha Leannon",eli.quitzon@keeling.com,"Dorothy Perkins UK",#,"2023-01-01 07:06:35",active
"Janet Lynch",tbecker@gusikowski.com,Post-a-Rose,#,"2023-01-01 07:06:35",active
"Mohammad Gaylord",betty.senger@yahoo.com,"Pharmacy2U Online Doctor",#,"2023-01-01 07:06:35",active
"Velva Powlowski",dawson59@hotmail.com,"Dorothy Perkins UK",#,"2023-01-01 07:06:35",active
"Toney Huel",rkub@hotmail.com,"Mankind UK",#,"2023-01-01 07:06:35",active
"Chelsey Swaniawski",roob.ruthie@gmail.com,"Pharmacy2U Online Doctor",#,"2023-01-01 07:06:35",active
"Barbara Goyette",franecki.anastacio@hotmail.com,"B & Q",#,"2023-01-01 07:06:35",active
"Adeline Kiehn",qgreenholt@feil.org,"Chocolate Trading Company",#,"2023-01-01 07:06:35",active
"Aida Crooks",louvenia.koelpin@hotmail.com,"Novatech Ltd",#,"2023-01-01 07:06:35",active
"Meghan Eichmann",vledner@gmail.com,"Mankind UK",#,"2023-01-01 07:06:35",active
"Danielle Hayes",koelpin.deondre@hand.com,"Fitness Options",#,"2023-01-01 07:06:35",active
"Branson Funk",kyle.zulauf@gmail.com,"B & Q",#,"2023-01-01 07:06:35",active
"Alison Borer",delbert.harris@gmail.com,"Toffs Ltd",#,"2023-01-01 07:06:35",active
"Elaina Bruen",hoppe.retta@bayer.net,Prezzybox,#,"2023-01-01 07:06:35",active
"Ike Pfannerstill",jakubowski.marcelino@dickens.net,Fragrancedirect,#,"2023-01-01 07:06:35",active
"Micheal Maggio",jodie64@yahoo.com,Bunches.co.uk,#,"2023-01-01 07:06:35",active
"Lowell Balistreri",kiana45@hotmail.com,"Novatech Ltd",#,"2023-01-01 07:06:35",active
"Jay Jacobs",rachel30@runte.biz,"TV Cables",#,"2023-01-01 07:06:35",active
"Hiram Stark",romaine.gorczany@hotmail.com,Buyagift.co.uk,#,"2023-01-01 07:06:35",active
"Tamia Denesik",vmetz@mertz.com,"Toffs Ltd",#,"2023-01-01 07:06:35",active
"Henderson Dietrich",sheller@koch.biz,"Serenata Flowers",#,"2023-01-01 07:06:35",active
"Alycia Walter",kody.bode@hotmail.com,"Fitness Options",#,"2023-01-01 07:06:35",active
"Carolyn Lockman",eladio.casper@gmail.com,Mobiles.co.uk,#,"2023-01-01 07:06:35",active
"Syble Roob",deborah72@koepp.com,e2save,#,"2023-01-01 07:06:35",active
"Henriette Berge",vmedhurst@sanford.com,Create,#,"2023-01-01 07:06:35",active
"Anastacio Beahan",enrico.grimes@sauer.com,"Appliance City",#,"2023-01-01 07:06:35",active
"Tess McLaughlin",dashawn36@raynor.net,"Darlings of Chelsea",#,"2023-01-01 07:06:35",active
"Elaina Bruen",hoppe.retta@bayer.net,Bunches.co.uk,#,"2023-01-01 07:06:35",active
"Bella Gulgowski",dewayne.leuschke@goldner.com,"Tooled Up",#,"2023-01-01 07:06:35",active
"Ayana Krajcik",nbahringer@kuvalis.com,"Burton UK",#,"2023-01-01 07:06:35",active
"Kendra Feeney",stoltenberg.jalyn@barrows.com,"Fitness Options",#,"2023-01-01 07:06:35",active
"Yazmin Luettgen",ntorp@quigley.com,"Fitness Options",#,"2023-01-01 07:06:35",active
"Kristofer Welch",okeefe.dewayne@goldner.biz,"B & Q",#,"2023-01-01 07:06:35",active
"Kaleigh Raynor",boyer.andy@smith.com,"Darlings of Chelsea",#,"2023-01-01 07:06:35",active
"Corbin Kreiger",maxwell.fadel@pfannerstill.info,"Tooled Up",#,"2023-01-01 07:06:35",active
"Crawford Berge",alva25@bayer.com,"Appliance City",#,"2023-01-01 07:06:35",active
"Karli Ward",priscilla63@hotmail.com,Post-a-Rose,#,"2023-01-01 07:06:35",active
"Michale Jenkins",rjohnston@wilkinson.info,InterRose,#,"2023-01-01 07:06:35",active
"Corbin Stanton",bthompson@gmail.com,"Song Galaxy",#,"2023-01-01 07:06:35",active
"Mikel Barrows",lavonne80@hotmail.com,Prezzybox,#,"2023-01-01 07:06:35",active
"Ervin Mante",toy.bryana@luettgen.com,Names.co.uk,#,"2023-01-01 07:06:35",active
"Johnathon Volkman",kweissnat@hotmail.com,Buyagift.co.uk,#,"2023-01-01 07:06:35",active
"Ibrahim Raynor",price.olson@connelly.net,Awin,#,"2023-01-01 07:06:35",active
"Meghan Eichmann",vledner@gmail.com,"Vintage Wine Gifts",#,"2023-01-01 07:06:35",active
"Silas Jacobi",white.mabel@stroman.org,"Ink Factory",#,"2023-01-01 07:06:35",active
"Ashlynn Swaniawski",deshawn.nienow@gmail.com,Fragrancedirect,#,"2023-01-01 07:06:35",active
"Laurianne Kirlin",michele.olson@hotmail.com,"Novatech Ltd",#,"2023-01-01 07:06:35",active
"Angelica Gerhold",omoore@labadie.com,Names.co.uk,#,"2023-01-01 07:06:35",active
"Arlene Trantow",rohan.jamey@gmail.com,"Darlings of Chelsea",#,"2023-01-01 07:06:35",active
"Kaela Powlowski",alejandra94@tromp.net,"B & Q",#,"2023-01-01 07:06:35",active
"Lily Waters",winona08@hotmail.com,Buyagift.co.uk,#,"2023-01-01 07:06:35",active
"Jaren DuBuque",torp.jacklyn@beer.biz,"Song Galaxy",#,"2023-01-01 07:06:35",active
"Lesley Beatty",amara61@yahoo.com,"The Safe Shop",#,"2023-01-01 07:06:35",active
"Ralph Rogahn",letha.okeefe@yahoo.com,Buyagift.co.uk,#,"2023-01-01 07:06:35",active
"Eve Casper",rconsidine@treutel.com,"Serenata Flowers",#,"2023-01-01 07:06:35",active
"Israel Kuvalis",johnson17@yahoo.com,"Vision Direct UK",#,"2023-01-01 07:06:35",active
"Oleta Heaney",lia10@yahoo.com,Post-a-Rose,#,"2023-01-01 07:06:35",active
"Timmy Dickinson",ian.cartwright@yahoo.com,"Cadbury Gifts Direct",#,"2023-01-01 07:06:35",active
"Hiram Stark",romaine.gorczany@hotmail.com,"Serenata Flowers",#,"2023-01-01 07:06:35",active
"Lowell Balistreri",kiana45@hotmail.com,"TV Cables",#,"2023-01-01 07:06:35",active
"Reva Yost",chelsey.schinner@metz.com,"Burton UK",#,"2023-01-01 07:06:35",active
"Otto Predovic",kreiger.lila@yahoo.com,"A Quarter Of...",#,"2023-01-01 07:06:35",active
"Lester Doyle",lowell.kerluke@gmail.com,"Bed Star Ltd",#,"2023-01-01 07:06:35",active
"Terrance Murazik",rhea86@hotmail.com,"Ink Factory",#,"2023-01-01 07:06:35",active
"Verlie Davis",tyreek95@yahoo.com,"The Safe Shop",#,"2023-01-01 07:06:35",active
"Hillard Miller",emma.swaniawski@yahoo.com,Bunches.co.uk,#,"2023-01-01 07:06:35",active
"Jalen Kulas",bherman@hotmail.com,"Savile Row Company Ltd",#,"2023-01-01 07:06:35",active
"Palma Greenfelder",gbosco@ortiz.com,Mobiles.co.uk,#,"2023-01-01 07:06:35",active
"Lora Weber",brenden.schulist@hotmail.com,"Ink Factory",#,"2023-01-01 07:06:35",active
"Ezra Ferry",roconnell@gmail.com,"Advanced MP3 Players",#,"2023-01-01 07:06:35",active
"Helmer Senger",mohammad.auer@yahoo.com,Mobiles.co.uk,#,"2023-01-01 07:06:35",active
"Wilfrid Friesen",pollich.destany@homenick.com,"Cast In Style",#,"2023-01-01 07:06:35",active
"Kaleigh Raynor",boyer.andy@smith.com,"Vintage Wine Gifts",#,"2023-01-01 07:06:35",active
"Piper Romaguera",modesta.bins@yahoo.com,"Cast In Style",#,"2023-01-01 07:06:35",active
"Rickey Gusikowski",selena.roberts@walsh.org,Fragrancedirect,#,"2023-01-01 07:06:35",active
"Jana Beer",bcrona@gmail.com,Fragrancedirect,#,"2023-01-01 07:06:35",active
"Eleanora Goldner",jreichel@yahoo.com,"Tooled Up",#,"2023-01-01 07:06:35",active
"Kamryn Kohler",bruce27@wunsch.com,Awin,#,"2023-01-01 07:06:35",active
"Roselyn Christiansen",weldon.stiedemann@kertzmann.com,"Cast In Style",#,"2023-01-01 07:06:35",active
"Piper Mayert",itzel.keebler@goodwin.com,"Savile Row Company Ltd",#,"2023-01-01 07:06:35",active
"Mathilde Volkman",franecki.kaelyn@hotmail.com,Awin,#,"2023-01-01 07:06:35",active
"Darrin Bauch",dicki.erin@hotmail.com,"Savile Row Company Ltd",#,"2023-01-01 07:06:35",active
"Dahlia Greenfelder",moen.cruz@yahoo.com,CartridgeMonkey,#,"2023-01-01 07:06:35",active
"Asa Koch",will.weissnat@yahoo.com,"Ink Factory",#,"2023-01-01 07:06:35",active
"Letha Armstrong",alden.douglas@hotmail.com,"Scottsdale Golf",#,"2023-01-01 07:06:35",active
"Adolphus Schamberger",lauretta.durgan@langosh.biz,"Fitness Options",#,"2023-01-01 07:06:35",active
"Norbert Wolff",hahn.manuel@koepp.com,"The Safe Shop",#,"2023-01-01 07:06:35",active
"Anibal Koepp",maggio.jesse@hotmail.com,"Advanced MP3 Players",#,"2023-01-01 07:06:35",active
"Carleton Fahey",megane46@predovic.info,"B & Q",#,"2023-01-01 07:06:35",active
"Piper Romaguera",modesta.bins@yahoo.com,Buyagift.co.uk,#,"2023-01-01 07:06:35",active
"Dominic Walter",telly75@gmail.com,"Song Galaxy",#,"2023-01-01 07:06:35",active
"Norbert Wolff",hahn.manuel@koepp.com,Fragrancedirect,#,"2023-01-01 07:06:35",active
"Henderson Veum",samson15@west.com,"Burton UK",#,"2023-01-01 07:06:35",active
"Pearline Roberts",marjory27@brekke.com,"Darlings of Chelsea",#,"2023-01-01 07:06:35",active
"Sasha Nader",bailey89@schaden.com,Fragrancedirect,#,"2023-01-01 07:06:35",active
"Jasper Block",johnnie71@tillman.com,e2save,#,"2023-01-01 07:06:35",active
"Sasha Lehner",runte.katelin@gmail.com,e2save,#,"2023-01-01 07:06:35",active
"Alayna Goyette",durward.kling@yahoo.com,"Vision Direct UK",#,"2023-01-01 07:06:35",active
"Nicola Farrell",jocelyn62@gmail.com,"Vision Direct UK",#,"2023-01-01 07:06:35",active
"Elaina Bruen",hoppe.retta@bayer.net,"Fitness Options",#,"2023-01-01 07:06:35",active
"Carlos Kshlerin",npredovic@gmail.com,Names.co.uk,#,"2023-01-01 07:06:35",active
"Violette Goodwin",cora.haley@gmail.com,"TV Cables",#,"2023-01-01 07:06:35",active
"Dahlia Greenfelder",moen.cruz@yahoo.com,"Pharmacy2U Online Doctor",#,"2023-01-01 07:06:35",active
"Kariane Braun",purdy.carolyn@robel.com,"Novatech Ltd",#,"2023-01-01 07:06:35",active
"Retta Glover",dora44@yahoo.com,Names.co.uk,#,"2023-01-01 07:06:35",active
"Hiram Stark",romaine.gorczany@hotmail.com,"Appliance City",#,"2023-01-01 07:06:35",active
"Brianne Wehner",rosa61@tremblay.com,TheDrinkShop,#,"2023-01-01 07:06:35",active
"Gwendolyn Hauck",summer20@yahoo.com,"Appliance City",#,"2023-01-01 07:06:35",active
"Retta Wunsch",bstiedemann@tillman.org,CartridgeMonkey,#,"2023-01-01 07:06:35",active
"Adolph Russel",arnaldo.gerhold@ruecker.com,Buyagift.co.uk,#,"2023-01-01 07:06:35",active
"Eulalia Wisoky",smith.brycen@yahoo.com,"Beauty Expert UK",#,"2023-01-01 07:06:35",active
"Silas Jacobi",white.mabel@stroman.org,e2save,#,"2023-01-01 07:06:35",active
"Brain Rutherford",francis.corkery@yahoo.com,TheDrinkShop,#,"2023-01-01 07:06:35",active
"Dexter Bergstrom",streich.ashley@gmail.com,"Novatech Ltd",#,"2023-01-01 07:06:35",active
"Keven Heidenreich",gmurray@hotmail.com,"Vintage Wine Gifts",#,"2023-01-01 07:06:35",active
"Agustin Bruen",kcormier@gmail.com,"Burton UK",#,"2023-01-01 07:06:35",active
"Amanda Lubowitz",marques.yundt@homenick.com,"Ink Factory",#,"2023-01-01 07:06:35",active
"Zetta Miller",skulas@yahoo.com,"Chocolate Trading Company",#,"2023-01-01 07:06:35",active
"Maureen Parker",braun.tiffany@yahoo.com,"Song Galaxy",#,"2023-01-01 07:06:35",active
"Zackery Blick",briana.effertz@yahoo.com,"Serenata Flowers",#,"2023-01-01 07:06:35",active
"Joe Cummings",chanel48@gmail.com,"A Quarter Of...",#,"2023-01-01 07:06:35",active
"Hank Wisoky",rafaela84@yahoo.com,"Dorothy Perkins UK",#,"2023-01-01 07:06:35",active
"Georgianna Bernier",jude.terry@hotmail.com,"Advanced MP3 Players",#,"2023-01-01 07:06:35",active
"Laurence Stroman",emelie.medhurst@yahoo.com,"The Safe Shop",#,"2023-01-01 07:06:35",active
"Estell Johns",hills.creola@gmail.com,Buyagift.co.uk,#,"2023-01-01 07:06:35",active
"Aleen Kassulke",leuschke.cleo@veum.org,Fragrancedirect,#,"2023-01-01 07:06:35",active
"Eveline Price",pdeckow@oconnell.org,"Tooled Up",#,"2023-01-01 07:06:35",active
"Dawn Stracke",ezra63@kessler.net,Fragrancedirect,#,"2023-01-01 07:06:35",active
"Keshaun Konopelski",eladio48@ziemann.info,"Burton UK",#,"2023-01-01 07:06:35",active
"Edwina Bayer",oschaefer@block.com,"Dorothy Perkins UK",#,"2023-01-01 07:06:35",active
"Deven Treutel",kconroy@gmail.com,TheDrinkShop,#,"2023-01-01 07:06:35",active
"Declan Corkery",sgutkowski@hotmail.com,"Mankind UK",#,"2023-01-01 07:06:35",active
"Cynthia Reinger",cfriesen@hotmail.com,"Appliance City",#,"2023-01-01 07:06:35",active
"Stanford Koelpin",abernathy.oleta@hotmail.com,TheDrinkShop,#,"2023-01-01 07:06:35",active
"Zaria Reynolds",vivienne17@yahoo.com,"Cast In Style",#,"2023-01-01 07:06:35",active
"Elwyn Leuschke",luella.hagenes@kshlerin.net,e2save,#,"2023-01-01 07:06:35",active
"Anya Grant",stephen.macejkovic@hotmail.com,"Cast In Style",#,"2023-01-01 07:06:35",active
"Bart Leannon",hfritsch@yahoo.com,"Savile Row Company Ltd",#,"2023-01-01 07:06:35",active
"Paula Schimmel",qzulauf@schuppe.biz,"Cast In Style",#,"2023-01-01 07:06:35",active
"Dion Mante",hbashirian@kub.info,"Dorothy Perkins UK",#,"2023-01-01 07:06:35",active
"Jewell Rempel",walker.griffin@hotmail.com,"Serenata Flowers",#,"2023-01-01 07:06:35",active
"Beverly Auer",rutherford.arvid@yahoo.com,"Tooled Up",#,"2023-01-01 07:06:35",active
"Joshuah Prosacco",price.darrin@heaney.com,Create,#,"2023-01-01 07:06:35",active
"Dane Runolfsson",schmeler.turner@yahoo.com,"Song Galaxy",#,"2023-01-01 07:06:35",active
"Beaulah Crist",cronin.mariam@mccullough.info,"Burton UK",#,"2023-01-01 07:06:35",active
"Laisha Wuckert",dgleason@graham.com,"The Safe Shop",#,"2023-01-01 07:06:35",active
"Rhett Kshlerin",mckenzie.junior@bechtelar.net,Awin,#,"2023-01-01 07:06:35",active
"Kaela Powlowski",alejandra94@tromp.net,"Chocolate Trading Company",#,"2023-01-01 07:06:35",active
"Rae Bechtelar",miles.gottlieb@cole.com,"Pharmacy2U Online Doctor",#,"2023-01-01 07:06:35",active
"Skyla Von",kaycee03@gmail.com,"Novatech Ltd",#,"2023-01-01 07:06:35",active
"Oscar Wilderman",talon15@yahoo.com,Awin,#,"2023-01-01 07:06:35",active
"Barton Larson",ricky39@gmail.com,"Savile Row Company Ltd",#,"2023-01-01 07:06:35",active
"Queen Buckridge",frida.johnson@gorczany.info,"The Safe Shop",#,"2023-01-01 07:06:35",active
"Elisabeth Orn",wkutch@ortiz.com,Names.co.uk,#,"2023-01-01 07:06:35",active
"Brianne Lueilwitz",lynn.bins@yahoo.com,"Novatech Ltd",#,"2023-01-01 07:06:35",active
"Amanda Lubowitz",marques.yundt@homenick.com,"Beauty Expert UK",#,"2023-01-01 07:06:35",active
"Declan Corkery",sgutkowski@hotmail.com,CartridgeMonkey,#,"2023-01-01 07:06:35",active
"Maye Bayer",alexanne.heidenreich@gmail.com,TheDrinkShop,#,"2023-01-01 07:06:35",active
"Wilma Spinka",cicero.mann@lockman.net,Fragrancedirect,#,"2023-01-01 07:06:35",active
"Jules Huel",von.laurianne@metz.org,"A Quarter Of...",#,"2023-01-01 07:06:35",active
"Sherwood DuBuque",emraz@huels.com,TheDrinkShop,#,"2023-01-01 07:06:35",active
"Josefa Mraz",boyle.rozella@medhurst.com,"Darlings of Chelsea",#,"2023-01-01 07:06:35",active
"Harmony Spencer",heidenreich.shad@renner.info,"Pharmacy2U Online Doctor",#,"2023-01-01 07:06:35",active
"Brody Romaguera",rklocko@schowalter.net,Prezzybox,#,"2023-01-01 07:06:35",active
"Aleen Kassulke",leuschke.cleo@veum.org,"Dorothy Perkins UK",#,"2023-01-01 07:06:35",active
"Cristina Wiegand",marcus.murray@hotmail.com,"Ink Factory",#,"2023-01-01 07:06:35",active
"Harold Emmerich",riley.bernhard@kuphal.com,"Vision Direct UK",#,"2023-01-01 07:06:35",active
"Aida Crooks",louvenia.koelpin@hotmail.com,"Darlings of Chelsea",#,"2023-01-01 07:06:35",active
"Walter Kub",jast.rylan@hotmail.com,"Toffs Ltd",#,"2023-01-01 07:06:35",active
"Haylee Morar",hettie11@yahoo.com,"TV Cables",#,"2023-01-01 07:06:35",active
"Kole Ullrich",filomena.koss@durgan.info,"Cadbury Gifts Direct",#,"2023-01-01 07:06:35",active
"Jordy Wyman",darren52@yahoo.com,"Tooled Up",#,"2023-01-01 07:06:35",active
"Annabell Will",tbartoletti@yahoo.com,"Vintage Wine Gifts",#,"2023-01-01 07:06:35",active
"Verda Streich",gerry.lehner@hotmail.com,"Chocolate Trading Company",#,"2023-01-01 07:06:35",active
"Kaylee Lowe",mariano67@hotmail.com,"Vintage Wine Gifts",#,"2023-01-01 07:06:35",active
"Jada Sporer",kailey44@yahoo.com,CartridgeMonkey,#,"2023-01-01 07:06:35",active
"Marquise Crist",xwolff@hotmail.com,"Burton UK",#,"2023-01-01 07:06:35",active
"Brannon Labadie",vconnelly@yahoo.com,"Darlings of Chelsea",#,"2023-01-01 07:06:35",active
"Ryder Toy",elinore35@hotmail.com,"A Quarter Of...",#,"2023-01-01 07:06:35",active
"Syble Roob",deborah72@koepp.com,"TV Cables",#,"2023-01-01 07:06:35",active
"Jameson Mraz",kenneth.jerde@gmail.com,Create,#,"2023-01-01 07:06:35",active
"Mollie Satterfield",sfarrell@keeling.net,"Pharmacy2U Online Doctor",#,"2023-01-01 07:06:35",active
"Maynard Rohan",dicki.kamille@yahoo.com,"Vintage Wine Gifts",#,"2023-01-01 07:06:35",active
"Royce Gutmann",rosalia90@yahoo.com,"Cadbury Gifts Direct",#,"2023-01-01 07:06:35",active
"Bonnie Gerlach",agustina.goodwin@glover.com,"Fitness Options",#,"2023-01-01 07:06:35",active
"Estell Johns",hills.creola@gmail.com,"Advanced MP3 Players",#,"2023-01-01 07:06:35",active
"Jayme Schmidt",ondricka.cydney@cormier.com,"Vintage Wine Gifts",#,"2023-01-01 07:06:35",active
"Monica Terry",kilback.adrian@shanahan.com,"Advanced MP3 Players",#,"2023-01-01 07:06:35",active
"Jackson Jast",mariana.halvorson@yahoo.com,"Serenata Flowers",#,"2023-01-01 07:06:35",active
"Golda Gottlieb",oreilly.jace@corkery.com,"Appliance City",#,"2023-01-01 07:06:35",active
"Myriam Abbott",smraz@cassin.net,Fragrancedirect,#,"2023-01-01 07:06:35",active
"Liliane McLaughlin",efren.fisher@dooley.net,"Burton UK",#,"2023-01-01 07:06:35",active
"Wilfred Zulauf",sandra.oberbrunner@hotmail.com,e2save,#,"2023-01-01 07:06:35",active
"Lily Waters",winona08@hotmail.com,"A Quarter Of...",#,"2023-01-01 07:06:35",active
"Katlynn Cruickshank",kkutch@gmail.com,"Chocolate Trading Company",#,"2023-01-01 07:06:35",active
"Rahul Trantow",pdonnelly@lakin.com,"Appliance City",#,"2023-01-01 07:06:35",active
"Jason Swaniawski",lindgren.jaylon@hotmail.com,"Bed Star Ltd",#,"2023-01-01 07:06:35",active
"Tyrique Ondricka",shanahan.meggie@yahoo.com,Names.co.uk,#,"2023-01-01 07:06:35",active
"Dawn Stracke",ezra63@kessler.net,"Mankind UK",#,"2023-01-01 07:06:35",active
"Haylee Morar",hettie11@yahoo.com,TheDrinkShop,#,"2023-01-01 07:06:35",active
"Ardella O'Reilly",qkreiger@yahoo.com,"Mankind UK",#,"2023-01-01 07:06:35",active
"Mya Green",quitzon.micah@hotmail.com,Fragrancedirect,#,"2023-01-01 07:06:35",active
"Daron Ankunding",russel.theodore@yahoo.com,Prezzybox,#,"2023-01-01 07:06:35",active
"Stone King",pokon@dach.com,"The Safe Shop",#,"2023-01-01 07:06:35",active
"Lessie Gusikowski",austin69@stokes.com,"Savile Row Company Ltd",#,"2023-01-01 07:06:35",active
"Kristin Kovacek",wsipes@block.com,"Scottsdale Golf",#,"2023-01-01 07:06:35",active
"Mauricio Medhurst",nathanael74@sipes.info,"Darlings of Chelsea",#,"2023-01-01 07:06:35",active
"Lorena Purdy",cgerhold@wolff.com,"Chocolate Trading Company",#,"2023-01-01 07:06:35",active
"Heaven Dibbert",elvis80@cormier.com,Fragrancedirect,#,"2023-01-01 07:06:35",active
"Syble Legros",domenick51@lebsack.net,"Ink Factory",#,"2023-01-01 07:06:35",active
"Brionna Abernathy",jimmie.borer@hotmail.com,Names.co.uk,#,"2023-01-01 07:06:35",active
"Dawn Stracke",ezra63@kessler.net,"Pharmacy2U Online Doctor",#,"2023-01-01 07:06:35",active
"Onie Strosin",brekke.cierra@gmail.com,"Cadbury Gifts Direct",#,"2023-01-01 07:06:35",active
"Vince Heathcote",olson.regan@gmail.com,"Burton UK",#,"2023-01-01 07:06:35",active
"Herman Bartoletti",doberbrunner@lowe.com,Fragrancedirect,#,"2023-01-01 07:06:35",active
"Laney Ryan",sage.klocko@hotmail.com,"A Quarter Of...",#,"2023-01-01 07:06:35",active
"Morgan Willms",kwisozk@hegmann.com,Awin,#,"2023-01-01 07:06:35",active
"Jana Beer",bcrona@gmail.com,"Chocolate Trading Company",#,"2023-01-01 07:06:35",active
"Jacques White",vveum@price.com,"Mankind UK",#,"2023-01-01 07:06:35",active
"Michaela Davis",yschulist@hotmail.com,"Burton UK",#,"2023-01-01 07:06:35",active
"Bartholome Waters",mercedes.kertzmann@hotmail.com,CartridgeMonkey,#,"2023-01-01 07:06:35",active
"Savanna Thompson",crystal05@hotmail.com,InterRose,#,"2023-01-01 07:06:35",active
"Charley Friesen",edward.greenfelder@predovic.com,Prezzybox,#,"2023-01-01 07:06:35",active
"Sam Gutkowski",rkovacek@gusikowski.com,"Burton UK",#,"2023-01-01 07:06:35",active
"Mose Casper",gaylord.maudie@gmail.com,"Bed Star Ltd",#,"2023-01-01 07:06:35",active
"William Predovic",jbradtke@jacobson.biz,Buyagift.co.uk,#,"2023-01-01 07:06:35",active
"Dewitt Gaylord",rosendo96@kerluke.com,InterRose,#,"2023-01-01 07:06:35",active
"Fleta Brown",glover.ricardo@hotmail.com,"Pharmacy2U Online Doctor",#,"2023-01-01 07:06:34",active
"Lia Beier",jaylin72@gmail.com,"Beauty Expert UK",#,"2023-01-01 07:06:34",active
"Asa Koch",will.weissnat@yahoo.com,Bunches.co.uk,#,"2023-01-01 07:06:34",active
"Timmy Dickinson",ian.cartwright@yahoo.com,"B & Q",#,"2023-01-01 07:06:34",active
"Emmanuelle Jaskolski",austen41@gmail.com,"Burton UK",#,"2023-01-01 07:06:34",active
"Crystel Nader",winona.cremin@gmail.com,"B & Q",#,"2023-01-01 07:06:34",active
"Roselyn Bednar",gaylord.enrico@aufderhar.com,"Chocolate Trading Company",#,"2023-01-01 07:06:34",active
"Zaria Reynolds",vivienne17@yahoo.com,"TV Cables",#,"2023-01-01 07:06:34",active
"Zetta Miller",skulas@yahoo.com,Awin,#,"2023-01-01 07:06:34",active
"Agustin Bruen",kcormier@gmail.com,"Savile Row Company Ltd",#,"2023-01-01 07:06:34",active
"Cole Wolff",emmitt.feil@hotmail.com,"Pharmacy2U Online Doctor",#,"2023-01-01 07:06:34",active
"Eve Casper",rconsidine@treutel.com,"Serenata Flowers",#,"2023-01-01 07:06:34",active
"Reina Botsford",pfannerstill.margarette@schultz.net,"The Safe Shop",#,"2023-01-01 07:06:34",active
"Savion Wuckert",carol.greenholt@von.net,"The Safe Shop",#,"2023-01-01 07:06:34",active
"Easton Zboncak",sincere.renner@walker.com,"Cast In Style",#,"2023-01-01 07:06:34",active
"Carleton Fahey",megane46@predovic.info,TheDrinkShop,#,"2023-01-01 07:06:34",active
"Kenyon Denesik",kassulke.florencio@yahoo.com,"Song Galaxy",#,"2023-01-01 07:06:34",active
"Orlo Dooley",israel.fahey@hotmail.com,e2save,#,"2023-01-01 07:06:34",active
"August Howe",tkihn@durgan.net,Post-a-Rose,#,"2023-01-01 07:06:34",active
"Adolphus Schamberger",lauretta.durgan@langosh.biz,"Bed Star Ltd",#,"2023-01-01 07:06:34",active
"Brianne Wehner",rosa61@tremblay.com,e2save,#,"2023-01-01 07:06:34",active
"Glennie Stanton",kayley19@hotmail.com,TheDrinkShop,#,"2023-01-01 07:06:34",active
"Alexa Towne",aaron65@ward.net,Buyagift.co.uk,#,"2023-01-01 07:06:34",active
"Watson Lemke",pdamore@hotmail.com,"Appliance City",#,"2023-01-01 07:06:34",active
"Irving Leannon",christopher81@yahoo.com,"Mankind UK",#,"2023-01-01 07:06:34",active
"Dasia Heathcote",qprice@johnston.biz,CartridgeMonkey,#,"2023-01-01 07:06:34",active
"Emmanuelle Jaskolski",austen41@gmail.com,"Vintage Wine Gifts",#,"2023-01-01 07:06:34",active
"Pearlie Waelchi",heber51@torphy.info,"Scottsdale Golf",#,"2023-01-01 07:06:34",active
"Oswald Buckridge",koelpin.orion@padberg.com,"B & Q",#,"2023-01-01 07:06:34",active
"Bret McCullough",dboyer@wunsch.info,CartridgeMonkey,#,"2023-01-01 07:06:34",active
"Lucy Lueilwitz",zthiel@yahoo.com,"Burton UK",#,"2023-01-01 07:06:34",active
"Riley Hauck",marley65@schuppe.com,CartridgeMonkey,#,"2023-01-01 07:06:34",active
"Ursula Rice",jquigley@reichert.net,"The Safe Shop",#,"2023-01-01 07:06:34",active
"Herta Skiles",mafalda94@oconner.net,"Ink Factory",#,"2023-01-01 07:06:34",active
"Joseph Lesch",micaela90@nienow.com,"Darlings of Chelsea",#,"2023-01-01 07:06:34",active
"Angelica Gerhold",omoore@labadie.com,"Cadbury Gifts Direct",#,"2023-01-01 07:06:34",active
"Isabella Rowe",easton36@hintz.biz,Names.co.uk,#,"2023-01-01 07:06:34",active
"Lorenzo Rempel",miles86@lemke.com,"Chocolate Trading Company",#,"2023-01-01 07:06:34",active
"Gloria Dickinson",dpadberg@hotmail.com,"Bed Star Ltd",#,"2023-01-01 07:06:34",active
"Jadyn Prosacco",esperanza94@yahoo.com,Post-a-Rose,#,"2023-01-01 07:06:34",active
"Arvid Boyer",miles.krajcik@yahoo.com,e2save,#,"2023-01-01 07:06:34",active
"Coty Abernathy",dalton95@hotmail.com,"The Safe Shop",#,"2023-01-01 07:06:34",active
"Lucile Russel",ujakubowski@yahoo.com,"Dorothy Perkins UK",#,"2023-01-01 07:06:34",active
"Yessenia Streich",wdare@yahoo.com,Create,#,"2023-01-01 07:06:34",active
"Retta Wunsch",bstiedemann@tillman.org,"Fitness Options",#,"2023-01-01 07:06:34",active
"Lily Konopelski",kub.malika@yahoo.com,"Toffs Ltd",#,"2023-01-01 07:06:34",active
"Joseph Lesch",micaela90@nienow.com,Post-a-Rose,#,"2023-01-01 07:06:34",active
"Clifford Murazik",pschumm@oconner.info,"Novatech Ltd",#,"2023-01-01 07:06:34",active
"Ettie Gorczany",isabelle.hudson@yahoo.com,"Burton UK",#,"2023-01-01 07:06:34",active
"Mathilde Volkman",franecki.kaelyn@hotmail.com,"A Quarter Of...",#,"2023-01-01 07:06:34",active
"Leta Kozey",betsy54@gmail.com,"Ink Factory",#,"2023-01-01 07:06:34",active
"Cletus Schimmel",aswaniawski@yahoo.com,"Advanced MP3 Players",#,"2023-01-01 07:06:34",active
"Nico Bradtke",hoeger.vito@gmail.com,"The Safe Shop",#,"2023-01-01 07:06:34",active
"Quincy Walsh",trinity.ritchie@hotmail.com,Post-a-Rose,#,"2023-01-01 07:06:34",active
"Georgette Armstrong",lou.cormier@yahoo.com,"Ink Factory",#,"2023-01-01 07:06:34",active
"Arvel Feil",derrick15@abbott.com,"Song Galaxy",#,"2023-01-01 07:06:34",active
"Andrew Osinski",norwood.eichmann@gmail.com,Create,#,"2023-01-01 07:06:34",active
"Brian Dibbert",skautzer@gmail.com,"Toffs Ltd",#,"2023-01-01 07:06:34",active
"Camren Hand",favian73@quigley.net,Names.co.uk,#,"2023-01-01 07:06:34",active
"Kristofer Welch",okeefe.dewayne@goldner.biz,"Appliance City",#,"2023-01-01 07:06:34",active
"Carleton Fahey",megane46@predovic.info,TheDrinkShop,#,"2023-01-01 07:06:34",active
"Weston Senger",schaden.liza@hotmail.com,"Cadbury Gifts Direct",#,"2023-01-01 07:06:34",active
"Letitia Kerluke",rnicolas@carroll.biz,"Appliance City",#,"2023-01-01 07:06:34",active
"Korbin Rippin",benton22@heathcote.com,Prezzybox,#,"2023-01-01 07:06:34",active
"Verda Lowe",ebba99@heaney.com,"Pharmacy2U Online Doctor",#,"2023-01-01 07:06:34",active
"Christophe D'Amore",oral.treutel@hill.com,Mobiles.co.uk,#,"2023-01-01 07:06:34",active
"Fredrick McClure",irma95@gmail.com,Prezzybox,#,"2023-01-01 07:06:34",active
"Chelsea Lesch",cristal.rosenbaum@bahringer.com,Create,#,"2023-01-01 07:06:34",active
"Jermey Waelchi",yvette09@gmail.com,"Fitness Options",#,"2023-01-01 07:06:34",active
"Donavon Connelly",rosemary.towne@yahoo.com,"Scottsdale Golf",#,"2023-01-01 07:06:34",active
"Agnes Daniel",moore.adah@davis.com,"TV Cables",#,"2023-01-01 07:06:34",active
"Gus Mraz",heather70@mcdermott.net,CartridgeMonkey,#,"2023-01-01 07:06:34",active
"Nelson Kemmer",casper.keagan@wilderman.com,Mobiles.co.uk,#,"2023-01-01 07:06:34",active
"Paolo Hudson",emitchell@corkery.net,Awin,#,"2023-01-01 07:06:34",active
"Laney Ryan",sage.klocko@hotmail.com,"Advanced MP3 Players",#,"2023-01-01 07:06:34",active
"Ben Hermiston",josh.kessler@hotmail.com,"Vision Direct UK",#,"2023-01-01 07:06:34",active
"Valentin Toy",melvin33@moen.com,CartridgeMonkey,#,"2023-01-01 07:06:34",active
"Zetta Miller",skulas@yahoo.com,Prezzybox,#,"2023-01-01 07:06:34",active
"Elinore Turcotte",ismith@yahoo.com,TheDrinkShop,#,"2023-01-01 07:06:34",active
"Delilah Bernhard",rkuvalis@dooley.com,Names.co.uk,#,"2023-01-01 07:06:34",active
"Kimberly Leannon",hudson.raquel@yahoo.com,"Vision Direct UK",#,"2023-01-01 07:06:34",active
"Devon Renner",amills@hotmail.com,"Mankind UK",#,"2023-01-01 07:06:34",active
"Garth Gaylord",nia38@cummerata.net,"Vintage Wine Gifts",#,"2023-01-01 07:06:34",active
"Rory Zieme",anthony.walker@yahoo.com,"Tooled Up",#,"2023-01-01 07:06:34",active
"Rosemarie Schimmel",avonrueden@rippin.com,"Cadbury Gifts Direct",#,"2023-01-01 07:06:34",active
"Edwin Mraz",kmurphy@gmail.com,"Dorothy Perkins UK",#,"2023-01-01 07:06:34",active
"Neil Mertz",trisha.walker@welch.biz,InterRose,#,"2023-01-01 07:06:34",active
"Jadyn Stiedemann",waldo84@gmail.com,Mobiles.co.uk,#,"2023-01-01 07:06:34",active
"Destini Marks",gulgowski.nat@hotmail.com,"Ink Factory",#,"2023-01-01 07:06:34",active
"Olaf Volkman",keeley.effertz@yahoo.com,"Beauty Expert UK",#,"2023-01-01 07:06:34",active
"Easton Zboncak",sincere.renner@walker.com,"Cadbury Gifts Direct",#,"2023-01-01 07:06:34",active
"Reina Botsford",pfannerstill.margarette@schultz.net,"Appliance City",#,"2023-01-01 07:06:34",active
"Amanda Eichmann",kaycee.hermiston@krajcik.org,"The Safe Shop",#,"2023-01-01 07:06:34",active
"Asa Koch",will.weissnat@yahoo.com,"Toffs Ltd",#,"2023-01-01 07:06:34",active
"Bridget Senger",claudie.ullrich@yahoo.com,Names.co.uk,#,"2023-01-01 07:06:34",active
"Brittany Crist",maia.schaefer@cruickshank.com,Awin,#,"2023-01-01 07:06:34",active
"William Predovic",jbradtke@jacobson.biz,"Cadbury Gifts Direct",#,"2023-01-01 07:06:34",active
"Braden Klocko",regan.franecki@ferry.net,"Appliance City",#,"2023-01-01 07:06:34",active
"Trenton Ratke",elliot41@ward.net,CartridgeMonkey,#,"2023-01-01 07:06:34",active
"Willow Buckridge",bahringer.colin@dicki.com,"TV Cables",#,"2023-01-01 07:06:34",active
"Janis Stanton",obartoletti@gmail.com,"B & Q",#,"2023-01-01 07:06:34",active
"Amanda Eichmann",kaycee.hermiston@krajcik.org,Prezzybox,#,"2023-01-01 07:06:34",active
"Rhett Kshlerin",mckenzie.junior@bechtelar.net,TheDrinkShop,#,"2023-01-01 07:06:34",active
"Christophe D'Amore",oral.treutel@hill.com,"Toffs Ltd",#,"2023-01-01 07:06:34",active
"Jacques White",vveum@price.com,"Darlings of Chelsea",#,"2023-01-01 07:06:34",active
"Tito O'Reilly",sven.reichel@gutkowski.com,"Novatech Ltd",#,"2023-01-01 07:06:34",active
"Mallie Reilly",laurence.howe@schowalter.com,InterRose,#,"2023-01-01 07:06:34",active
"Dion Mante",hbashirian@kub.info,"Bed Star Ltd",#,"2023-01-01 07:06:34",active
"Annette Wiegand",carrie.baumbach@gmail.com,"Fitness Options",#,"2023-01-01 07:06:34",active
"Zoie Jacobs",rath.emil@gmail.com,Bunches.co.uk,#,"2023-01-01 07:06:34",active
"Laila Schumm",ykuhic@konopelski.com,"Ink Factory",#,"2023-01-01 07:06:34",active
"Marquis Wolff",ugoyette@gmail.com,Names.co.uk,#,"2023-01-01 07:06:34",active
"Fernando Waters",padberg.veronica@hotmail.com,Bunches.co.uk,#,"2023-01-01 07:06:34",active
"Piper Romaguera",modesta.bins@yahoo.com,"A Quarter Of...",#,"2023-01-01 07:06:34",active
"Tatyana Green",usmith@will.com,"Vision Direct UK",#,"2023-01-01 07:06:34",active
"Micheal Maggio",jodie64@yahoo.com,Bunches.co.uk,#,"2023-01-01 07:06:34",active
"Alta Monahan",lonnie17@gmail.com,"Cadbury Gifts Direct",#,"2023-01-01 07:06:34",active
"Paxton Kuhlman",zbogan@gmail.com,Post-a-Rose,#,"2023-01-01 07:06:34",active
"Russ Kuhlman",rhahn@hotmail.com,"Fitness Options",#,"2023-01-01 07:06:34",active
"Bertha Ullrich",haven.rice@hotmail.com,TheDrinkShop,#,"2023-01-01 07:06:34",active
"Otho Daniel",donnie71@gmail.com,"Toffs Ltd",#,"2023-01-01 07:06:34",active
"Jacquelyn Hoeger",fay.nikita@corkery.org,e2save,#,"2023-01-01 07:06:34",active
"Cooper Brown",avery23@satterfield.biz,"Appliance City",#,"2023-01-01 07:06:34",active
"Cynthia Reinger",cfriesen@hotmail.com,InterRose,#,"2023-01-01 07:06:34",active
"Domenica Quitzon",vesta.schoen@simonis.biz,"Fitness Options",#,"2023-01-01 07:06:34",active
"Judy Friesen",rruecker@doyle.org,"Appliance City",#,"2023-01-01 07:06:34",active
"Haven Kuphal",flynch@yahoo.com,Post-a-Rose,#,"2023-01-01 07:06:34",active
"Damian Dach",lola.hessel@gmail.com,CartridgeMonkey,#,"2023-01-01 07:06:34",active
"Georgianna Bernier",jude.terry@hotmail.com,"Song Galaxy",#,"2023-01-01 07:06:34",active
"Don Pollich",schaefer.darby@spencer.com,"Savile Row Company Ltd",#,"2023-01-01 07:06:34",active
"Lowell Balistreri",kiana45@hotmail.com,"Savile Row Company Ltd",#,"2023-01-01 07:06:34",active
"Chandler Cremin",thompson.sincere@hotmail.com,"Scottsdale Golf",#,"2023-01-01 07:06:34",active
"Israel Sanford",sallie41@gmail.com,CartridgeMonkey,#,"2023-01-01 07:06:34",active
"Brianne Lueilwitz",lynn.bins@yahoo.com,Buyagift.co.uk,#,"2023-01-01 07:06:34",active
"Zora King",bbergstrom@yahoo.com,"Darlings of Chelsea",#,"2023-01-01 07:06:34",active
"Oscar Wilderman",talon15@yahoo.com,"Fitness Options",#,"2023-01-01 07:06:34",active
"Laisha Wuckert",dgleason@graham.com,Names.co.uk,#,"2023-01-01 07:06:34",active
"Genesis Collier",dickens.brennan@runte.info,Create,#,"2023-01-01 07:06:34",active
"Juston Thiel",rosalia.wolf@hotmail.com,"Serenata Flowers",#,"2023-01-01 07:06:34",active
"Maynard Dickinson",kareem.brekke@wolff.org,"Scottsdale Golf",#,"2023-01-01 07:06:34",active
"Nelson Kemmer",casper.keagan@wilderman.com,"A Quarter Of...",#,"2023-01-01 07:06:34",active
"Cathy Beier",ofelia.kessler@ryan.com,"Vision Direct UK",#,"2023-01-01 07:06:34",active
"Ottis Thiel",fcruickshank@moore.com,"Chocolate Trading Company",#,"2023-01-01 07:06:34",active
"Nelle Wehner",haley.viva@beier.com,Post-a-Rose,#,"2023-01-01 07:06:34",active
"Timmothy Harris",myrna.dach@yahoo.com,"Vintage Wine Gifts",#,"2023-01-01 07:06:34",active
"Gene Ratke",elias23@gmail.com,"Vision Direct UK",#,"2023-01-01 07:06:34",active
"Declan Corkery",sgutkowski@hotmail.com,CartridgeMonkey,#,"2023-01-01 07:06:34",active
"Michelle Klein",elaina.quitzon@wunsch.biz,"Appliance City",#,"2023-01-01 07:06:34",active
"Aurelia Friesen",courtney37@hotmail.com,"Mankind UK",#,"2023-01-01 07:06:34",active
"Paxton Kuhlman",zbogan@gmail.com,Buyagift.co.uk,#,"2023-01-01 07:06:34",active
"Chandler Cremin",thompson.sincere@hotmail.com,"Toffs Ltd",#,"2023-01-01 07:06:34",active
"Kraig Jones",westley38@yahoo.com,"Ink Factory",#,"2023-01-01 07:06:34",active
"Golda Gottlieb",oreilly.jace@corkery.com,"TV Cables",#,"2023-01-01 07:06:34",active
"Clare Ullrich",rolfson.jeffrey@corkery.org,"The Safe Shop",#,"2023-01-01 07:06:34",active
"Gregoria Prohaska",jbahringer@yahoo.com,e2save,#,"2023-01-01 07:06:34",active
"Damian Dach",lola.hessel@gmail.com,Create,#,"2023-01-01 07:06:34",active
"Myriam Abbott",smraz@cassin.net,"Appliance City",#,"2023-01-01 07:06:34",active
"Julian Zulauf",lauriane.kuhic@gmail.com,"Novatech Ltd",#,"2023-01-01 07:06:34",active
"Barton Larson",ricky39@gmail.com,"Song Galaxy",#,"2023-01-01 07:06:34",active
"Jaqueline Torphy",reynold89@yahoo.com,TheDrinkShop,#,"2023-01-01 07:06:34",active
"Dion Mante",hbashirian@kub.info,TheDrinkShop,#,"2023-01-01 07:06:34",active
"Ryan Gutkowski",koepp.destiney@gmail.com,TheDrinkShop,#,"2023-01-01 07:06:34",active
"Jodie Champlin",patricia76@yahoo.com,"Dorothy Perkins UK",#,"2023-01-01 07:06:34",active
"Arne Bins",beier.ayla@hotmail.com,"Vision Direct UK",#,"2023-01-01 07:06:34",active
"Gene Ratke",elias23@gmail.com,"Vision Direct UK",#,"2023-01-01 07:06:34",active
"Letitia Ratke",lbatz@gmail.com,"Dorothy Perkins UK",#,"2023-01-01 07:06:34",active
"Lukas Kuhn",rosalee.feil@yahoo.com,"Novatech Ltd",#,"2023-01-01 07:06:34",active
"Evalyn Ernser",haley.rahsaan@mills.com,"Appliance City",#,"2023-01-01 07:06:34",active
"Miles Oberbrunner",maxwell.rippin@walter.net,Post-a-Rose,#,"2023-01-01 07:06:34",active
"Bonnie Gerlach",agustina.goodwin@glover.com,Fragrancedirect,#,"2023-01-01 07:06:34",active
"Elvis Goyette",merl28@hotmail.com,Mobiles.co.uk,#,"2023-01-01 07:06:34",active
"Ralph Rogahn",letha.okeefe@yahoo.com,"A Quarter Of...",#,"2023-01-01 07:06:34",active
"Efren Zboncak",gunnar84@yahoo.com,"Vision Direct UK",#,"2023-01-01 07:06:34",active
"Conor Ratke",schumm.breana@gutkowski.com,"Beauty Expert UK",#,"2023-01-01 07:06:34",active
"Valentine O'Reilly",pwitting@mckenzie.com,"The Safe Shop",#,"2023-01-01 07:06:34",active
"Barton Larson",ricky39@gmail.com,"Vintage Wine Gifts",#,"2023-01-01 07:06:34",active
"Rosemarie Schimmel",avonrueden@rippin.com,"Vintage Wine Gifts",#,"2023-01-01 07:06:34",active
"Winston Kuhn",pbernhard@hotmail.com,Prezzybox,#,"2023-01-01 07:06:34",active
"Tamia Denesik",vmetz@mertz.com,Awin,#,"2023-01-01 07:06:34",active
"Carleton Rolfson",amya05@gmail.com,"Burton UK",#,"2023-01-01 07:06:34",active
"Darrin Glover",norris.rutherford@harris.info,"Appliance City",#,"2023-01-01 07:06:34",active
"Ward Kub",cale.prohaska@klein.com,Bunches.co.uk,#,"2023-01-01 07:06:34",active
"Watson Heidenreich",eloy36@hotmail.com,e2save,#,"2023-01-01 07:06:34",active
"Sasha Nader",bailey89@schaden.com,"Appliance City",#,"2023-01-01 07:06:34",active
"Ceasar O'Keefe",oreilly.cade@yahoo.com,"Mankind UK",#,"2023-01-01 07:06:34",active
"Emmy Kozey",kemmer.muriel@price.com,"Vision Direct UK",#,"2023-01-01 07:06:34",active
"Vernie Olson",rhackett@yahoo.com,Post-a-Rose,#,"2023-01-01 07:06:34",active
"Amanda Stracke",trystan.hane@mante.biz,"B & Q",#,"2023-01-01 07:06:34",active
"Palma Greenfelder",gbosco@ortiz.com,Post-a-Rose,#,"2023-01-01 07:06:34",active
"Buddy Ritchie",dcarter@greenfelder.biz,CartridgeMonkey,#,"2023-01-01 07:06:34",active
"Lula Yundt",konopelski.pierce@kirlin.com,"Savile Row Company Ltd",#,"2023-01-01 07:06:34",active
"Edgardo Prohaska",ross78@von.com,"Bed Star Ltd",#,"2023-01-01 07:06:34",active
"Charlie Johnston",karlie00@hotmail.com,Names.co.uk,#,"2023-01-01 07:06:34",active
"Marilyne Lindgren",adaline.dibbert@gmail.com,"Dorothy Perkins UK",#,"2023-01-01 07:06:34",active
"Dawson Smith",baby68@hotmail.com,"Chocolate Trading Company",#,"2023-01-01 07:06:34",active
"Gerson Graham",rstiedemann@schmeler.net,"Serenata Flowers",#,"2023-01-01 07:06:34",active
"Garnet Brown",elmira.heaney@gulgowski.com,CartridgeMonkey,#,"2023-01-01 07:06:34",active
"Brennon Gulgowski",iva.rau@yahoo.com,CartridgeMonkey,#,"2023-01-01 07:06:34",active
"Keeley Ullrich",jast.isai@pagac.org,"Song Galaxy",#,"2023-01-01 07:06:34",active
"Keely Ledner",treutel.luther@hotmail.com,"Appliance City",#,"2023-01-01 07:06:34",active
"Candice Herman",dolly36@durgan.com,Buyagift.co.uk,#,"2023-01-01 07:06:34",active
"Lukas Kuhn",rosalee.feil@yahoo.com,"Chocolate Trading Company",#,"2023-01-01 07:06:34",active
"Franco Padberg",freddie.fadel@hotmail.com,Bunches.co.uk,#,"2023-01-01 07:06:34",active
"Alanna Bins",ctoy@yahoo.com,"Novatech Ltd",#,"2023-01-01 07:06:34",active
"Bart Leannon",hfritsch@yahoo.com,"Burton UK",#,"2023-01-01 07:06:34",active
"Barbara Goyette",franecki.anastacio@hotmail.com,Buyagift.co.uk,#,"2023-01-01 07:06:34",active
"Fanny Maggio",mkemmer@langosh.biz,"The Safe Shop",#,"2023-01-01 07:06:34",active
"Brielle Durgan",macie52@weissnat.com,Prezzybox,#,"2023-01-01 07:06:34",active
"Jackeline Buckridge",mgrimes@heller.com,"Serenata Flowers",#,"2023-01-01 07:06:34",active
"Easton Zboncak",sincere.renner@walker.com,Bunches.co.uk,#,"2023-01-01 07:06:34",active
"Hailey Schuster",antonina04@hotmail.com,Create,#,"2023-01-01 07:06:34",active
"Ron Rogahn",domenica.von@huel.com,Create,#,"2023-01-01 07:06:34",active
"Blake Ernser",tyrell81@hotmail.com,"Advanced MP3 Players",#,"2023-01-01 07:06:34",active
"Clifford Murazik",pschumm@oconner.info,TheDrinkShop,#,"2023-01-01 07:06:34",active
"Antone Cartwright",roberts.sandy@fisher.com,Mobiles.co.uk,#,"2023-01-01 07:06:34",active
"Camren Ziemann",gkling@mohr.com,"Scottsdale Golf",#,"2023-01-01 07:06:34",active
"Allene Nader",omari.schumm@cummerata.com,"Tooled Up",#,"2023-01-01 07:06:34",active
"Brody Romaguera",rklocko@schowalter.net,TheDrinkShop,#,"2023-01-01 07:06:33",active
"Olaf Volkman",keeley.effertz@yahoo.com,"The Safe Shop",#,"2023-01-01 07:06:33",active
"Anastacio Beahan",enrico.grimes@sauer.com,"Vision Direct UK",#,"2023-01-01 07:06:33",active
"Zelma Schmidt",jharvey@hotmail.com,"The Safe Shop",#,"2023-01-01 07:06:33",active
"Efren Zboncak",gunnar84@yahoo.com,"Ink Factory",#,"2023-01-01 07:06:33",active
"Lorna Legros",devin.roob@gmail.com,Buyagift.co.uk,#,"2023-01-01 07:06:33",active
"Jaydon Nicolas",simeon.hammes@yahoo.com,"B & Q",#,"2023-01-01 07:06:33",active
"Mohammad Gaylord",betty.senger@yahoo.com,Prezzybox,#,"2023-01-01 07:06:33",active
"Tony Kulas",aschimmel@yahoo.com,"Beauty Expert UK",#,"2023-01-01 07:06:33",active
"Wilhelm Bahringer",miller.dortha@yahoo.com,"A Quarter Of...",#,"2023-01-01 07:06:33",active
"Duane Collins",brenna48@luettgen.com,"Savile Row Company Ltd",#,"2023-01-01 07:06:33",active
"Judy Friesen",rruecker@doyle.org,Buyagift.co.uk,#,"2023-01-01 07:06:33",active
"Judy Friesen",rruecker@doyle.org,"Toffs Ltd",#,"2023-01-01 07:06:33",active
"Cristal Ziemann",mossie.gottlieb@kautzer.com,"Novatech Ltd",#,"2023-01-01 07:06:33",active
"Timmothy Harris",myrna.dach@yahoo.com,"Bed Star Ltd",#,"2023-01-01 07:06:33",active
"Kiera Rogahn",timmy.cormier@hotmail.com,"Toffs Ltd",#,"2023-01-01 07:06:33",active
"Carrie Greenfelder",marilie75@gmail.com,"Pharmacy2U Online Doctor",#,"2023-01-01 07:06:33",active
"Leslie Thompson",willms.muhammad@yahoo.com,"Appliance City",#,"2023-01-01 07:06:33",active
"Ettie Runte",dahlia.funk@metz.com,"Mankind UK",#,"2023-01-01 07:06:33",active
"Brandi Bogisich",jheidenreich@jacobson.info,"Vintage Wine Gifts",#,"2023-01-01 07:06:33",active
"Carole Jast",tlowe@yahoo.com,"Cast In Style",#,"2023-01-01 07:06:33",active
"Kane Nikolaus",brianne.simonis@grady.com,"Darlings of Chelsea",#,"2023-01-01 07:06:33",active
"Orlo Cormier",derek.barton@hotmail.com,TheDrinkShop,#,"2023-01-01 07:06:33",active
"Dawn Stracke",ezra63@kessler.net,"Pharmacy2U Online Doctor",#,"2023-01-01 07:06:33",active
"Tania Little",gkrajcik@hotmail.com,"B & Q",#,"2023-01-01 07:06:33",active
"Leora Altenwerth",reichel.giovanna@yahoo.com,"The Safe Shop",#,"2023-01-01 07:06:33",active
"Lessie Gusikowski",austin69@stokes.com,"Vintage Wine Gifts",#,"2023-01-01 07:06:33",active
"Cole Thiel",wkessler@hotmail.com,Awin,#,"2023-01-01 07:06:33",active
"Alison Borer",delbert.harris@gmail.com,"Dorothy Perkins UK",#,"2023-01-01 07:06:33",active
"Leanna Beier",rlubowitz@yahoo.com,"Dorothy Perkins UK",#,"2023-01-01 07:06:33",active
"Elisha Roberts",hartmann.abigayle@hotmail.com,"Beauty Expert UK",#,"2023-01-01 07:06:33",active
"Andrew Osinski",norwood.eichmann@gmail.com,"Chocolate Trading Company",#,"2023-01-01 07:06:33",active
"Alta Monahan",lonnie17@gmail.com,"Burton UK",#,"2023-01-01 07:06:33",active
"Gregoria Prohaska",jbahringer@yahoo.com,"Appliance City",#,"2023-01-01 07:06:33",active
"Mathew Barrows",gmarvin@yahoo.com,"Vintage Wine Gifts",#,"2023-01-01 07:06:33",active
"Lori Runte",wolf.jay@yahoo.com,Post-a-Rose,#,"2023-01-01 07:06:33",active
"Theron Harber",fnolan@gmail.com,"Bed Star Ltd",#,"2023-01-01 07:06:33",active
"Charlie Johnston",karlie00@hotmail.com,"Scottsdale Golf",#,"2023-01-01 07:06:33",active
"Kirsten Johnson",garrick.schoen@volkman.com,"Advanced MP3 Players",#,"2023-01-01 07:06:33",active
"Lavinia Barrows",fahey.emmy@yahoo.com,TheDrinkShop,#,"2023-01-01 07:06:33",active
"Ardella O'Reilly",qkreiger@yahoo.com,"Pharmacy2U Online Doctor",#,"2023-01-01 07:06:33",active
"Gage Feil",wchristiansen@yahoo.com,"Mankind UK",#,"2023-01-01 07:06:33",active
"Verda Lowe",ebba99@heaney.com,"Ink Factory",#,"2023-01-01 07:06:33",active
"Alycia Walter",kody.bode@hotmail.com,Bunches.co.uk,#,"2023-01-01 07:06:33",active
"Jackeline Buckridge",mgrimes@heller.com,Bunches.co.uk,#,"2023-01-01 07:06:33",active
"Ivy Auer",lolita66@hauck.info,"Mankind UK",#,"2023-01-01 07:06:33",active
"Sheldon Harvey",reyna.towne@ernser.biz,"B & Q",#,"2023-01-01 07:06:33",active
"Deshaun Kuhn",ansel58@connelly.org,Names.co.uk,#,"2023-01-01 07:06:33",active
"Cloyd Schaefer",amalia11@hotmail.com,"Cast In Style",#,"2023-01-01 07:06:33",active
"Brennon Gulgowski",iva.rau@yahoo.com,CartridgeMonkey,#,"2023-01-01 07:06:33",active
"Cassidy Frami",gnitzsche@hotmail.com,"Ink Factory",#,"2023-01-01 07:06:33",active
"Winona Lakin",klein.madge@schneider.info,"Mankind UK",#,"2023-01-01 07:06:33",active
"Marianne Murphy",christian42@parker.com,TheDrinkShop,#,"2023-01-01 07:06:33",active
"Kelvin Jacobi",francesca07@yahoo.com,Buyagift.co.uk,#,"2023-01-01 07:06:33",active
"Marquis Wolff",ugoyette@gmail.com,"Bed Star Ltd",#,"2023-01-01 07:06:33",active
"Arvid Boyer",miles.krajcik@yahoo.com,"Cadbury Gifts Direct",#,"2023-01-01 07:06:33",active
"Vernon Maggio",andres.conn@mertz.net,Fragrancedirect,#,"2023-01-01 07:06:33",active
"Weldon Turcotte",florida.dickens@hotmail.com,"Novatech Ltd",#,"2023-01-01 07:06:33",active
"Yasmine Effertz",jakubowski.toby@yahoo.com,e2save,#,"2023-01-01 07:06:33",active
"Ibrahim Terry",ulises90@kuphal.com,Names.co.uk,#,"2023-01-01 07:06:33",active
"Mauricio Medhurst",nathanael74@sipes.info,"Ink Factory",#,"2023-01-01 07:06:33",active
"Ryder Toy",elinore35@hotmail.com,e2save,#,"2023-01-01 07:06:33",active
"Laurianne Kirlin",michele.olson@hotmail.com,"Savile Row Company Ltd",#,"2023-01-01 07:06:33",active
"Anika Stark",robel.carol@goodwin.com,"Burton UK",#,"2023-01-01 07:06:33",active
"Zoey O'Connell",klein.jeromy@goodwin.com,"Cadbury Gifts Direct",#,"2023-01-01 07:06:33",active
"Onie Strosin",brekke.cierra@gmail.com,Awin,#,"2023-01-01 07:06:33",active
"Efren Jakubowski",bruce.macejkovic@hotmail.com,"Tooled Up",#,"2023-01-01 07:06:33",active
"Duane Collins",brenna48@luettgen.com,Prezzybox,#,"2023-01-01 07:06:33",active
"Kole Ullrich",filomena.koss@durgan.info,"B & Q",#,"2023-01-01 07:06:33",active
"Aurelia Friesen",courtney37@hotmail.com,"Appliance City",#,"2023-01-01 07:06:33",active
"Brandy Welch",lurline60@runolfsdottir.net,CartridgeMonkey,#,"2023-01-01 07:06:33",active
"Beaulah Crist",cronin.mariam@mccullough.info,"Vision Direct UK",#,"2023-01-01 07:06:33",active
"Dolores Reichert",braxton.gleason@yahoo.com,"Novatech Ltd",#,"2023-01-01 07:06:33",active
"Dena Stamm",flossie.pacocha@hotmail.com,Names.co.uk,#,"2023-01-01 07:06:33",active
"Blake Ernser",tyrell81@hotmail.com,"Tooled Up",#,"2023-01-01 07:06:33",active
"Kiera Rogahn",timmy.cormier@hotmail.com,"Scottsdale Golf",#,"2023-01-01 07:06:33",active
"Brielle Durgan",macie52@weissnat.com,Fragrancedirect,#,"2023-01-01 07:06:33",active
"Bailee O'Reilly",gschamberger@brown.com,"Savile Row Company Ltd",#,"2023-01-01 07:06:33",active
"Pasquale Cremin",aleffler@yahoo.com,Awin,#,"2023-01-01 07:06:33",active
"Don Pollich",schaefer.darby@spencer.com,Mobiles.co.uk,#,"2023-01-01 07:06:33",active
"Koby Ebert",renner.elbert@larkin.com,"Cadbury Gifts Direct",#,"2023-01-01 07:06:33",active
"Adah Bayer",lois75@hotmail.com,InterRose,#,"2023-01-01 07:06:33",active
"Elaina Bruen",hoppe.retta@bayer.net,"TV Cables",#,"2023-01-01 07:06:33",active
"Arlene Greenfelder",zjacobs@gmail.com,"Pharmacy2U Online Doctor",#,"2023-01-01 07:06:33",active
"Timmy Schulist",destinee.reynolds@denesik.com,"Scottsdale Golf",#,"2023-01-01 07:06:33",active
"Roman Reynolds",alta.borer@hotmail.com,"Beauty Expert UK",#,"2023-01-01 07:06:33",active
"Barton Larson",ricky39@gmail.com,Names.co.uk,#,"2023-01-01 07:06:33",active
"Adah Bayer",lois75@hotmail.com,"Tooled Up",#,"2023-01-01 07:06:33",active
"Carmella Champlin",micah.hegmann@veum.info,e2save,#,"2023-01-01 07:06:33",active
"Bret Hoppe",jacklyn97@maggio.com,InterRose,#,"2023-01-01 07:06:33",active
"Selmer Von",johnston.damien@spencer.info,"Savile Row Company Ltd",#,"2023-01-01 07:06:33",active
"Bailee Graham",wherman@gmail.com,"Serenata Flowers",#,"2023-01-01 07:06:33",active
"Bertha Ullrich",haven.rice@hotmail.com,Names.co.uk,#,"2023-01-01 07:06:33",active
"Letitia Upton",mraz.kristina@white.com,Awin,#,"2023-01-01 07:06:33",active
"Camren Ziemann",gkling@mohr.com,"The Safe Shop",#,"2023-01-01 07:06:33",active
"Kimberly Leannon",hudson.raquel@yahoo.com,"Cast In Style",#,"2023-01-01 07:06:33",active
"Laurence Stroman",emelie.medhurst@yahoo.com,"Mankind UK",#,"2023-01-01 07:06:33",active
"Marianne Murphy",christian42@parker.com,Create,#,"2023-01-01 07:06:33",active
"Vernie Olson",rhackett@yahoo.com,CartridgeMonkey,#,"2023-01-01 07:06:33",active
"Seamus Littel",gibson.felicita@yahoo.com,"Dorothy Perkins UK",#,"2023-01-01 07:06:33",active
"Caroline Bayer",vernie.ritchie@cronin.com,"Vintage Wine Gifts",#,"2023-01-01 07:06:33",active
"Dereck Marquardt",meggie24@kerluke.com,"Beauty Expert UK",#,"2023-01-01 07:06:33",active
"Earline Upton",manley93@hotmail.com,"Beauty Expert UK",#,"2023-01-01 07:06:33",active
"Eladio Baumbach",hillard07@gmail.com,CartridgeMonkey,#,"2023-01-01 07:06:33",active
"Amanda Armstrong",klein.ron@hotmail.com,"Advanced MP3 Players",#,"2023-01-01 07:06:33",active
"Ryan Gutkowski",koepp.destiney@gmail.com,"Novatech Ltd",#,"2023-01-01 07:06:33",active
"Delbert Hartmann",bhodkiewicz@hotmail.com,"Savile Row Company Ltd",#,"2023-01-01 07:06:33",active
"Amara Kiehn",audra22@gmail.com,"Tooled Up",#,"2023-01-01 07:06:33",active
"Ceasar Lueilwitz",archibald.dubuque@jaskolski.biz,"Fitness Options",#,"2023-01-01 07:06:33",active
"Chelsea Lesch",cristal.rosenbaum@bahringer.com,"TV Cables",#,"2023-01-01 07:06:33",active
"Kariane Braun",purdy.carolyn@robel.com,InterRose,#,"2023-01-01 07:06:33",active
"Mabel Quitzon",zpfannerstill@gmail.com,TheDrinkShop,#,"2023-01-01 07:06:33",active
"Sasha Nader",bailey89@schaden.com,Prezzybox,#,"2023-01-01 07:06:33",active
"Greta Durgan",ross.powlowski@sanford.com,"Cadbury Gifts Direct",#,"2023-01-01 07:06:33",active
"Peggie Collier",kailyn.schmeler@yahoo.com,e2save,#,"2023-01-01 07:06:33",active
"Franco Padberg",freddie.fadel@hotmail.com,"Appliance City",#,"2023-01-01 07:06:33",active
"Ezra Ferry",roconnell@gmail.com,"TV Cables",#,"2023-01-01 07:06:33",active
"Amanda Lubowitz",marques.yundt@homenick.com,"Cast In Style",#,"2023-01-01 07:06:33",active
"Cydney Mraz",ewell29@bayer.biz,Bunches.co.uk,#,"2023-01-01 07:06:33",active
"Johnathan Goyette",xbeer@morar.com,Fragrancedirect,#,"2023-01-01 07:06:33",active
"Johnathon Volkman",kweissnat@hotmail.com,"Savile Row Company Ltd",#,"2023-01-01 07:06:33",active
"Violette Goodwin",cora.haley@gmail.com,Fragrancedirect,#,"2023-01-01 07:06:33",active
"Lavinia Barrows",fahey.emmy@yahoo.com,"Mankind UK",#,"2023-01-01 07:06:33",active
"Nyasia Hilpert",ebeier@berge.biz,"Dorothy Perkins UK",#,"2023-01-01 07:06:33",active
"Leanna Heidenreich",luis.leannon@yahoo.com,"Bed Star Ltd",#,"2023-01-01 07:06:33",active
"Brionna Abernathy",jimmie.borer@hotmail.com,e2save,#,"2023-01-01 07:06:33",active
"Maurine Quitzon",jany69@hayes.com,e2save,#,"2023-01-01 07:06:33",active
"Deshaun Kuhn",ansel58@connelly.org,"Burton UK",#,"2023-01-01 07:06:33",active
"Cathy O'Connell",olson.abraham@yahoo.com,"Mankind UK",#,"2023-01-01 07:06:33",active
"Amanda Eichmann",kaycee.hermiston@krajcik.org,"The Safe Shop",#,"2023-01-01 07:06:33",active
"Elbert Beer",kyler.lebsack@hotmail.com,"B & Q",#,"2023-01-01 07:06:33",active
"Quincy Walsh",trinity.ritchie@hotmail.com,"Toffs Ltd",#,"2023-01-01 07:06:33",active
"Mauricio Medhurst",nathanael74@sipes.info,"Scottsdale Golf",#,"2023-01-01 07:06:33",active
"Johnpaul Sanford",michaela28@bergnaum.com,Create,#,"2023-01-01 07:06:33",active
"Keeley Ullrich",jast.isai@pagac.org,CartridgeMonkey,#,"2023-01-01 07:06:33",active
"Bertha Ullrich",haven.rice@hotmail.com,"Toffs Ltd",#,"2023-01-01 07:06:33",active
"Leta Kozey",betsy54@gmail.com,"TV Cables",#,"2023-01-01 07:06:33",active
"Harold Emmerich",riley.bernhard@kuphal.com,"Bed Star Ltd",#,"2023-01-01 07:06:33",active
"Leanna Beier",rlubowitz@yahoo.com,"Savile Row Company Ltd",#,"2023-01-01 07:06:33",active
"Brendon Rohan",okeefe.caroline@yahoo.com,"Fitness Options",#,"2023-01-01 07:06:33",active
"Declan Corkery",sgutkowski@hotmail.com,e2save,#,"2023-01-01 07:06:33",active
"Domenica Quitzon",vesta.schoen@simonis.biz,"Cadbury Gifts Direct",#,"2023-01-01 07:06:33",active
"Onie Strosin",brekke.cierra@gmail.com,Bunches.co.uk,#,"2023-01-01 07:06:33",active
"Savannah Davis",kgoldner@wyman.net,"Dorothy Perkins UK",#,"2023-01-01 07:06:33",active
"Josie Raynor",kconsidine@hotmail.com,Buyagift.co.uk,#,"2023-01-01 07:06:33",active
"Reina Botsford",pfannerstill.margarette@schultz.net,"Bed Star Ltd",#,"2023-01-01 07:06:33",active
"Tiffany Huels",dietrich.golden@yahoo.com,"Vision Direct UK",#,"2023-01-01 07:06:33",active
"Keegan Pacocha",erick22@block.com,Mobiles.co.uk,#,"2023-01-01 07:06:33",active
"Sheldon Harvey",reyna.towne@ernser.biz,Buyagift.co.uk,#,"2023-01-01 07:06:33",active
"Edwina Bayer",oschaefer@block.com,Awin,#,"2023-01-01 07:06:33",active
"Sean Leuschke",rice.leta@hotmail.com,Bunches.co.uk,#,"2023-01-01 07:06:33",active
"Adah Bayer",lois75@hotmail.com,Awin,#,"2023-01-01 07:06:33",active
"Winona Lakin",klein.madge@schneider.info,"Cadbury Gifts Direct",#,"2023-01-01 07:06:33",active
"Brandi Crona",elisha.blick@kemmer.com,"Cadbury Gifts Direct",#,"2023-01-01 07:06:33",active
"Ursula Rice",jquigley@reichert.net,"Mankind UK",#,"2023-01-01 07:06:33",active
"Piper Mayert",itzel.keebler@goodwin.com,"Dorothy Perkins UK",#,"2023-01-01 07:06:33",active
"Eladio Baumbach",hillard07@gmail.com,"Fitness Options",#,"2023-01-01 07:06:33",active
"Danielle Abernathy",joannie52@hotmail.com,Fragrancedirect,#,"2023-01-01 07:06:33",active
"Nico Bradtke",hoeger.vito@gmail.com,"Tooled Up",#,"2023-01-01 07:06:33",active
"Vernie Olson",rhackett@yahoo.com,"Vision Direct UK",#,"2023-01-01 07:06:33",active
"Paxton Kuhlman",zbogan@gmail.com,Buyagift.co.uk,#,"2023-01-01 07:06:33",active
"Aurelia Friesen",courtney37@hotmail.com,"A Quarter Of...",#,"2023-01-01 07:06:33",active
"Ivy Auer",lolita66@hauck.info,"TV Cables",#,"2023-01-01 07:06:33",active
"Pearl Wyman",domenick03@hotmail.com,"Dorothy Perkins UK",#,"2023-01-01 07:06:33",active
"Velva Powlowski",dawson59@hotmail.com,e2save,#,"2023-01-01 07:06:33",active
"Joe Cummings",chanel48@gmail.com,Create,#,"2023-01-01 07:06:33",active
"Haleigh Collins",hane.hector@pfannerstill.info,"Cadbury Gifts Direct",#,"2023-01-01 07:06:33",active
"Jules Huel",von.laurianne@metz.org,Post-a-Rose,#,"2023-01-01 07:06:33",active
"Beaulah Reilly",cale17@spencer.com,"Scottsdale Golf",#,"2023-01-01 07:06:33",active
"Jeromy Baumbach",morissette.anibal@hotmail.com,e2save,#,"2023-01-01 07:06:33",active
"Kaleigh Raynor",boyer.andy@smith.com,"Vision Direct UK",#,"2023-01-01 07:06:33",active
"Arne Carter",lucas54@hotmail.com,"TV Cables",#,"2023-01-01 07:06:33",active
"Bruce Gaylord",zoconner@spinka.com,CartridgeMonkey,#,"2023-01-01 07:06:33",active
"Clarabelle Upton",kspencer@gmail.com,"Appliance City",#,"2023-01-01 07:06:33",active
"Donny Bartoletti",jeramie28@waters.info,"Savile Row Company Ltd",#,"2023-01-01 07:06:33",active
"Sam Gutkowski",rkovacek@gusikowski.com,Create,#,"2023-01-01 07:06:33",active
"Kirsten Johnson",garrick.schoen@volkman.com,"The Safe Shop",#,"2023-01-01 07:06:33",active
"Geoffrey Jenkins",jackeline.franecki@deckow.biz,CartridgeMonkey,#,"2023-01-01 07:06:33",active
"Ozella Fadel",cathrine36@carter.info,"Advanced MP3 Players",#,"2023-01-01 07:06:33",active
"Josie Raynor",kconsidine@hotmail.com,Mobiles.co.uk,#,"2023-01-01 07:06:33",active
"Fredy Trantow",akohler@wisozk.com,"Ink Factory",#,"2023-01-01 07:06:33",active
"Jamie Wintheiser",drolfson@gmail.com,"Toffs Ltd",#,"2023-01-01 07:06:33",active
"Wilhelmine Waters",bmante@yahoo.com,"Fitness Options",#,"2023-01-01 07:06:33",active
"Shany Larson",iconnelly@padberg.com,"Appliance City",#,"2023-01-01 07:06:33",active
"Waylon Shanahan",nvonrueden@goodwin.com,e2save,#,"2023-01-01 07:06:33",active
"Toney Huel",rkub@hotmail.com,"Appliance City",#,"2023-01-01 07:06:33",active
"Pearlie Waelchi",heber51@torphy.info,"B & Q",#,"2023-01-01 07:06:33",active
"Annette Kuhic",owatsica@bernier.com,TheDrinkShop,#,"2023-01-01 07:06:33",active
"Dell Feest",hyatt.jayce@marvin.com,"TV Cables",#,"2023-01-01 07:06:33",active
"Timmy Dickinson",ian.cartwright@yahoo.com,"Vintage Wine Gifts",#,"2023-01-01 07:06:33",active
"Marjorie Schulist",thompson.garrick@hotmail.com,"Serenata Flowers",#,"2023-01-01 07:06:33",active
"Rae Bechtelar",miles.gottlieb@cole.com,Prezzybox,#,"2023-01-01 07:06:33",active
"Cathy O'Connell",olson.abraham@yahoo.com,"Pharmacy2U Online Doctor",#,"2023-01-01 07:06:33",active
"Efren Jakubowski",bruce.macejkovic@hotmail.com,"Tooled Up",#,"2023-01-01 07:06:33",active
"Silas Jacobi",white.mabel@stroman.org,"Fitness Options",#,"2023-01-01 07:06:33",active
"Michael Watsica",danika.strosin@gmail.com,"Savile Row Company Ltd",#,"2023-01-01 07:06:33",active
"Carmella Champlin",micah.hegmann@veum.info,"Cast In Style",#,"2023-01-01 07:06:33",active
"William Predovic",jbradtke@jacobson.biz,Prezzybox,#,"2023-01-01 07:06:33",active
"Keenan Murazik",dudley76@gmail.com,"Ink Factory",#,"2023-01-01 07:06:33",active
"Fernando Waters",padberg.veronica@hotmail.com,"Mankind UK",#,"2023-01-01 07:06:33",active
"Mohammad Gaylord",betty.senger@yahoo.com,Prezzybox,#,"2023-01-01 07:06:33",active
"Luisa Marquardt",bernhard.ruthe@kulas.info,"Novatech Ltd",#,"2023-01-01 07:06:33",active
"Yesenia Schultz",alvah.daniel@gmail.com,"Bed Star Ltd",#,"2023-01-01 07:06:33",active
"Amanda Stracke",trystan.hane@mante.biz,"Cadbury Gifts Direct",#,"2023-01-01 07:06:33",active
"Bret McCullough",dboyer@wunsch.info,Post-a-Rose,#,"2023-01-01 07:06:33",active
"Carolyn Lockman",eladio.casper@gmail.com,"Appliance City",#,"2023-01-01 07:06:33",active
"Kristofer Welch",okeefe.dewayne@goldner.biz,TheDrinkShop,#,"2023-01-01 07:06:33",active
"Reggie Berge",eusebio.trantow@yahoo.com,Awin,#,"2023-01-01 07:06:33",active
"Marty Douglas",ezequiel.upton@feil.com,"Dorothy Perkins UK",#,"2023-01-01 07:06:33",active
"Nico Bradtke",hoeger.vito@gmail.com,"Appliance City",#,"2023-01-01 07:06:33",active
"Sylvia Bailey",kub.hailey@yahoo.com,Fragrancedirect,#,"2023-01-01 07:06:33",active
"Clifford Considine",rowland66@hotmail.com,"A Quarter Of...",#,"2023-01-01 07:06:33",active
"Laverna Hirthe",dickinson.valerie@yahoo.com,"Fitness Options",#,"2023-01-01 07:06:33",active
"Kenya Jacobi",norberto.bergnaum@gmail.com,"A Quarter Of...",#,"2023-01-01 07:06:33",active
"Katrina Mitchell",tessie.bernhard@yahoo.com,Names.co.uk,#,"2023-01-01 07:06:33",active
"Don Pollich",schaefer.darby@spencer.com,"Serenata Flowers",#,"2023-01-01 07:06:33",active
"Bart Leannon",hfritsch@yahoo.com,"Cast In Style",#,"2023-01-01 07:06:33",active
"Danielle Hayes",koelpin.deondre@hand.com,Bunches.co.uk,#,"2023-01-01 07:06:33",active
"Torrey Lang",hosea.gleichner@gmail.com,"Toffs Ltd",#,"2023-01-01 07:06:33",active
"Meta Treutel",davis.eldon@schroeder.biz,Post-a-Rose,#,"2023-01-01 07:06:33",active
"Adonis Satterfield",bbreitenberg@hotmail.com,"Darlings of Chelsea",#,"2023-01-01 07:06:33",active
"Rhett Lynch",ufranecki@muller.com,"A Quarter Of...",#,"2023-01-01 07:06:33",active
"Amanda Stracke",trystan.hane@mante.biz,Prezzybox,#,"2023-01-01 07:06:33",active
"Skye Haley",cecelia13@gmail.com,Mobiles.co.uk,#,"2023-01-01 07:06:33",active
"Luisa Marquardt",bernhard.ruthe@kulas.info,"Dorothy Perkins UK",#,"2023-01-01 07:06:33",active
"Adah Bayer",lois75@hotmail.com,"Tooled Up",#,"2023-01-01 07:06:32",active
"Ernest Bechtelar",njones@dickinson.com,"Chocolate Trading Company",#,"2023-01-01 07:06:32",active
"Dayna Watsica",ahodkiewicz@yahoo.com,"Scottsdale Golf",#,"2023-01-01 07:06:32",active
"Estrella Hane",pkrajcik@barton.com,"Beauty Expert UK",#,"2023-01-01 07:06:32",active
"Paolo Hudson",emitchell@corkery.net,CartridgeMonkey,#,"2023-01-01 07:06:32",active
"Allene Nader",omari.schumm@cummerata.com,"A Quarter Of...",#,"2023-01-01 07:06:32",active
"Mollie Satterfield",sfarrell@keeling.net,"Chocolate Trading Company",#,"2023-01-01 07:06:32",active
"Janie Kutch",shanahan.verona@gmail.com,"B & Q",#,"2023-01-01 07:06:32",active
"Clifford Murazik",pschumm@oconner.info,"Tooled Up",#,"2023-01-01 07:06:32",active
"Paolo Wehner",alec64@mills.info,"Burton UK",#,"2023-01-01 07:06:32",active
"Maryam Mitchell",waldo.mcglynn@wolf.com,"Toffs Ltd",#,"2023-01-01 07:06:32",active
"Alex Bergnaum",lkonopelski@hotmail.com,Fragrancedirect,#,"2023-01-01 07:06:32",active
"Data Operator",data@trs.com,InterRose,#,"2023-01-01 07:06:32",active
"Leanna King",qlittel@hotmail.com,"Cast In Style",#,"2023-01-01 07:06:32",active
"Fae O'Connell",anibal50@yahoo.com,CartridgeMonkey,#,"2023-01-01 07:06:32",active
"Allene Nader",omari.schumm@cummerata.com,"Toffs Ltd",#,"2023-01-01 07:06:32",active
"Brody Romaguera",rklocko@schowalter.net,"Chocolate Trading Company",#,"2023-01-01 07:06:32",active
"Dell Mraz",rosina96@gmail.com,"Song Galaxy",#,"2023-01-01 07:06:32",active
"Mathilde Kris",kmurazik@yundt.com,"Mankind UK",#,"2023-01-01 07:06:32",active
"Clifford Considine",rowland66@hotmail.com,Create,#,"2023-01-01 07:06:32",active
"Alanna Bins",ctoy@yahoo.com,"Scottsdale Golf",#,"2023-01-01 07:06:32",active
"Willow Hettinger",gjakubowski@yahoo.com,"Chocolate Trading Company",#,"2023-01-01 07:06:32",active
"Jon Harvey",hyatt.chadrick@monahan.com,"Cast In Style",#,"2023-01-01 07:06:32",active
"Celestino Cormier",rogahn.otha@nitzsche.biz,"Ink Factory",#,"2023-01-01 07:06:32",active
"Constance Schroeder",jude.kirlin@pouros.com,Mobiles.co.uk,#,"2023-01-01 07:06:32",active
"Aletha Hayes",lambert.gottlieb@hotmail.com,"Scottsdale Golf",#,"2023-01-01 07:06:32",active
"Rhett Lynch",ufranecki@muller.com,"Scottsdale Golf",#,"2023-01-01 07:06:32",active
"Lera Schulist",atoy@abernathy.com,"Song Galaxy",#,"2023-01-01 07:06:32",active
"Mustafa Koss",huel.kory@yahoo.com,"Beauty Expert UK",#,"2023-01-01 07:06:32",active
"Israel Sanford",sallie41@gmail.com,Buyagift.co.uk,#,"2023-01-01 07:06:32",active
"Jana Beer",bcrona@gmail.com,CartridgeMonkey,#,"2023-01-01 07:06:32",active
"Nona Bashirian",yschimmel@crooks.com,"Cast In Style",#,"2023-01-01 07:06:32",active
"Laurence Stroman",emelie.medhurst@yahoo.com,"B & Q",#,"2023-01-01 07:06:32",active
"Kane Nikolaus",brianne.simonis@grady.com,Names.co.uk,#,"2023-01-01 07:06:32",active
"Constance Schroeder",jude.kirlin@pouros.com,"Mankind UK",#,"2023-01-01 07:06:32",active
"Fanny Maggio",mkemmer@langosh.biz,"Bed Star Ltd",#,"2023-01-01 07:06:32",active
"Bobbie Kiehn",kirstin.ruecker@walker.biz,"Burton UK",#,"2023-01-01 07:06:32",active
"Tyshawn Little",enola.klocko@skiles.biz,"TV Cables",#,"2023-01-01 07:06:32",active
"Ellen Mills",abdullah45@hotmail.com,Fragrancedirect,#,"2023-01-01 07:06:32",active
"Dasia Heathcote",qprice@johnston.biz,"Beauty Expert UK",#,"2023-01-01 07:06:32",active
"Brielle Durgan",macie52@weissnat.com,"Cadbury Gifts Direct",#,"2023-01-01 07:06:32",active
"Brennon Gulgowski",iva.rau@yahoo.com,"Tooled Up",#,"2023-01-01 07:06:32",active
"Garnet Brown",elmira.heaney@gulgowski.com,"Burton UK",#,"2023-01-01 07:06:32",active
"Newell Hand",kaelyn98@glover.com,"Novatech Ltd",#,"2023-01-01 07:06:32",active
"Hank Oberbrunner",wunsch.merl@rice.info,"The Safe Shop",#,"2023-01-01 07:06:32",active
"Emmanuelle Jaskolski",austen41@gmail.com,"Vision Direct UK",#,"2023-01-01 07:06:32",active
"Verda Lowe",ebba99@heaney.com,"Ink Factory",#,"2023-01-01 07:06:32",active
"Zoie Jacobs",rath.emil@gmail.com,"Toffs Ltd",#,"2023-01-01 07:06:32",active
"Amie Howell",ubaldo61@schmitt.com,"Bed Star Ltd",#,"2023-01-01 07:06:32",active
"Agnes Daniel",moore.adah@davis.com,Awin,#,"2023-01-01 07:06:32",active
"Kathlyn Bernhard",lakin.abraham@yahoo.com,Awin,#,"2023-01-01 07:06:32",active
"Brain Rutherford",francis.corkery@yahoo.com,Fragrancedirect,#,"2023-01-01 07:06:32",active
"Esmeralda Ernser",chaya62@yahoo.com,"Song Galaxy",#,"2023-01-01 07:06:32",active
"Albin Treutel",wnikolaus@hotmail.com,"A Quarter Of...",#,"2023-01-01 07:06:32",active
"Kamryn Hill",karina97@smitham.com,"Novatech Ltd",#,"2023-01-01 07:06:32",active
"Super Admin",admin@trs.com,Post-a-Rose,#,"2023-01-01 07:06:32",active
"Zita Grady",angelo.wilkinson@yahoo.com,"Ink Factory",#,"2023-01-01 07:06:32",active
"Kane Nikolaus",brianne.simonis@grady.com,"Bed Star Ltd",#,"2023-01-01 07:06:32",active
"Lavina Casper",nya.bergstrom@gmail.com,TheDrinkShop,#,"2023-01-01 07:06:32",active
"Josefa Mraz",boyle.rozella@medhurst.com,CartridgeMonkey,#,"2023-01-01 07:06:32",active
"Aurelia Bosco",susan60@hotmail.com,Fragrancedirect,#,"2023-01-01 07:06:32",active
"Lavinia Barrows",fahey.emmy@yahoo.com,"Song Galaxy",#,"2023-01-01 07:06:32",active
"Katrina Mitchell",tessie.bernhard@yahoo.com,"Advanced MP3 Players",#,"2023-01-01 07:06:32",active
"Amelie Bergstrom",raynor.betty@yahoo.com,"Burton UK",#,"2023-01-01 07:06:32",active
"Kamryn Hill",karina97@smitham.com,Bunches.co.uk,#,"2023-01-01 07:06:32",active
"Amanda Stracke",trystan.hane@mante.biz,Fragrancedirect,#,"2023-01-01 07:06:32",active
"Lucy Franecki",alang@gmail.com,"Ink Factory",#,"2023-01-01 07:06:32",active
"Demarco Denesik",feil.lucie@dickinson.com,"Savile Row Company Ltd",#,"2023-01-01 07:06:32",active
"Sonya Tremblay",marty14@yahoo.com,"Pharmacy2U Online Doctor",#,"2023-01-01 07:06:32",active
"Beverly Auer",rutherford.arvid@yahoo.com,"Dorothy Perkins UK",#,"2023-01-01 07:06:32",active
"Efren Hickle",gorczany.fae@thompson.biz,"Tooled Up",#,"2023-01-01 07:06:32",active
"Abby Jerde",carmela25@hotmail.com,Bunches.co.uk,#,"2023-01-01 07:06:32",active
"Brody Romaguera",rklocko@schowalter.net,"Advanced MP3 Players",#,"2023-01-01 07:06:32",active
"Ofelia Jacobson",blanda.edmund@hotmail.com,"TV Cables",#,"2023-01-01 07:06:32",active
"Efren Hickle",gorczany.fae@thompson.biz,"The Safe Shop",#,"2023-01-01 07:06:32",active
"Skye Haley",cecelia13@gmail.com,"Appliance City",#,"2023-01-01 07:06:32",active
"Camren Hand",favian73@quigley.net,"TV Cables",#,"2023-01-01 07:06:32",active
"Ryan Gutkowski",koepp.destiney@gmail.com,Names.co.uk,#,"2023-01-01 07:06:32",active
"Roberta Lueilwitz",mkling@zboncak.com,TheDrinkShop,#,"2023-01-01 07:06:32",active
"Declan Corkery",sgutkowski@hotmail.com,CartridgeMonkey,#,"2023-01-01 07:06:32",active
"Walter Kub",jast.rylan@hotmail.com,Post-a-Rose,#,"2023-01-01 07:06:32",active
"Queen Vandervort",corkery.rosanna@conn.net,"Fitness Options",#,"2023-01-01 07:06:32",active
"Delilah Bernhard",rkuvalis@dooley.com,Buyagift.co.uk,#,"2023-01-01 07:06:32",active
"Kaleigh Raynor",boyer.andy@smith.com,"Darlings of Chelsea",#,"2023-01-01 07:06:32",active
"Alycia Walter",kody.bode@hotmail.com,"Ink Factory",#,"2023-01-01 07:06:32",active
"Jon Von",zmccullough@gmail.com,"A Quarter Of...",#,"2023-01-01 07:06:32",active
"Dawson Smith",baby68@hotmail.com,"Mankind UK",#,"2023-01-01 07:06:32",active
"Efren Zboncak",gunnar84@yahoo.com,Post-a-Rose,#,"2023-01-01 07:06:32",active
"Braden Klocko",regan.franecki@ferry.net,Mobiles.co.uk,#,"2023-01-01 07:06:32",active
"Art Harvey",stanley57@gmail.com,Awin,#,"2023-01-01 07:06:32",active
"Dedric Doyle",lenna.daugherty@yahoo.com,"Savile Row Company Ltd",#,"2023-01-01 07:06:32",active
"Ike Pfannerstill",jakubowski.marcelino@dickens.net,CartridgeMonkey,#,"2023-01-01 07:06:32",active
"Margie Simonis",axel.sipes@hotmail.com,Buyagift.co.uk,#,"2023-01-01 07:06:32",active
"Marta Kunze",harrison48@hotmail.com,"Serenata Flowers",#,"2023-01-01 07:06:32",active
"Mallory Gibson",ckeebler@miller.com,"The Safe Shop",#,"2023-01-01 07:06:32",active
"Leanna Heidenreich",luis.leannon@yahoo.com,e2save,#,"2023-01-01 07:06:32",active
"Bernardo Lowe",caleb.crona@yahoo.com,"Savile Row Company Ltd",#,"2023-01-01 07:06:32",active
"Sylvia Bailey",kub.hailey@yahoo.com,"Darlings of Chelsea",#,"2023-01-01 07:06:32",active
"Savannah Davis",kgoldner@wyman.net,"Scottsdale Golf",#,"2023-01-01 07:06:32",active
"Coy Swaniawski",quitzon.wava@hotmail.com,"Scottsdale Golf",#,"2023-01-01 07:06:32",active
"Carmella Champlin",micah.hegmann@veum.info,TheDrinkShop,#,"2023-01-01 07:06:32",active
"Marianne Murphy",christian42@parker.com,"Beauty Expert UK",#,"2023-01-01 07:06:32",active
"Delilah Bernhard",rkuvalis@dooley.com,"Tooled Up",#,"2023-01-01 07:06:32",active
"Adolph Russel",arnaldo.gerhold@ruecker.com,"Fitness Options",#,"2023-01-01 07:06:32",active
"Collin Batz",nitzsche.leann@medhurst.com,"Bed Star Ltd",#,"2023-01-01 07:06:32",active
"Lamont Morissette",rullrich@yahoo.com,Create,#,"2023-01-01 07:06:32",active
"Pearlie Waelchi",heber51@torphy.info,"Chocolate Trading Company",#,"2023-01-01 07:06:32",active
"Orville Stark",juston.leuschke@gmail.com,"Serenata Flowers",#,"2023-01-01 07:06:32",active
"Lowell Balistreri",kiana45@hotmail.com,Bunches.co.uk,#,"2023-01-01 07:06:32",active
"Johnson Hammes",easton.boehm@ward.biz,InterRose,#,"2023-01-01 07:06:32",active
"Stephen Aufderhar",johnson.domenico@hotmail.com,"Beauty Expert UK",#,"2023-01-01 07:06:32",active
"Mckayla Treutel",breanna56@hotmail.com,"Bed Star Ltd",#,"2023-01-01 07:06:32",active
"Katlynn Cruickshank",kkutch@gmail.com,Post-a-Rose,#,"2023-01-01 07:06:32",active
"Demarco Denesik",feil.lucie@dickinson.com,"Chocolate Trading Company",#,"2023-01-01 07:06:32",active
"Pearline Roberts",marjory27@brekke.com,"Bed Star Ltd",#,"2023-01-01 07:06:32",active
"Camylle Heathcote",cpaucek@braun.org,"Novatech Ltd",#,"2023-01-01 07:06:32",active
"Pasquale Cremin",aleffler@yahoo.com,"Chocolate Trading Company",#,"2023-01-01 07:06:32",active
"Amanda Armstrong",klein.ron@hotmail.com,"Novatech Ltd",#,"2023-01-01 07:06:32",active
"Kaela Powlowski",alejandra94@tromp.net,TheDrinkShop,#,"2023-01-01 07:06:32",active
"Jalen Kulas",bherman@hotmail.com,"Chocolate Trading Company",#,"2023-01-01 07:06:32",active
"Velva Powlowski",dawson59@hotmail.com,"Serenata Flowers",#,"2023-01-01 07:06:32",active
"Samanta Kulas",immanuel43@hotmail.com,Post-a-Rose,#,"2023-01-01 07:06:32",active
"Miles Oberbrunner",maxwell.rippin@walter.net,InterRose,#,"2023-01-01 07:06:32",active
"Leanna Beier",rlubowitz@yahoo.com,InterRose,#,"2023-01-01 07:06:32",active
"Brendon Rohan",okeefe.caroline@yahoo.com,Buyagift.co.uk,#,"2023-01-01 07:06:32",active
"Vernie Olson",rhackett@yahoo.com,Create,#,"2023-01-01 07:06:32",active
"Elvie Hamill",rosemary69@yahoo.com,Prezzybox,#,"2023-01-01 07:06:32",active
"Kelton Gerhold",shad.macejkovic@hotmail.com,"Cadbury Gifts Direct",#,"2023-01-01 07:06:32",active
"Cale Rolfson",natasha41@gmail.com,"Burton UK",#,"2023-01-01 07:06:32",active
"Alayna Goyette",durward.kling@yahoo.com,"Scottsdale Golf",#,"2023-01-01 07:06:32",active
"Odessa Rowe",devon54@harris.com,"TV Cables",#,"2023-01-01 07:06:32",active
"Josefina Bernhard",estella33@gmail.com,"Vintage Wine Gifts",#,"2023-01-01 07:06:32",active
"Dameon Sipes",chahn@hudson.com,"Vision Direct UK",#,"2023-01-01 07:06:32",active
"Lavinia Barrows",fahey.emmy@yahoo.com,"Vintage Wine Gifts",#,"2023-01-01 07:06:32",active
"Khalil Bailey",zander.wunsch@schiller.biz,"B & Q",#,"2023-01-01 07:06:32",active
"Cassandre Batz",naomie.halvorson@yahoo.com,"Mankind UK",#,"2023-01-01 07:06:32",active
"Hiram Stark",romaine.gorczany@hotmail.com,Names.co.uk,#,"2023-01-01 07:06:32",active
"Elian Williamson",marcelle.stracke@hotmail.com,"Beauty Expert UK",#,"2023-01-01 07:06:32",active
"Laverne Bechtelar",miguel16@gmail.com,"Fitness Options",#,"2023-01-01 07:06:32",active
"Stone Hayes",megane.tromp@yahoo.com,"A Quarter Of...",#,"2023-01-01 07:06:32",active
"Erich Jaskolski",jonatan.schneider@yahoo.com,"Darlings of Chelsea",#,"2023-01-01 07:06:32",active
"Rickey Gusikowski",selena.roberts@walsh.org,"Fitness Options",#,"2023-01-01 07:06:32",active
"Cara Pagac",dennis.kertzmann@gmail.com,"Mankind UK",#,"2023-01-01 07:06:32",active
"Piper Romaguera",modesta.bins@yahoo.com,"Burton UK",#,"2023-01-01 07:06:32",active
"Gloria Dickinson",dpadberg@hotmail.com,Post-a-Rose,#,"2023-01-01 07:06:32",active
"Eliezer Cartwright",ariel53@gmail.com,"Chocolate Trading Company",#,"2023-01-01 07:06:32",active
"Ceasar Collier",rebekah.upton@gmail.com,"Dorothy Perkins UK",#,"2023-01-01 07:06:32",active
"Keira Swaniawski",hschinner@hane.net,"Dorothy Perkins UK",#,"2023-01-01 07:06:32",active
"Kristofer Welch",okeefe.dewayne@goldner.biz,"Chocolate Trading Company",#,"2023-01-01 07:06:32",active
"Dameon Sipes",chahn@hudson.com,"Advanced MP3 Players",#,"2023-01-01 07:06:32",active
"Bernardo Mraz",wdaugherty@yahoo.com,"The Safe Shop",#,"2023-01-01 07:06:32",active
"Frieda Fay",mmraz@bartoletti.org,"Scottsdale Golf",#,"2023-01-01 07:06:32",active
"Narciso Conroy",sarina.nienow@hotmail.com,"Beauty Expert UK",#,"2023-01-01 07:06:32",active
"Mireille Labadie",gabe.macejkovic@yahoo.com,Fragrancedirect,#,"2023-01-01 07:06:32",active
"Cooper Brown",avery23@satterfield.biz,Fragrancedirect,#,"2023-01-01 07:06:32",active
"Wava Moore",waters.teagan@yahoo.com,"Cadbury Gifts Direct",#,"2023-01-01 07:06:32",active
"Hailie Treutel",vickie53@doyle.biz,"Darlings of Chelsea",#,"2023-01-01 07:06:32",active
"Al O'Reilly",schmeler.emmy@hotmail.com,"Cast In Style",#,"2023-01-01 07:06:32",active
"Johnson Hammes",easton.boehm@ward.biz,Post-a-Rose,#,"2023-01-01 07:06:32",active
"Selmer Von",johnston.damien@spencer.info,Prezzybox,#,"2023-01-01 07:06:32",active
"Lia Beier",jaylin72@gmail.com,"Vintage Wine Gifts",#,"2023-01-01 07:06:32",active
"Yasmine Effertz",jakubowski.toby@yahoo.com,Prezzybox,#,"2023-01-01 07:06:32",active
"Mercedes Schuster",berge.woodrow@hotmail.com,"Cadbury Gifts Direct",#,"2023-01-01 07:06:32",active
"Stephania Grady",niko.gottlieb@gmail.com,"Bed Star Ltd",#,"2023-01-01 07:06:32",active
"Armand Huels",abernathy.dina@pfannerstill.com,"Cadbury Gifts Direct",#,"2023-01-01 07:06:32",active
"Elian Williamson",marcelle.stracke@hotmail.com,"Appliance City",#,"2023-01-01 07:06:32",active
"Donavon Connelly",rosemary.towne@yahoo.com,"Chocolate Trading Company",#,"2023-01-01 07:06:32",active
"Kane Nikolaus",brianne.simonis@grady.com,Bunches.co.uk,#,"2023-01-01 07:06:32",active
"Glenda Howe",prempel@skiles.org,"Mankind UK",#,"2023-01-01 07:06:32",active
"Keven Heidenreich",gmurray@hotmail.com,"Tooled Up",#,"2023-01-01 07:06:32",active
"Gordon Marquardt",henri.rippin@lesch.com,"Ink Factory",#,"2023-01-01 07:06:32",active
"Oliver Johnston",leannon.jaquelin@hotmail.com,"Savile Row Company Ltd",#,"2023-01-01 07:06:32",active
"Andrew Osinski",norwood.eichmann@gmail.com,"Novatech Ltd",#,"2023-01-01 07:06:32",active
"Mozelle Hoppe",mleannon@yahoo.com,"Pharmacy2U Online Doctor",#,"2023-01-01 07:06:32",active
"Leanna Beier",rlubowitz@yahoo.com,"Darlings of Chelsea",#,"2023-01-01 07:06:32",active
"Favian Greenholt",moises41@effertz.org,"Cadbury Gifts Direct",#,"2023-01-01 07:06:32",active
"Saige Crist",fswift@gmail.com,"Advanced MP3 Players",#,"2023-01-01 07:06:32",active
"Bartholome Waters",mercedes.kertzmann@hotmail.com,"Cast In Style",#,"2023-01-01 07:06:32",active
"Eve Casper",rconsidine@treutel.com,"The Safe Shop",#,"2023-01-01 07:06:32",active
"Fae O'Connell",anibal50@yahoo.com,"Dorothy Perkins UK",#,"2023-01-01 07:06:32",active
"Landen Ankunding",casper.jeremie@hotmail.com,"Beauty Expert UK",#,"2023-01-01 07:06:32",active
"Bernardo Mraz",wdaugherty@yahoo.com,"Chocolate Trading Company",#,"2023-01-01 07:06:32",active
"Solon Swift",oren53@yahoo.com,"Fitness Options",#,"2023-01-01 07:06:32",active
"Adeline Kiehn",qgreenholt@feil.org,"Vintage Wine Gifts",#,"2023-01-01 07:06:32",active
"Ole Batz",gorczany.kane@yahoo.com,"Tooled Up",#,"2023-01-01 07:06:32",active
"Fredrick Murphy",mertz.nasir@conn.biz,"Darlings of Chelsea",#,"2023-01-01 07:06:32",active
"Jasper Block",johnnie71@tillman.com,Post-a-Rose,#,"2023-01-01 07:06:32",active
"Juston Thiel",rosalia.wolf@hotmail.com,"Savile Row Company Ltd",#,"2023-01-01 07:06:32",active
"Mustafa Koss",huel.kory@yahoo.com,Awin,#,"2023-01-01 07:06:32",active
"Edgardo Prohaska",ross78@von.com,"Toffs Ltd",#,"2023-01-01 07:06:32",active
"Marianne Murphy",christian42@parker.com,"B & Q",#,"2023-01-01 07:06:32",active
"Casandra Jast",keeling.frederic@hotmail.com,"Darlings of Chelsea",#,"2023-01-01 07:06:32",active
"Maryse Koelpin",arne.ebert@orn.com,"Burton UK",#,"2023-01-01 07:06:32",active
"Lillie Metz",doug00@yahoo.com,"Dorothy Perkins UK",#,"2023-01-01 07:06:32",active
"Dewitt Gaylord",rosendo96@kerluke.com,"B & Q",#,"2023-01-01 07:06:32",active
"Ibrahim Raynor",price.olson@connelly.net,"The Safe Shop",#,"2023-01-01 07:06:32",active
"Keeley Ullrich",jast.isai@pagac.org,Prezzybox,#,"2023-01-01 07:06:32",active
"Dameon Sipes",chahn@hudson.com,"Toffs Ltd",#,"2023-01-01 07:06:32",active
"Uriel Schowalter",opal56@yahoo.com,"Savile Row Company Ltd",#,"2023-01-01 07:06:32",active
"Fannie Adams",stella01@wiza.net,"Tooled Up",#,"2023-01-01 07:06:32",active
"Timmy Dickinson",ian.cartwright@yahoo.com,"The Safe Shop",#,"2023-01-01 07:06:32",active
"Zita Grady",angelo.wilkinson@yahoo.com,"Burton UK",#,"2023-01-01 07:06:32",active
"Floy Heidenreich",mariah.hagenes@hotmail.com,Prezzybox,#,"2023-01-01 07:06:32",active
"Selina Larkin",balistreri.vernice@yahoo.com,TheDrinkShop,#,"2023-01-01 07:06:32",active
"Carrie Greenfelder",marilie75@gmail.com,Fragrancedirect,#,"2023-01-01 07:06:32",active
"Helene Lakin",durgan.golda@hotmail.com,TheDrinkShop,#,"2023-01-01 07:06:32",active
"Orlo Dooley",israel.fahey@hotmail.com,"Mankind UK",#,"2023-01-01 07:06:32",active
"Dayna Watsica",ahodkiewicz@yahoo.com,"Burton UK",#,"2023-01-01 07:06:32",active
"Larissa Considine",bobby54@schneider.biz,"Bed Star Ltd",#,"2023-01-01 07:06:32",active
"Brando Rodriguez",hlynch@gmail.com,"Novatech Ltd",#,"2023-01-01 07:06:32",active
"Anika Stark",robel.carol@goodwin.com,TheDrinkShop,#,"2023-01-01 07:06:32",active
"Jennings Bernier",alvena41@king.com,CartridgeMonkey,#,"2023-01-01 07:06:32",active
"Fleta Brown",glover.ricardo@hotmail.com,"A Quarter Of...",#,"2023-01-01 07:06:32",active
"Edwin Mraz",kmurphy@gmail.com,TheDrinkShop,#,"2023-01-01 07:06:32",active
"Quinton Erdman",mueller.savanah@gmail.com,"Dorothy Perkins UK",#,"2023-01-01 07:06:32",active
"Adonis Satterfield",bbreitenberg@hotmail.com,"Darlings of Chelsea",#,"2023-01-01 07:06:32",active
"Mathilde Purdy",schinner.wilford@hotmail.com,"Bed Star Ltd",#,"2023-01-01 07:06:32",active
"Winston Kuhn",pbernhard@hotmail.com,"Toffs Ltd",#,"2023-01-01 07:06:32",active
"Lew Stehr",kendall18@gmail.com,"B & Q",#,"2023-01-01 07:06:32",active
"Paxton Kuhlman",zbogan@gmail.com,"A Quarter Of...",#,"2023-01-01 07:06:31",active
"Madison Flatley",preichert@conn.com,"A Quarter Of...",#,"2023-01-01 07:06:31",active
"Miles Oberbrunner",maxwell.rippin@walter.net,"Pharmacy2U Online Doctor",#,"2023-01-01 07:06:31",active
"Niko Ebert",wsanford@yahoo.com,"Beauty Expert UK",#,"2023-01-01 07:06:31",active
"Deven Marvin",sid50@yahoo.com,"Chocolate Trading Company",#,"2023-01-01 07:06:31",active
"Reina Botsford",pfannerstill.margarette@schultz.net,InterRose,#,"2023-01-01 07:06:31",active
"Oscar Schmeler",kristina21@yahoo.com,"Appliance City",#,"2023-01-01 07:06:31",active
"Mabel Quitzon",zpfannerstill@gmail.com,"Tooled Up",#,"2023-01-01 07:06:31",active
"Verda Streich",gerry.lehner@hotmail.com,Prezzybox,#,"2023-01-01 07:06:31",active
"Angelica Gerhold",omoore@labadie.com,"Advanced MP3 Players",#,"2023-01-01 07:06:31",active
"Lucy Lueilwitz",zthiel@yahoo.com,"Dorothy Perkins UK",#,"2023-01-01 07:06:31",active
"Rollin Nitzsche",thalia.krajcik@gmail.com,"Novatech Ltd",#,"2023-01-01 07:06:31",active
"Dameon Sipes",chahn@hudson.com,"Chocolate Trading Company",#,"2023-01-01 07:06:31",active
"Demond Runolfsdottir",koepp.estelle@hotmail.com,"Mankind UK",#,"2023-01-01 07:06:31",active
"Lily Waters",winona08@hotmail.com,Prezzybox,#,"2023-01-01 07:06:31",active
"Madyson Eichmann",crunolfsson@mckenzie.org,"Toffs Ltd",#,"2023-01-01 07:06:31",active
"Art Harvey",stanley57@gmail.com,"Cast In Style",#,"2023-01-01 07:06:31",active
"Eleanora Goldner",jreichel@yahoo.com,"Bed Star Ltd",#,"2023-01-01 07:06:31",active
"Ettie Gorczany",isabelle.hudson@yahoo.com,"Song Galaxy",#,"2023-01-01 07:06:31",active
"Kendra Feeney",stoltenberg.jalyn@barrows.com,TheDrinkShop,#,"2023-01-01 07:06:31",active
"Cathrine Gottlieb",bmoore@kohler.com,"Fitness Options",#,"2023-01-01 07:06:31",active
"Liliane McLaughlin",efren.fisher@dooley.net,"Savile Row Company Ltd",#,"2023-01-01 07:06:31",active
"Donavon Connelly",rosemary.towne@yahoo.com,"Vision Direct UK",#,"2023-01-01 07:06:31",active
"Violette Goodwin",cora.haley@gmail.com,"Song Galaxy",#,"2023-01-01 07:06:31",active
"Bailey Mertz",shakira83@conn.com,"Bed Star Ltd",#,"2023-01-01 07:06:31",active
"Leanna Heidenreich",luis.leannon@yahoo.com,"Novatech Ltd",#,"2023-01-01 07:06:31",active
"Ben Williamson",emilio.raynor@klocko.com,"Serenata Flowers",#,"2023-01-01 07:06:31",active
"Jamie Wintheiser",drolfson@gmail.com,e2save,#,"2023-01-01 07:06:31",active
"Aleen Emard",santos.mosciski@schmeler.com,Names.co.uk,#,"2023-01-01 07:06:31",active
"Amara Kiehn",audra22@gmail.com,Create,#,"2023-01-01 07:06:31",active
"Florine Mertz",zlangosh@sawayn.biz,"Darlings of Chelsea",#,"2023-01-01 07:06:31",active
"Delphia Turcotte",okonopelski@schamberger.com,"Advanced MP3 Players",#,"2023-01-01 07:06:31",active
"Kristin Kovacek",wsipes@block.com,"Serenata Flowers",#,"2023-01-01 07:06:31",active
"Camylle Heathcote",cpaucek@braun.org,"The Safe Shop",#,"2023-01-01 07:06:31",active
"Carlos Kshlerin",npredovic@gmail.com,Awin,#,"2023-01-01 07:06:31",active
"Zoey O'Connell",klein.jeromy@goodwin.com,e2save,#,"2023-01-01 07:06:31",active
"Branson Funk",kyle.zulauf@gmail.com,"Ink Factory",#,"2023-01-01 07:06:31",active
"Dahlia Greenfelder",moen.cruz@yahoo.com,"Savile Row Company Ltd",#,"2023-01-01 07:06:31",active
"Valentin Toy",melvin33@moen.com,Bunches.co.uk,#,"2023-01-01 07:06:31",active
"Sasha Lehner",runte.katelin@gmail.com,"Cast In Style",#,"2023-01-01 07:06:31",active
"Myriam Abbott",smraz@cassin.net,"B & Q",#,"2023-01-01 07:06:31",active
"Linda Parisian",colby63@johnson.com,"Beauty Expert UK",#,"2023-01-01 07:06:31",active
"Lukas Kuhn",rosalee.feil@yahoo.com,"Vision Direct UK",#,"2023-01-01 07:06:31",active
"Dayna Watsica",ahodkiewicz@yahoo.com,"Savile Row Company Ltd",#,"2023-01-01 07:06:31",active
"Hiram Gaylord",qtillman@gibson.com,InterRose,#,"2023-01-01 07:06:31",active
"Alfreda Wiza",terrell35@hotmail.com,Create,#,"2023-01-01 07:06:31",active
"Ed Rippin",xbotsford@hotmail.com,"Toffs Ltd",#,"2023-01-01 07:06:31",active
"Fidel Toy",kirlin.missouri@gmail.com,InterRose,#,"2023-01-01 07:06:31",active
"Antone Cartwright",roberts.sandy@fisher.com,e2save,#,"2023-01-01 07:06:31",active
"Efren Hickle",gorczany.fae@thompson.biz,"Novatech Ltd",#,"2023-01-01 07:06:31",active
"Jeromy Baumbach",morissette.anibal@hotmail.com,Awin,#,"2023-01-01 07:06:31",active
"Mozelle Hoppe",mleannon@yahoo.com,Awin,#,"2023-01-01 07:06:31",active
"Jaqueline Torphy",reynold89@yahoo.com,Names.co.uk,#,"2023-01-01 07:06:31",active
"Ralph Rogahn",letha.okeefe@yahoo.com,"B & Q",#,"2023-01-01 07:06:31",active
"Oleta Heaney",lia10@yahoo.com,Prezzybox,#,"2023-01-01 07:06:31",active
"Delbert Hartmann",bhodkiewicz@hotmail.com,Names.co.uk,#,"2023-01-01 07:06:31",active
"Fidel Toy",kirlin.missouri@gmail.com,Buyagift.co.uk,#,"2023-01-01 07:06:31",active
"Kariane Braun",purdy.carolyn@robel.com,"Vintage Wine Gifts",#,"2023-01-01 07:06:31",active
"Belle Bosco",ystamm@yahoo.com,"Burton UK",#,"2023-01-01 07:06:31",active
"Paolo Wehner",alec64@mills.info,"Pharmacy2U Online Doctor",#,"2023-01-01 07:06:31",active
"Bret McCullough",dboyer@wunsch.info,"Chocolate Trading Company",#,"2023-01-01 07:06:31",active
"Amanda Armstrong",klein.ron@hotmail.com,"Burton UK",#,"2023-01-01 07:06:31",active
"Violet Smith",maeve12@hotmail.com,"Burton UK",#,"2023-01-01 07:06:31",active
"Devyn Beier",johnston.isadore@heller.net,"A Quarter Of...",#,"2023-01-01 07:06:31",active
"Antoinette Huels",rlubowitz@russel.info,Create,#,"2023-01-01 07:06:31",active
"Linda Parisian",colby63@johnson.com,"TV Cables",#,"2023-01-01 07:06:31",active
"Timmy Dickinson",ian.cartwright@yahoo.com,"Ink Factory",#,"2023-01-01 07:06:31",active
"Jackeline Buckridge",mgrimes@heller.com,e2save,#,"2023-01-01 07:06:31",active
"Ike O'Connell",shany.bayer@hotmail.com,"The Safe Shop",#,"2023-01-01 07:06:31",active
"Greta Swift",misael.kozey@gmail.com,Prezzybox,#,"2023-01-01 07:06:31",active
"Juliet Prosacco",nolson@hegmann.info,"TV Cables",#,"2023-01-01 07:06:31",active
"Christian Moen",onienow@gibson.net,Post-a-Rose,#,"2023-01-01 07:06:31",active
"Emie Wisozk",sreinger@gmail.com,"Darlings of Chelsea",#,"2023-01-01 07:06:31",active
"Toney Huel",rkub@hotmail.com,"Scottsdale Golf",#,"2023-01-01 07:06:31",active
"Eleanora Goldner",jreichel@yahoo.com,"Toffs Ltd",#,"2023-01-01 07:06:31",active
"Carlee Haag",hcarter@hotmail.com,"A Quarter Of...",#,"2023-01-01 07:06:31",active
"Linda Parisian",colby63@johnson.com,CartridgeMonkey,#,"2023-01-01 07:06:31",active
"Leslie Weber",lila.kiehn@hotmail.com,Create,#,"2023-01-01 07:06:31",active
"Providenci Ebert",sanford57@klein.info,"Serenata Flowers",#,"2023-01-01 07:06:31",active
"Cathrine Gottlieb",bmoore@kohler.com,"Fitness Options",#,"2023-01-01 07:06:31",active
"Alycia Walter",kody.bode@hotmail.com,"Chocolate Trading Company",#,"2023-01-01 07:06:31",active
"Amanda Lubowitz",marques.yundt@homenick.com,"Vintage Wine Gifts",#,"2023-01-01 07:06:31",active
"Larissa Considine",bobby54@schneider.biz,"Beauty Expert UK",#,"2023-01-01 07:06:31",active
"Glenda Howe",prempel@skiles.org,"Chocolate Trading Company",#,"2023-01-01 07:06:31",active
"Zoila Dooley",toni.russel@smith.com,"A Quarter Of...",#,"2023-01-01 07:06:31",active
"Paxton Kuhlman",zbogan@gmail.com,"The Safe Shop",#,"2023-01-01 07:06:31",active
"Giovanna Cummings",hill.myrtis@wunsch.net,CartridgeMonkey,#,"2023-01-01 07:06:31",active
"Alycia Walter",kody.bode@hotmail.com,"Advanced MP3 Players",#,"2023-01-01 07:06:31",active
"Cletus Schimmel",aswaniawski@yahoo.com,"Fitness Options",#,"2023-01-01 07:06:31",active
"Janie Kutch",shanahan.verona@gmail.com,"Darlings of Chelsea",#,"2023-01-01 07:06:31",active
"Kelley O'Keefe",kessler.osvaldo@schultz.org,"Dorothy Perkins UK",#,"2023-01-01 07:06:31",active
"Linda Parisian",colby63@johnson.com,Create,#,"2023-01-01 07:06:31",active
"Gordon Marquardt",henri.rippin@lesch.com,Mobiles.co.uk,#,"2023-01-01 07:06:31",active
"Branson Funk",kyle.zulauf@gmail.com,Post-a-Rose,#,"2023-01-01 07:06:31",active
"Seamus Littel",gibson.felicita@yahoo.com,"Novatech Ltd",#,"2023-01-01 07:06:31",active
"Beverly Auer",rutherford.arvid@yahoo.com,"TV Cables",#,"2023-01-01 07:06:31",active
"Dee Hammes",garett07@bergnaum.net,"Mankind UK",#,"2023-01-01 07:06:31",active
"Joey Batz",aliya18@schimmel.org,"Pharmacy2U Online Doctor",#,"2023-01-01 07:06:31",active
"Mireille Labadie",gabe.macejkovic@yahoo.com,e2save,#,"2023-01-01 07:06:31",active
"Brando Rodriguez",hlynch@gmail.com,"Toffs Ltd",#,"2023-01-01 07:06:31",active
"Jasper Block",johnnie71@tillman.com,Create,#,"2023-01-01 07:06:31",active
"Retta Glover",dora44@yahoo.com,e2save,#,"2023-01-01 07:06:31",active
"Sage Schoen",hills.douglas@gmail.com,"Dorothy Perkins UK",#,"2023-01-01 07:06:31",active
"Carrie Greenfelder",marilie75@gmail.com,"Dorothy Perkins UK",#,"2023-01-01 07:06:31",active
"Corbin Kreiger",maxwell.fadel@pfannerstill.info,"Chocolate Trading Company",#,"2023-01-01 07:06:31",active
"Lera Schulist",atoy@abernathy.com,CartridgeMonkey,#,"2023-01-01 07:06:31",active
"Adrien Gibson",dmitchell@labadie.com,Fragrancedirect,#,"2023-01-01 07:06:31",active
"Valerie Rosenbaum",qlittle@mante.com,InterRose,#,"2023-01-01 07:06:31",active
"Leslie Weber",lila.kiehn@hotmail.com,"Burton UK",#,"2023-01-01 07:06:31",active
"Joseph Lesch",micaela90@nienow.com,"Vintage Wine Gifts",#,"2023-01-01 07:06:31",active
"Kim Little",cmitchell@medhurst.com,Awin,#,"2023-01-01 07:06:31",active
"Karli Ward",priscilla63@hotmail.com,"Vintage Wine Gifts",#,"2023-01-01 07:06:31",active
"Cecelia Murphy",sierra63@gulgowski.com,"The Safe Shop",#,"2023-01-01 07:06:31",active
"Keira Swaniawski",hschinner@hane.net,Buyagift.co.uk,#,"2023-01-01 07:06:31",active
"Isabella Rowe",easton36@hintz.biz,"Mankind UK",#,"2023-01-01 07:06:31",active
"Winona Lakin",klein.madge@schneider.info,"Tooled Up",#,"2023-01-01 07:06:31",active
"Dell Mraz",rosina96@gmail.com,"Darlings of Chelsea",#,"2023-01-01 07:06:31",active
"Jaqueline Schneider",gerlach.brant@frami.com,Awin,#,"2023-01-01 07:06:31",active
"Erick Tromp",gage51@yahoo.com,"Burton UK",#,"2023-01-01 07:06:31",active
"Janet Lynch",tbecker@gusikowski.com,"Chocolate Trading Company",#,"2023-01-01 07:06:31",active
"Cordelia Medhurst",diana.moore@yahoo.com,"Savile Row Company Ltd",#,"2023-01-01 07:06:31",active
"Carlee Stiedemann",eherman@boyle.com,"Cast In Style",#,"2023-01-01 07:06:31",active
"Jameson Mraz",kenneth.jerde@gmail.com,Awin,#,"2023-01-01 07:06:31",active
"Joe Cummings",chanel48@gmail.com,"Toffs Ltd",#,"2023-01-01 07:06:31",active
"Milan Breitenberg",lkshlerin@kunde.com,Prezzybox,#,"2023-01-01 07:06:31",active
"Queenie Farrell",xkuhic@ratke.org,"Tooled Up",#,"2023-01-01 07:06:31",active
"Alvis Lesch",joshua.jakubowski@kertzmann.org,Names.co.uk,#,"2023-01-01 07:06:31",active
"Jodie Champlin",patricia76@yahoo.com,"Tooled Up",#,"2023-01-01 07:06:31",active
"Elda Reynolds",kevon.becker@hotmail.com,"Vintage Wine Gifts",#,"2023-01-01 07:06:31",active
"Frieda Fay",mmraz@bartoletti.org,"A Quarter Of...",#,"2023-01-01 07:06:31",active
"Earline Upton",manley93@hotmail.com,"Vision Direct UK",#,"2023-01-01 07:06:31",active
"Fidel Toy",kirlin.missouri@gmail.com,"Serenata Flowers",#,"2023-01-01 07:06:31",active
"Else Cormier",egusikowski@bechtelar.biz,"Savile Row Company Ltd",#,"2023-01-01 07:06:31",active
"Hailey Schuster",antonina04@hotmail.com,"Serenata Flowers",#,"2023-01-01 07:06:31",active
"Marvin Jacobs",rogahn.joshua@dicki.com,"Vision Direct UK",#,"2023-01-01 07:06:31",active
"Watson Heidenreich",eloy36@hotmail.com,"Toffs Ltd",#,"2023-01-01 07:06:31",active
"Lula Krajcik",clair.beier@koch.com,"Novatech Ltd",#,"2023-01-01 07:06:31",active
"Winona Lakin",klein.madge@schneider.info,"Beauty Expert UK",#,"2023-01-01 07:06:31",active
"Tiffany Huels",dietrich.golden@yahoo.com,"Beauty Expert UK",#,"2023-01-01 07:06:31",active
"Pasquale Cremin",aleffler@yahoo.com,"TV Cables",#,"2023-01-01 07:06:31",active
"Orlo Cormier",derek.barton@hotmail.com,"Pharmacy2U Online Doctor",#,"2023-01-01 07:06:31",active
"Sanford Schuppe",blick.eddie@gmail.com,TheDrinkShop,#,"2023-01-01 07:06:31",active
"Donavon Connelly",rosemary.towne@yahoo.com,Buyagift.co.uk,#,"2023-01-01 07:06:31",active
"Greta Durgan",ross.powlowski@sanford.com,Names.co.uk,#,"2023-01-01 07:06:31",active
"Sienna Gislason",galtenwerth@gmail.com,"Burton UK",#,"2023-01-01 07:06:31",active
"Adolphus Schamberger",lauretta.durgan@langosh.biz,"Cadbury Gifts Direct",#,"2023-01-01 07:06:31",active
"Luz Goodwin",dominique45@yahoo.com,Mobiles.co.uk,#,"2023-01-01 07:06:31",active
"Leanna Beier",rlubowitz@yahoo.com,"TV Cables",#,"2023-01-01 07:06:31",active
"Rosemarie Schimmel",avonrueden@rippin.com,Create,#,"2023-01-01 07:06:31",active
"Verda Lowe",ebba99@heaney.com,"Serenata Flowers",#,"2023-01-01 07:06:31",active
"Sanford Schuppe",blick.eddie@gmail.com,"Mankind UK",#,"2023-01-01 07:06:31",active
"Harmony Spencer",heidenreich.shad@renner.info,Fragrancedirect,#,"2023-01-01 07:06:31",active
"Darwin Bartell",asa52@purdy.biz,"Ink Factory",#,"2023-01-01 07:06:31",active
"Friedrich Smith",ngulgowski@haag.com,"B & Q",#,"2023-01-01 07:06:31",active
"Beverly Auer",rutherford.arvid@yahoo.com,Buyagift.co.uk,#,"2023-01-01 07:06:31",active
"Johnathan Miller",misty.mayer@yahoo.com,InterRose,#,"2023-01-01 07:06:31",active
"Madyson Eichmann",crunolfsson@mckenzie.org,"Vision Direct UK",#,"2023-01-01 07:06:31",active
"Marquis Wolff",ugoyette@gmail.com,"Serenata Flowers",#,"2023-01-01 07:06:31",active
"Jodie Champlin",patricia76@yahoo.com,"Advanced MP3 Players",#,"2023-01-01 07:06:31",active
"Ervin Mante",toy.bryana@luettgen.com,"Song Galaxy",#,"2023-01-01 07:06:31",active
"Henderson Dietrich",sheller@koch.biz,"Bed Star Ltd",#,"2023-01-01 07:06:31",active
"Adrianna Heller",wklocko@yahoo.com,e2save,#,"2023-01-01 07:06:31",active
"Lora Weber",brenden.schulist@hotmail.com,"Beauty Expert UK",#,"2023-01-01 07:06:31",active
"Darron Hessel",calista62@runolfsdottir.net,"Song Galaxy",#,"2023-01-01 07:06:31",active
"Marty Douglas",ezequiel.upton@feil.com,"Mankind UK",#,"2023-01-01 07:06:31",active
"Donnie Shields",glover.jazmyn@hill.biz,Create,#,"2023-01-01 07:06:31",active
"Edwina Bayer",oschaefer@block.com,Post-a-Rose,#,"2023-01-01 07:06:31",active
"Keeley Ullrich",jast.isai@pagac.org,"Song Galaxy",#,"2023-01-01 07:06:31",active
"Stone King",pokon@dach.com,"A Quarter Of...",#,"2023-01-01 07:06:31",active
"Serenity Haag",nicola24@hotmail.com,Awin,#,"2023-01-01 07:06:31",active
"Neoma Dibbert",qgrady@hotmail.com,Buyagift.co.uk,#,"2023-01-01 07:06:31",active
"Andreane Marks",cecilia.spinka@ziemann.org,"Dorothy Perkins UK",#,"2023-01-01 07:06:31",active
"Mallie Reilly",laurence.howe@schowalter.com,"Bed Star Ltd",#,"2023-01-01 07:06:31",active
"Katrina Mitchell",tessie.bernhard@yahoo.com,TheDrinkShop,#,"2023-01-01 07:06:31",active
"Lamont Morissette",rullrich@yahoo.com,e2save,#,"2023-01-01 07:06:31",active
"Janet Lynch",tbecker@gusikowski.com,"Bed Star Ltd",#,"2023-01-01 07:06:31",active
"Baylee Swift",yazmin85@konopelski.com,"Savile Row Company Ltd",#,"2023-01-01 07:06:31",active
"Emie Wisozk",sreinger@gmail.com,"Dorothy Perkins UK",#,"2023-01-01 07:06:31",active
"Jeffery Price",bobbie.quigley@frami.com,"Cast In Style",#,"2023-01-01 07:06:31",active
"Marlee O'Hara",blake03@ohara.com,"Bed Star Ltd",#,"2023-01-01 07:06:31",active
"Rosie Lockman",aileen.gislason@hotmail.com,"Appliance City",#,"2023-01-01 07:06:31",active
"Chelsea Lesch",cristal.rosenbaum@bahringer.com,"Novatech Ltd",#,"2023-01-01 07:06:31",active
"Ward Kub",cale.prohaska@klein.com,"Dorothy Perkins UK",#,"2023-01-01 07:06:31",active
"Zetta Vandervort",purdy.daren@gmail.com,"Song Galaxy",#,"2023-01-01 07:06:31",active
"Joannie Frami",oferry@kulas.info,"Dorothy Perkins UK",#,"2023-01-01 07:06:31",active
"Brannon Labadie",vconnelly@yahoo.com,"Fitness Options",#,"2023-01-01 07:06:31",active
"Sheldon Sawayn",barney07@mohr.com,"Vision Direct UK",#,"2023-01-01 07:06:31",active
"Syble Roob",deborah72@koepp.com,Mobiles.co.uk,#,"2023-01-01 07:06:30",active
"Adrianna Heller",wklocko@yahoo.com,"Pharmacy2U Online Doctor",#,"2023-01-01 07:06:30",active
"Beatrice Schmeler",braun.turner@schumm.com,Buyagift.co.uk,#,"2023-01-01 07:06:30",active
"Savannah Davis",kgoldner@wyman.net,"Chocolate Trading Company",#,"2023-01-01 07:06:30",active
"Crystal Koelpin",oscar14@green.biz,e2save,#,"2023-01-01 07:06:30",active
"Jay Jacobs",rachel30@runte.biz,Awin,#,"2023-01-01 07:06:30",active
"Kelley O'Keefe",kessler.osvaldo@schultz.org,"Appliance City",#,"2023-01-01 07:06:30",active
"Vivianne Quigley",ybode@gorczany.com,"Scottsdale Golf",#,"2023-01-01 07:06:30",active
"Lily Konopelski",kub.malika@yahoo.com,"Tooled Up",#,"2023-01-01 07:06:30",active
"Joey Batz",aliya18@schimmel.org,"Appliance City",#,"2023-01-01 07:06:30",active
"Frederik Cummings",shany.hirthe@hotmail.com,"Serenata Flowers",#,"2023-01-01 07:06:30",active
"Mose Casper",gaylord.maudie@gmail.com,"A Quarter Of...",#,"2023-01-01 07:06:30",active
"Stephen Reinger",loyce.bogisich@hotmail.com,Bunches.co.uk,#,"2023-01-01 07:06:30",active
"Tre Mills",vhuels@yahoo.com,InterRose,#,"2023-01-01 07:06:30",active
"Arlene Trantow",rohan.jamey@gmail.com,"Tooled Up",#,"2023-01-01 07:06:30",active
"Kristofer Welch",okeefe.dewayne@goldner.biz,"A Quarter Of...",#,"2023-01-01 07:06:30",active
"Mariam Waters",johnston.jeffery@cartwright.net,"Mankind UK",#,"2023-01-01 07:06:30",active
"Juston Thiel",rosalia.wolf@hotmail.com,"Appliance City",#,"2023-01-01 07:06:30",active
"Laurence Stroman",emelie.medhurst@yahoo.com,Bunches.co.uk,#,"2023-01-01 07:06:30",active
"Bryce Barrows",ubogan@gmail.com,"Bed Star Ltd",#,"2023-01-01 07:06:30",active
"Eunice Adams",heidenreich.alexa@gmail.com,Create,#,"2023-01-01 07:06:30",active
"Kyla Stanton",delphine.bayer@gmail.com,InterRose,#,"2023-01-01 07:06:30",active
"Amara Kiehn",audra22@gmail.com,"B & Q",#,"2023-01-01 07:06:30",active
"Allen Trantow",pink07@hotmail.com,Awin,#,"2023-01-01 07:06:30",active
"Otto Predovic",kreiger.lila@yahoo.com,Bunches.co.uk,#,"2023-01-01 07:06:30",active
"Ben Williamson",emilio.raynor@klocko.com,Mobiles.co.uk,#,"2023-01-01 07:06:30",active
"Joannie Frami",oferry@kulas.info,TheDrinkShop,#,"2023-01-01 07:06:30",active
"Marlee O'Hara",blake03@ohara.com,"Darlings of Chelsea",#,"2023-01-01 07:06:30",active
"Israel Sanford",sallie41@gmail.com,"Scottsdale Golf",#,"2023-01-01 07:06:30",active
"Yessenia Streich",wdare@yahoo.com,CartridgeMonkey,#,"2023-01-01 07:06:30",active
"Ike Pfannerstill",jakubowski.marcelino@dickens.net,"Savile Row Company Ltd",#,"2023-01-01 07:06:30",active
"Cara Pagac",dennis.kertzmann@gmail.com,"Burton UK",#,"2023-01-01 07:06:30",active
"Trenton Ratke",elliot41@ward.net,"The Safe Shop",#,"2023-01-01 07:06:30",active
"Magali Parisian",mitchell.payton@hotmail.com,"Vision Direct UK",#,"2023-01-01 07:06:30",active
"Letha Armstrong",alden.douglas@hotmail.com,Mobiles.co.uk,#,"2023-01-01 07:06:30",active
"Leora Altenwerth",reichel.giovanna@yahoo.com,"Vintage Wine Gifts",#,"2023-01-01 07:06:30",active
"Erich Hickle",reffertz@tromp.com,"Song Galaxy",#,"2023-01-01 07:06:30",active
"Adolph Russel",arnaldo.gerhold@ruecker.com,"Cadbury Gifts Direct",#,"2023-01-01 07:06:30",active
"Lora Weber",brenden.schulist@hotmail.com,"Bed Star Ltd",#,"2023-01-01 07:06:30",active
"Kiera Keeling",xcorwin@fisher.net,Prezzybox,#,"2023-01-01 07:06:30",active
"Sienna Gislason",galtenwerth@gmail.com,"Song Galaxy",#,"2023-01-01 07:06:30",active
"Cole Wolff",emmitt.feil@hotmail.com,"Chocolate Trading Company",#,"2023-01-01 07:06:30",active
"Haylee Morar",hettie11@yahoo.com,"Pharmacy2U Online Doctor",#,"2023-01-01 07:06:30",active
"Kole Ullrich",filomena.koss@durgan.info,"Serenata Flowers",#,"2023-01-01 07:06:30",active
"Helmer Senger",mohammad.auer@yahoo.com,"Cadbury Gifts Direct",#,"2023-01-01 07:06:30",active
"Carrie Greenfelder",marilie75@gmail.com,"Burton UK",#,"2023-01-01 07:06:30",active
"Dominic Walter",telly75@gmail.com,"Cadbury Gifts Direct",#,"2023-01-01 07:06:30",active
"Franco Padberg",freddie.fadel@hotmail.com,"Toffs Ltd",#,"2023-01-01 07:06:30",active
"Mauricio Medhurst",nathanael74@sipes.info,Prezzybox,#,"2023-01-01 07:06:30",active
"Cletus Schimmel",aswaniawski@yahoo.com,"Ink Factory",#,"2023-01-01 07:06:30",active
"Quincy Walsh",trinity.ritchie@hotmail.com,"Toffs Ltd",#,"2023-01-01 07:06:30",active
"Judge Pagac",hmckenzie@yahoo.com,"Cadbury Gifts Direct",#,"2023-01-01 07:06:30",active
"Carrie Greenfelder",marilie75@gmail.com,Create,#,"2023-01-01 07:06:30",active
"Mariam Waters",johnston.jeffery@cartwright.net,"Pharmacy2U Online Doctor",#,"2023-01-01 07:06:30",active
"Monica Terry",kilback.adrian@shanahan.com,"Tooled Up",#,"2023-01-01 07:06:30",active
"Charlie Johnston",karlie00@hotmail.com,"Toffs Ltd",#,"2023-01-01 07:06:30",active
"Dustin Streich",jolie.fritsch@yahoo.com,"Fitness Options",#,"2023-01-01 07:06:30",active
"Meta Treutel",davis.eldon@schroeder.biz,"A Quarter Of...",#,"2023-01-01 07:06:30",active
"Amanda Stracke",trystan.hane@mante.biz,"Burton UK",#,"2023-01-01 07:06:30",active
"Elisha Roberts",hartmann.abigayle@hotmail.com,"Cadbury Gifts Direct",#,"2023-01-01 07:06:30",active
"Super Admin",admin@trs.com,"Vintage Wine Gifts",#,"2023-01-01 07:06:30",active
"Braden Jacobson",gboehm@ernser.net,"Beauty Expert UK",#,"2023-01-01 07:06:30",active
"Paolo Wehner",alec64@mills.info,"TV Cables",#,"2023-01-01 07:06:30",active
"Leanna Beier",rlubowitz@yahoo.com,InterRose,#,"2023-01-01 07:06:30",active
"Fredrick McClure",irma95@gmail.com,"Darlings of Chelsea",#,"2023-01-01 07:06:30",active
"Winona Lakin",klein.madge@schneider.info,"Novatech Ltd",#,"2023-01-01 07:06:30",active
"Otho Daniel",donnie71@gmail.com,"Bed Star Ltd",#,"2023-01-01 07:06:30",active
"Tia Leannon",amaya.lesch@gmail.com,Create,#,"2023-01-01 07:06:30",active
"Fae O'Connell",anibal50@yahoo.com,"Beauty Expert UK",#,"2023-01-01 07:06:30",active
"Cornelius Monahan",antonietta06@gmail.com,"Fitness Options",#,"2023-01-01 07:06:30",active
"Adrien Gibson",dmitchell@labadie.com,Fragrancedirect,#,"2023-01-01 07:06:30",active
"Dena Stamm",flossie.pacocha@hotmail.com,"B & Q",#,"2023-01-01 07:06:30",active
"Marquise Crist",xwolff@hotmail.com,"Song Galaxy",#,"2023-01-01 07:06:30",active
"Nona Bashirian",yschimmel@crooks.com,"Serenata Flowers",#,"2023-01-01 07:06:30",active
"Jaqueline Schneider",gerlach.brant@frami.com,"Advanced MP3 Players",#,"2023-01-01 07:06:30",active
"Annette Wiegand",carrie.baumbach@gmail.com,CartridgeMonkey,#,"2023-01-01 07:06:30",active
"Paolo Wehner",alec64@mills.info,"Beauty Expert UK",#,"2023-01-01 07:06:30",active
"Kathlyn Bernhard",lakin.abraham@yahoo.com,"Novatech Ltd",#,"2023-01-01 07:06:30",active
"Dahlia Greenfelder",moen.cruz@yahoo.com,"Mankind UK",#,"2023-01-01 07:06:30",active
"Orval Reynolds",shannon.zieme@gmail.com,Post-a-Rose,#,"2023-01-01 07:06:30",active
"Danyka Zboncak",qlakin@hotmail.com,Fragrancedirect,#,"2023-01-01 07:06:30",active
"Michelle Klein",elaina.quitzon@wunsch.biz,"Burton UK",#,"2023-01-01 07:06:30",active
"Leora Altenwerth",reichel.giovanna@yahoo.com,CartridgeMonkey,#,"2023-01-01 07:06:30",active
"Floy Heidenreich",mariah.hagenes@hotmail.com,Names.co.uk,#,"2023-01-01 07:06:30",active
"Katlynn Cruickshank",kkutch@gmail.com,"Chocolate Trading Company",#,"2023-01-01 07:06:30",active
"Sam Klocko",pweissnat@grimes.com,"Cadbury Gifts Direct",#,"2023-01-01 07:06:30",active
"Rosie Lockman",aileen.gislason@hotmail.com,"The Safe Shop",#,"2023-01-01 07:06:30",active
"Gregoria Prohaska",jbahringer@yahoo.com,Mobiles.co.uk,#,"2023-01-01 07:06:30",active
"Monserrat Keebler",wwaters@gmail.com,"Fitness Options",#,"2023-01-01 07:06:30",active
"Cole Wolff",emmitt.feil@hotmail.com,Fragrancedirect,#,"2023-01-01 07:06:30",active
"Mercedes Schuster",berge.woodrow@hotmail.com,Mobiles.co.uk,#,"2023-01-01 07:06:30",active
"Adolphus Schamberger",lauretta.durgan@langosh.biz,"TV Cables",#,"2023-01-01 07:06:30",active
"Gavin Batz",fbalistreri@gmail.com,"A Quarter Of...",#,"2023-01-01 07:06:30",active
"Madelynn Pouros",lreinger@gmail.com,"Dorothy Perkins UK",#,"2023-01-01 07:06:30",active
"Kole Ullrich",filomena.koss@durgan.info,Create,#,"2023-01-01 07:06:30",active
"Dameon Sipes",chahn@hudson.com,Post-a-Rose,#,"2023-01-01 07:06:30",active
"Marlee O'Hara",blake03@ohara.com,"Advanced MP3 Players",#,"2023-01-01 07:06:30",active
"Ibrahim Raynor",price.olson@connelly.net,CartridgeMonkey,#,"2023-01-01 07:06:30",active
"Jaida Harvey",manuela84@kemmer.com,"Advanced MP3 Players",#,"2023-01-01 07:06:30",active
"Michaela Davis",yschulist@hotmail.com,Create,#,"2023-01-01 07:06:30",active
"Brandt Russel",jsimonis@gmail.com,"A Quarter Of...",#,"2023-01-01 07:06:30",active
"Allene Nader",omari.schumm@cummerata.com,"Serenata Flowers",#,"2023-01-01 07:06:30",active
"Lessie Gusikowski",austin69@stokes.com,"Beauty Expert UK",#,"2023-01-01 07:06:30",active
"Myrtle Roberts",trudie89@crooks.com,"Vintage Wine Gifts",#,"2023-01-01 07:06:30",active
"Bertha Ullrich",haven.rice@hotmail.com,"Ink Factory",#,"2023-01-01 07:06:30",active
"Paolo Hudson",emitchell@corkery.net,Buyagift.co.uk,#,"2023-01-01 07:06:30",active
"Wilson Streich",vtorphy@kassulke.com,"Chocolate Trading Company",#,"2023-01-01 07:06:30",active
"Mackenzie Koss",mcglynn.haley@krajcik.com,"Mankind UK",#,"2023-01-01 07:06:30",active
"Abby Jerde",carmela25@hotmail.com,Names.co.uk,#,"2023-01-01 07:06:30",active
"Saige Crist",fswift@gmail.com,Names.co.uk,#,"2023-01-01 07:06:30",active
"Mathilde Kris",kmurazik@yundt.com,Mobiles.co.uk,#,"2023-01-01 07:06:30",active
"Lessie Gusikowski",austin69@stokes.com,"Tooled Up",#,"2023-01-01 07:06:30",active
"Kaleigh Raynor",boyer.andy@smith.com,"Vision Direct UK",#,"2023-01-01 07:06:30",active
"Marquis Wolff",ugoyette@gmail.com,"Song Galaxy",#,"2023-01-01 07:06:30",active
"Lucy Franecki",alang@gmail.com,"Advanced MP3 Players",#,"2023-01-01 07:06:30",active
"Ottis Johnson",ithiel@gerhold.biz,CartridgeMonkey,#,"2023-01-01 07:06:30",active
"Joannie Frami",oferry@kulas.info,"Bed Star Ltd",#,"2023-01-01 07:06:30",active
"Nona Stroman",lwilkinson@harris.com,"Vintage Wine Gifts",#,"2023-01-01 07:06:30",active
"Josie Raynor",kconsidine@hotmail.com,Prezzybox,#,"2023-01-01 07:06:30",active
"Ardella Langosh",margret04@yahoo.com,InterRose,#,"2023-01-01 07:06:30",active
"Evalyn Ernser",haley.rahsaan@mills.com,"Appliance City",#,"2023-01-01 07:06:30",active
"Queen Buckridge",frida.johnson@gorczany.info,"Darlings of Chelsea",#,"2023-01-01 07:06:30",active
"Destiny Kuvalis",pauer@hotmail.com,"Mankind UK",#,"2023-01-01 07:06:30",active
"Efren Zboncak",gunnar84@yahoo.com,"Scottsdale Golf",#,"2023-01-01 07:06:30",active
"Clifford Murazik",pschumm@oconner.info,"Cast In Style",#,"2023-01-01 07:06:30",active
"Kyler Osinski",myron.dickens@spencer.info,"Chocolate Trading Company",#,"2023-01-01 07:06:30",active
"Alvena Funk",kleannon@yahoo.com,"Vision Direct UK",#,"2023-01-01 07:06:30",active
"Rhett Lynch",ufranecki@muller.com,"A Quarter Of...",#,"2023-01-01 07:06:30",active
"Letitia Ratke",lbatz@gmail.com,Post-a-Rose,#,"2023-01-01 07:06:30",active
"Jaqueline Torphy",reynold89@yahoo.com,"Fitness Options",#,"2023-01-01 07:06:30",active
"Jackson Jast",mariana.halvorson@yahoo.com,"Vision Direct UK",#,"2023-01-01 07:06:30",active
"Gertrude Huel",rice.oran@gmail.com,"Cadbury Gifts Direct",#,"2023-01-01 07:06:30",active
"Brianne Wehner",rosa61@tremblay.com,CartridgeMonkey,#,"2023-01-01 07:06:30",active
"Barton Larson",ricky39@gmail.com,Awin,#,"2023-01-01 07:06:30",active
"Paolo Wehner",alec64@mills.info,"A Quarter Of...",#,"2023-01-01 07:06:30",active
"Efren Jakubowski",bruce.macejkovic@hotmail.com,"TV Cables",#,"2023-01-01 07:06:30",active
"Eulalia Wisoky",smith.brycen@yahoo.com,"Fitness Options",#,"2023-01-01 07:06:30",active
"Ottis Thiel",fcruickshank@moore.com,Buyagift.co.uk,#,"2023-01-01 07:06:30",active
"Amara Kiehn",audra22@gmail.com,"Pharmacy2U Online Doctor",#,"2023-01-01 07:06:30",active
"Everardo Hagenes",madie47@hotmail.com,"The Safe Shop",#,"2023-01-01 07:06:30",active
"Belle Bosco",ystamm@yahoo.com,CartridgeMonkey,#,"2023-01-01 07:06:30",active
"Mustafa Koss",huel.kory@yahoo.com,"B & Q",#,"2023-01-01 07:06:30",active
"Fleta Brown",glover.ricardo@hotmail.com,"Burton UK",#,"2023-01-01 07:06:30",active
"Sienna Gislason",galtenwerth@gmail.com,"Toffs Ltd",#,"2023-01-01 07:06:30",active
"Crystal Koelpin",oscar14@green.biz,Bunches.co.uk,#,"2023-01-01 07:06:30",active
"Allene Nader",omari.schumm@cummerata.com,InterRose,#,"2023-01-01 07:06:30",active
"Leanna Heidenreich",luis.leannon@yahoo.com,Create,#,"2023-01-01 07:06:30",active
"Rosalee Larkin",clare.kohler@hirthe.net,"Cast In Style",#,"2023-01-01 07:06:30",active
"Celine Nitzsche",candida18@leuschke.net,"Vision Direct UK",#,"2023-01-01 07:06:30",active
"Abelardo Schuppe",dustin.koepp@cremin.com,"TV Cables",#,"2023-01-01 07:06:30",active
"Jonatan Paucek",sarina34@gmail.com,CartridgeMonkey,#,"2023-01-01 07:06:30",active
"Destiny Kuvalis",pauer@hotmail.com,"A Quarter Of...",#,"2023-01-01 07:06:30",active
"Verlie McLaughlin",barrows.mandy@hauck.com,"Savile Row Company Ltd",#,"2023-01-01 07:06:30",active
"Orville Stark",juston.leuschke@gmail.com,"Ink Factory",#,"2023-01-01 07:06:30",active
"Russ Kuhlman",rhahn@hotmail.com,Mobiles.co.uk,#,"2023-01-01 07:06:30",active
"Alexanne Hickle",turner.kimberly@yahoo.com,Names.co.uk,#,"2023-01-01 07:06:30",active
"Edgar Jacobi",pshanahan@borer.com,"Dorothy Perkins UK",#,"2023-01-01 07:06:30",active
"Elisabeth Orn",wkutch@ortiz.com,InterRose,#,"2023-01-01 07:06:30",active
"Oda Shanahan",effie88@gmail.com,"Cast In Style",#,"2023-01-01 07:06:30",active
"Jacquelyn Hoeger",fay.nikita@corkery.org,TheDrinkShop,#,"2023-01-01 07:06:30",active
"Verlie Davis",tyreek95@yahoo.com,"Cast In Style",#,"2023-01-01 07:06:30",active
"Lempi McGlynn",nkessler@yahoo.com,"Burton UK",#,"2023-01-01 07:06:30",active
"Moises Johnston",halie82@yahoo.com,"Chocolate Trading Company",#,"2023-01-01 07:06:30",active
"Violet Smith",maeve12@hotmail.com,"Fitness Options",#,"2023-01-01 07:06:30",active
"Percy Bogan",sporer.jeremy@gmail.com,"Fitness Options",#,"2023-01-01 07:06:30",active
"Daron Ankunding",russel.theodore@yahoo.com,"Cast In Style",#,"2023-01-01 07:06:30",active
"Erich Hickle",reffertz@tromp.com,"Tooled Up",#,"2023-01-01 07:06:30",active
"Yesenia Schultz",alvah.daniel@gmail.com,"Darlings of Chelsea",#,"2023-01-01 07:06:30",active
"Cordelia Medhurst",diana.moore@yahoo.com,"Cast In Style",#,"2023-01-01 07:06:30",active
"Rhett Lynch",ufranecki@muller.com,"A Quarter Of...",#,"2023-01-01 07:06:30",active
"Tania Little",gkrajcik@hotmail.com,"Advanced MP3 Players",#,"2023-01-01 07:06:30",active
"Bernardo Lowe",caleb.crona@yahoo.com,"Cast In Style",#,"2023-01-01 07:06:30",active
"Carter Hahn",felipe.corwin@hotmail.com,"Novatech Ltd",#,"2023-01-01 07:06:30",active
"Amie Howell",ubaldo61@schmitt.com,"Chocolate Trading Company",#,"2023-01-01 07:06:30",active
"Peter Cummings",bednar.cathy@yahoo.com,Mobiles.co.uk,#,"2023-01-01 07:06:30",active
"Casandra Jast",keeling.frederic@hotmail.com,"A Quarter Of...",#,"2023-01-01 07:06:30",active
"Marjorie Schulist",thompson.garrick@hotmail.com,e2save,#,"2023-01-01 07:06:30",active
"Monserrat Keebler",wwaters@gmail.com,"The Safe Shop",#,"2023-01-01 07:06:30",active
"Rosie Lockman",aileen.gislason@hotmail.com,"Fitness Options",#,"2023-01-01 07:06:30",active
"Elvie Hamill",rosemary69@yahoo.com,Buyagift.co.uk,#,"2023-01-01 07:06:30",active
"Neil Mertz",trisha.walker@welch.biz,"Darlings of Chelsea",#,"2023-01-01 07:06:30",active
"Ole Batz",gorczany.kane@yahoo.com,"Song Galaxy",#,"2023-01-01 07:06:30",active
"Kelton Gerhold",shad.macejkovic@hotmail.com,"Vintage Wine Gifts",#,"2023-01-01 07:06:30",active
"Nash Durgan",cloyd.strosin@howell.com,"Darlings of Chelsea",#,"2023-01-01 07:06:30",active
"Price Harvey",elmer72@toy.com,e2save,#,"2023-01-01 07:06:30",active
"Percy Armstrong",dmclaughlin@oberbrunner.biz,Create,#,"2023-01-01 07:06:30",active
"Carter Hahn",felipe.corwin@hotmail.com,Fragrancedirect,#,"2023-01-01 07:06:30",active
"Hilton Weissnat",beahan.eugenia@hills.com,CartridgeMonkey,#,"2023-01-01 07:06:30",active
"Watson Lemke",pdamore@hotmail.com,TheDrinkShop,#,"2023-01-01 07:06:30",active
"Milo D'Amore",haylie84@smith.com,TheDrinkShop,#,"2023-01-01 07:06:30",active
"Harmony Spencer",heidenreich.shad@renner.info,TheDrinkShop,#,"2023-01-01 07:06:30",active
"Trenton Ratke",elliot41@ward.net,Prezzybox,#,"2023-01-01 07:06:30",active
"Leila Labadie",swift.dawson@yahoo.com,"Ink Factory",#,"2023-01-01 07:06:30",active
"Hershel Howe",freeman16@anderson.com,"Dorothy Perkins UK",#,"2023-01-01 07:06:30",active
"Katrina Mitchell",tessie.bernhard@yahoo.com,InterRose,#,"2023-01-01 07:06:30",active
"Hillard Miller",emma.swaniawski@yahoo.com,"Fitness Options",#,"2023-01-01 07:06:30",active
"Ben Williamson",emilio.raynor@klocko.com,"Advanced MP3 Players",#,"2023-01-01 07:06:30",active
"Sherwood DuBuque",emraz@huels.com,"Serenata Flowers",#,"2023-01-01 07:06:30",active
"Merlin McKenzie",bertram.stanton@feest.com,"Burton UK",#,"2023-01-01 07:06:30",active
"Jakayla Heathcote",fthompson@heathcote.com,"Burton UK",#,"2023-01-01 07:06:30",active
"Haleigh Collins",hane.hector@pfannerstill.info,"Scottsdale Golf",#,"2023-01-01 07:06:30",active
"Lucinda Quigley",micheal78@nienow.com,Prezzybox,#,"2023-01-01 07:06:30",active
"Darrin Glover",norris.rutherford@harris.info,"Serenata Flowers",#,"2023-01-01 07:06:29",active
"Leora Altenwerth",reichel.giovanna@yahoo.com,"Cadbury Gifts Direct",#,"2023-01-01 07:06:29",active
"Ibrahim Terry",ulises90@kuphal.com,"Tooled Up",#,"2023-01-01 07:06:29",active
"Valerie Rosenbaum",qlittle@mante.com,CartridgeMonkey,#,"2023-01-01 07:06:29",active
"Lucy Franecki",alang@gmail.com,"Mankind UK",#,"2023-01-01 07:06:29",active
"Dell Feest",hyatt.jayce@marvin.com,Awin,#,"2023-01-01 07:06:29",active
"Peggie Collier",kailyn.schmeler@yahoo.com,"Burton UK",#,"2023-01-01 07:06:29",active
"Ole Mraz",reynolds.ramona@bednar.com,Create,#,"2023-01-01 07:06:29",active
"Madison Flatley",preichert@conn.com,Fragrancedirect,#,"2023-01-01 07:06:29",active
"Herta Skiles",mafalda94@oconner.net,"Cast In Style",#,"2023-01-01 07:06:29",active
"Kole Ullrich",filomena.koss@durgan.info,"Bed Star Ltd",#,"2023-01-01 07:06:29",active
"Brent Goyette",champlin.zelma@gmail.com,"Cadbury Gifts Direct",#,"2023-01-01 07:06:29",active
"Garth Gaylord",nia38@cummerata.net,"Vision Direct UK",#,"2023-01-01 07:06:29",active
"Rhett Lynch",ufranecki@muller.com,Bunches.co.uk,#,"2023-01-01 07:06:29",active
"Pink Kautzer",marks.jace@koss.com,Create,#,"2023-01-01 07:06:29",active
"Zelma Schmidt",jharvey@hotmail.com,Bunches.co.uk,#,"2023-01-01 07:06:29",active
"Cielo Boyle",heath61@yahoo.com,e2save,#,"2023-01-01 07:06:29",active
"Kamryn Hill",karina97@smitham.com,"Burton UK",#,"2023-01-01 07:06:29",active
"Else Cormier",egusikowski@bechtelar.biz,"Savile Row Company Ltd",#,"2023-01-01 07:06:29",active
"Jodie Champlin",patricia76@yahoo.com,"Burton UK",#,"2023-01-01 07:06:29",active
"Otho Daniel",donnie71@gmail.com,"Cast In Style",#,"2023-01-01 07:06:29",active
"Clifford Murazik",pschumm@oconner.info,"Song Galaxy",#,"2023-01-01 07:06:29",active
"Rollin Nitzsche",thalia.krajcik@gmail.com,Fragrancedirect,#,"2023-01-01 07:06:29",active
"Johnson Hammes",easton.boehm@ward.biz,"Appliance City",#,"2023-01-01 07:06:29",active
"Elisabeth Orn",wkutch@ortiz.com,e2save,#,"2023-01-01 07:06:29",active
"Arlene Greenfelder",zjacobs@gmail.com,"Darlings of Chelsea",#,"2023-01-01 07:06:29",active
"Katharina Abernathy",maiya.mann@gmail.com,Post-a-Rose,#,"2023-01-01 07:06:29",active
"Andre Wyman",wisoky.cielo@gmail.com,"Toffs Ltd",#,"2023-01-01 07:06:29",active
"Retta Glover",dora44@yahoo.com,"Burton UK",#,"2023-01-01 07:06:29",active
"Nona Stroman",lwilkinson@harris.com,"Chocolate Trading Company",#,"2023-01-01 07:06:29",active
"Savannah Nitzsche",berenice.leannon@gmail.com,"Song Galaxy",#,"2023-01-01 07:06:29",active
"Efren Jakubowski",bruce.macejkovic@hotmail.com,"Cast In Style",#,"2023-01-01 07:06:29",active
"Carole Jast",tlowe@yahoo.com,"Chocolate Trading Company",#,"2023-01-01 07:06:29",active
"Kiera Hayes",gleichner.loraine@hotmail.com,Prezzybox,#,"2023-01-01 07:06:29",active
"Julia Wiza",watsica.anastasia@kunde.com,"Vintage Wine Gifts",#,"2023-01-01 07:06:29",active
"Mitchell Cummings",leannon.laurine@gmail.com,"Song Galaxy",#,"2023-01-01 07:06:29",active
"Leora Altenwerth",reichel.giovanna@yahoo.com,"Toffs Ltd",#,"2023-01-01 07:06:29",active
"Kirstin Rutherford",morris30@hotmail.com,"Toffs Ltd",#,"2023-01-01 07:06:29",active
"Harmony Trantow",jevon.ferry@berge.com,"Darlings of Chelsea",#,"2023-01-01 07:06:29",active
"Guadalupe Feil",ugoodwin@cartwright.org,"A Quarter Of...",#,"2023-01-01 07:06:29",active
"Gertrude Huel",rice.oran@gmail.com,"Dorothy Perkins UK",#,"2023-01-01 07:06:29",active
"Abdul Schaden",ibailey@gmail.com,CartridgeMonkey,#,"2023-01-01 07:06:29",active
"Tatyana Green",usmith@will.com,"Serenata Flowers",#,"2023-01-01 07:06:29",active
"Brody Romaguera",rklocko@schowalter.net,"Serenata Flowers",#,"2023-01-01 07:06:29",active
"Katharina Johnston",ofelia.funk@swaniawski.com,Post-a-Rose,#,"2023-01-01 07:06:29",active
"Bart Leannon",hfritsch@yahoo.com,"Ink Factory",#,"2023-01-01 07:06:29",active
"Pearl Wyman",domenick03@hotmail.com,"Mankind UK",#,"2023-01-01 07:06:29",active
"Mariano Altenwerth",schaefer.cora@weimann.com,"Advanced MP3 Players",#,"2023-01-01 07:06:29",active
"Lauriane Haag",wdamore@ruecker.org,Awin,#,"2023-01-01 07:06:29",active
"Ellen Mills",abdullah45@hotmail.com,"Toffs Ltd",#,"2023-01-01 07:06:29",active
"Sherwood DuBuque",emraz@huels.com,"Vintage Wine Gifts",#,"2023-01-01 07:06:29",active
"Bernardo Lowe",caleb.crona@yahoo.com,Names.co.uk,#,"2023-01-01 07:06:29",active
"Wilfred Zulauf",sandra.oberbrunner@hotmail.com,Fragrancedirect,#,"2023-01-01 07:06:29",active
"Reggie Berge",eusebio.trantow@yahoo.com,Names.co.uk,#,"2023-01-01 07:06:29",active
"Orlo Dooley",israel.fahey@hotmail.com,"Chocolate Trading Company",#,"2023-01-01 07:06:29",active
"Elvis Goyette",merl28@hotmail.com,Prezzybox,#,"2023-01-01 07:06:29",active
"Dominic Walter",telly75@gmail.com,"Ink Factory",#,"2023-01-01 07:06:29",active
"Brendon Rohan",okeefe.caroline@yahoo.com,InterRose,#,"2023-01-01 07:06:29",active
"Erick Tromp",gage51@yahoo.com,Post-a-Rose,#,"2023-01-01 07:06:29",active
"Lorenzo Rempel",miles86@lemke.com,"B & Q",#,"2023-01-01 07:06:29",active
"Adonis Satterfield",bbreitenberg@hotmail.com,"Vision Direct UK",#,"2023-01-01 07:06:29",active
"Chelsea Lesch",cristal.rosenbaum@bahringer.com,Post-a-Rose,#,"2023-01-01 07:06:29",active
"Quincy Walsh",trinity.ritchie@hotmail.com,"Beauty Expert UK",#,"2023-01-01 07:06:29",active
"Jammie Turner",armstrong.rosalyn@swift.com,Post-a-Rose,#,"2023-01-01 07:06:29",active
"Amie Howell",ubaldo61@schmitt.com,"Fitness Options",#,"2023-01-01 07:06:29",active
"Mckayla Treutel",breanna56@hotmail.com,Post-a-Rose,#,"2023-01-01 07:06:29",active
"Willow Buckridge",bahringer.colin@dicki.com,Mobiles.co.uk,#,"2023-01-01 07:06:29",active
"Celestino Cormier",rogahn.otha@nitzsche.biz,"Advanced MP3 Players",#,"2023-01-01 07:06:29",active
"Keenan Murazik",dudley76@gmail.com,"Vintage Wine Gifts",#,"2023-01-01 07:06:29",active
"Effie Hirthe",edietrich@yahoo.com,Bunches.co.uk,#,"2023-01-01 07:06:29",active
"Onie Strosin",brekke.cierra@gmail.com,"Ink Factory",#,"2023-01-01 07:06:29",active
"Mathew Barrows",gmarvin@yahoo.com,"Ink Factory",#,"2023-01-01 07:06:29",active
"Araceli Gutkowski",skiles.brenna@wiza.info,"Toffs Ltd",#,"2023-01-01 07:06:29",active
"Zachery Robel",kristoffer34@bartell.com,Awin,#,"2023-01-01 07:06:29",active
"Fannie Adams",stella01@wiza.net,Mobiles.co.uk,#,"2023-01-01 07:06:29",active
"Sam Gutkowski",rkovacek@gusikowski.com,"Mankind UK",#,"2023-01-01 07:06:29",active
"Andrew Osinski",norwood.eichmann@gmail.com,"Dorothy Perkins UK",#,"2023-01-01 07:06:29",active
"Kane Nikolaus",brianne.simonis@grady.com,Bunches.co.uk,#,"2023-01-01 07:06:29",active
"Elisa Hayes",schulist.drew@gmail.com,TheDrinkShop,#,"2023-01-01 07:06:29",active
"Pearline Roberts",marjory27@brekke.com,"Darlings of Chelsea",#,"2023-01-01 07:06:29",active
"Lessie Gusikowski",austin69@stokes.com,"The Safe Shop",#,"2023-01-01 07:06:29",active
"Selina Larkin",balistreri.vernice@yahoo.com,"Pharmacy2U Online Doctor",#,"2023-01-01 07:06:29",active
"Serenity Haag",nicola24@hotmail.com,"Scottsdale Golf",#,"2023-01-01 07:06:29",active
"Cole Thiel",wkessler@hotmail.com,Buyagift.co.uk,#,"2023-01-01 07:06:29",active
"Fletcher Weissnat",ischimmel@feeney.com,TheDrinkShop,#,"2023-01-01 07:06:29",active
"Daren Gulgowski",akunze@dibbert.com,"B & Q",#,"2023-01-01 07:06:29",active
"Zaria Kautzer",marianne36@paucek.net,Post-a-Rose,#,"2023-01-01 07:06:29",active
"Lilla Orn",sipes.darrick@gmail.com,"B & Q",#,"2023-01-01 07:06:29",active
"Sanford Schuppe",blick.eddie@gmail.com,Post-a-Rose,#,"2023-01-01 07:06:29",active
"Myriam Abbott",smraz@cassin.net,"Vision Direct UK",#,"2023-01-01 07:06:29",active
"Roselyn Morissette",rblanda@yahoo.com,"TV Cables",#,"2023-01-01 07:06:29",active
"Dameon Sipes",chahn@hudson.com,Create,#,"2023-01-01 07:06:29",active
"Myriam Abbott",smraz@cassin.net,"Burton UK",#,"2023-01-01 07:06:29",active
"Celine Nitzsche",candida18@leuschke.net,"Scottsdale Golf",#,"2023-01-01 07:06:29",active
"Lera Schulist",atoy@abernathy.com,"The Safe Shop",#,"2023-01-01 07:06:29",active
"Garnett Roberts",marisa39@yahoo.com,"Burton UK",#,"2023-01-01 07:06:29",active
"Samanta Kulas",immanuel43@hotmail.com,"B & Q",#,"2023-01-01 07:06:29",active
"Filomena Bernier",jessy.macejkovic@osinski.com,"Advanced MP3 Players",#,"2023-01-01 07:06:29",active
"Tyshawn Little",enola.klocko@skiles.biz,"Novatech Ltd",#,"2023-01-01 07:06:29",active
"Ardella Langosh",margret04@yahoo.com,"Novatech Ltd",#,"2023-01-01 07:06:29",active
"Pearlie Wolff",ukertzmann@dibbert.net,"Mankind UK",#,"2023-01-01 07:06:29",active
"Fernando Waters",padberg.veronica@hotmail.com,"TV Cables",#,"2023-01-01 07:06:29",active
"Otto Predovic",kreiger.lila@yahoo.com,Post-a-Rose,#,"2023-01-01 07:06:29",active
"Tre Mills",vhuels@yahoo.com,"Fitness Options",#,"2023-01-01 07:06:29",active
"Mollie Satterfield",sfarrell@keeling.net,Names.co.uk,#,"2023-01-01 07:06:29",active
"Amanda Armstrong",klein.ron@hotmail.com,Mobiles.co.uk,#,"2023-01-01 07:06:29",active
"Darwin Bartell",asa52@purdy.biz,"B & Q",#,"2023-01-01 07:06:29",active
"Ilene Toy",faye.collier@abernathy.biz,Bunches.co.uk,#,"2023-01-01 07:06:29",active
"Russ Kuhlman",rhahn@hotmail.com,"Burton UK",#,"2023-01-01 07:06:29",active
"Yessenia Streich",wdare@yahoo.com,CartridgeMonkey,#,"2023-01-01 07:06:29",active
"Sanford Schuppe",blick.eddie@gmail.com,"Tooled Up",#,"2023-01-01 07:06:29",active
"Merle Leuschke",pkrajcik@daniel.com,Prezzybox,#,"2023-01-01 07:06:29",active
"Mike Hodkiewicz",lea.conn@gmail.com,"Bed Star Ltd",#,"2023-01-01 07:06:29",active
"Oscar Schmeler",kristina21@yahoo.com,Mobiles.co.uk,#,"2023-01-01 07:06:29",active
"Hilton Weissnat",beahan.eugenia@hills.com,"Bed Star Ltd",#,"2023-01-01 07:06:29",active
"Mustafa Koss",huel.kory@yahoo.com,"Song Galaxy",#,"2023-01-01 07:06:29",active
"Maritza Kunze",evans.rath@gmail.com,Fragrancedirect,#,"2023-01-01 07:06:29",active
"Rory Zieme",anthony.walker@yahoo.com,"Bed Star Ltd",#,"2023-01-01 07:06:29",active
"Mireille Zieme",dibbert.minnie@murazik.net,"Fitness Options",#,"2023-01-01 07:06:29",active
"Emmanuelle Jaskolski",austen41@gmail.com,"Vision Direct UK",#,"2023-01-01 07:06:29",active
"Vaughn Hoeger",jamar.sipes@runolfsdottir.com,Fragrancedirect,#,"2023-01-01 07:06:29",active
"Cathy O'Connell",olson.abraham@yahoo.com,"Novatech Ltd",#,"2023-01-01 07:06:29",active
"Riley Hauck",marley65@schuppe.com,"Cadbury Gifts Direct",#,"2023-01-01 07:06:29",active
"Savion Wuckert",carol.greenholt@von.net,"Vision Direct UK",#,"2023-01-01 07:06:29",active
"Sam Gutkowski",rkovacek@gusikowski.com,"Scottsdale Golf",#,"2023-01-01 07:06:29",active
"Elroy Gutkowski",koch.avery@gmail.com,"Tooled Up",#,"2023-01-01 07:06:29",active
"Candice Herman",dolly36@durgan.com,Prezzybox,#,"2023-01-01 07:06:29",active
"Cathy Beier",ofelia.kessler@ryan.com,"Beauty Expert UK",#,"2023-01-01 07:06:29",active
"Sonya Tremblay",marty14@yahoo.com,Post-a-Rose,#,"2023-01-01 07:06:29",active
"Johnathan Miller",misty.mayer@yahoo.com,"A Quarter Of...",#,"2023-01-01 07:06:29",active
"Frieda Fay",mmraz@bartoletti.org,"Vision Direct UK",#,"2023-01-01 07:06:29",active
"Tiara Stanton",nnikolaus@hotmail.com,Create,#,"2023-01-01 07:06:29",active
"Kiera Rogahn",timmy.cormier@hotmail.com,Bunches.co.uk,#,"2023-01-01 07:06:29",active
"Carmella Champlin",micah.hegmann@veum.info,Prezzybox,#,"2023-01-01 07:06:29",active
"Wava Moore",waters.teagan@yahoo.com,"A Quarter Of...",#,"2023-01-01 07:06:29",active
"Quinton Erdman",mueller.savanah@gmail.com,"Darlings of Chelsea",#,"2023-01-01 07:06:29",active
"Mariano Labadie",gaylord.upton@yahoo.com,"Bed Star Ltd",#,"2023-01-01 07:06:29",active
"Abby Jerde",carmela25@hotmail.com,InterRose,#,"2023-01-01 07:06:29",active
"Selmer Von",johnston.damien@spencer.info,"Tooled Up",#,"2023-01-01 07:06:29",active
"Celine Nitzsche",candida18@leuschke.net,"Burton UK",#,"2023-01-01 07:06:29",active
"Dawn Stracke",ezra63@kessler.net,"Bed Star Ltd",#,"2023-01-01 07:06:29",active
"Kole Ullrich",filomena.koss@durgan.info,Prezzybox,#,"2023-01-01 07:06:29",active
"Joseph Jenkins",leola.tromp@shanahan.com,"Fitness Options",#,"2023-01-01 07:06:29",active
"Dandre Hayes",djacobson@friesen.org,"Darlings of Chelsea",#,"2023-01-01 07:06:29",active
"Jaqueline Schneider",gerlach.brant@frami.com,"A Quarter Of...",#,"2023-01-01 07:06:29",active
"Chance Kerluke",andreane.hirthe@gmail.com,Fragrancedirect,#,"2023-01-01 07:06:29",active
"Joannie Frami",oferry@kulas.info,"A Quarter Of...",#,"2023-01-01 07:06:29",active
"Marley Wunsch",freddie98@hotmail.com,InterRose,#,"2023-01-01 07:06:29",active
"Ludie Bruen",adaline37@gmail.com,"Savile Row Company Ltd",#,"2023-01-01 07:06:29",active
"Donnie Shields",glover.jazmyn@hill.biz,"Serenata Flowers",#,"2023-01-01 07:06:29",active
"Carlee Stiedemann",eherman@boyle.com,"Appliance City",#,"2023-01-01 07:06:29",active
"Paolo Wehner",alec64@mills.info,"Serenata Flowers",#,"2023-01-01 07:06:29",active
"Dane Runolfsson",schmeler.turner@yahoo.com,"Tooled Up",#,"2023-01-01 07:06:29",active
"Myriam Abbott",smraz@cassin.net,"Fitness Options",#,"2023-01-01 07:06:29",active
"Leanne Hills",delta.bins@cruickshank.biz,"Vision Direct UK",#,"2023-01-01 07:06:29",active
"Amanda Eichmann",kaycee.hermiston@krajcik.org,"Cadbury Gifts Direct",#,"2023-01-01 07:06:29",active
"Presley Gorczany",auer.laurie@gmail.com,"Scottsdale Golf",#,"2023-01-01 07:06:29",active
"Tatyana Green",usmith@will.com,TheDrinkShop,#,"2023-01-01 07:06:29",active
"Lilla Orn",sipes.darrick@gmail.com,Bunches.co.uk,#,"2023-01-01 07:06:29",active
"Arne Carter",lucas54@hotmail.com,Post-a-Rose,#,"2023-01-01 07:06:29",active
"Ettie Gorczany",isabelle.hudson@yahoo.com,"Serenata Flowers",#,"2023-01-01 07:06:29",active
"Jadyn Prosacco",esperanza94@yahoo.com,"Appliance City",#,"2023-01-01 07:06:29",active
"Art Harvey",stanley57@gmail.com,"Bed Star Ltd",#,"2023-01-01 07:06:29",active
"Al O'Reilly",schmeler.emmy@hotmail.com,"The Safe Shop",#,"2023-01-01 07:06:29",active
"Judy Friesen",rruecker@doyle.org,"A Quarter Of...",#,"2023-01-01 07:06:29",active
"Marjorie Schulist",thompson.garrick@hotmail.com,"Ink Factory",#,"2023-01-01 07:06:29",active
"Andrew Osinski",norwood.eichmann@gmail.com,"Cast In Style",#,"2023-01-01 07:06:29",active
"Destiny Kuvalis",pauer@hotmail.com,Mobiles.co.uk,#,"2023-01-01 07:06:29",active
"Cecil Rice",bashirian.rosalyn@hotmail.com,"Chocolate Trading Company",#,"2023-01-01 07:06:29",active
"Gene Ratke",elias23@gmail.com,"Advanced MP3 Players",#,"2023-01-01 07:06:29",active
"Ceasar O'Keefe",oreilly.cade@yahoo.com,"Chocolate Trading Company",#,"2023-01-01 07:06:29",active
"Deven Marvin",sid50@yahoo.com,"Burton UK",#,"2023-01-01 07:06:29",active
"Evangeline Gorczany",wbeahan@upton.biz,InterRose,#,"2023-01-01 07:06:29",active
"Kiera Hayes",gleichner.loraine@hotmail.com,CartridgeMonkey,#,"2023-01-01 07:06:29",active
"Dee Hammes",garett07@bergnaum.net,Create,#,"2023-01-01 07:06:29",active
"Dawson Smith",baby68@hotmail.com,"Ink Factory",#,"2023-01-01 07:06:29",active
"Dewitt Gaylord",rosendo96@kerluke.com,Prezzybox,#,"2023-01-01 07:06:29",active
"Sonya Tremblay",marty14@yahoo.com,"Serenata Flowers",#,"2023-01-01 07:06:29",active
"Harrison Murphy",rrath@hotmail.com,"Cast In Style",#,"2023-01-01 07:06:29",active
"Friedrich Smith",ngulgowski@haag.com,"Song Galaxy",#,"2023-01-01 07:06:29",active
"Dandre Hayes",djacobson@friesen.org,"Savile Row Company Ltd",#,"2023-01-01 07:06:29",active
"Zachary Renner",gleason.aaron@hotmail.com,"Tooled Up",#,"2023-01-01 07:06:29",active
"Katharina Johnston",ofelia.funk@swaniawski.com,"Cadbury Gifts Direct",#,"2023-01-01 07:06:29",active
"Sherwood DuBuque",emraz@huels.com,"Mankind UK",#,"2023-01-01 07:06:29",active
"Roselyn Christiansen",weldon.stiedemann@kertzmann.com,"Toffs Ltd",#,"2023-01-01 07:06:29",active
"Edgar Jacobi",pshanahan@borer.com,"Bed Star Ltd",#,"2023-01-01 07:06:29",active
"Grant Spencer",aubree31@gmail.com,"Chocolate Trading Company",#,"2023-01-01 07:06:29",active
"Oswald Buckridge",koelpin.orion@padberg.com,"Beauty Expert UK",#,"2023-01-01 07:06:29",active
"Effie Hirthe",edietrich@yahoo.com,e2save,#,"2023-01-01 07:06:29",active
"Mireille Labadie",gabe.macejkovic@yahoo.com,"Appliance City",#,"2023-01-01 07:06:29",active
"Darron Hessel",calista62@runolfsdottir.net,"Pharmacy2U Online Doctor",#,"2023-01-01 07:06:29",active
"Cristal Ziemann",mossie.gottlieb@kautzer.com,"Serenata Flowers",#,"2023-01-01 07:06:29",active
"Beatrice Schmeler",braun.turner@schumm.com,TheDrinkShop,#,"2023-01-01 07:06:29",active
"Rickey Gusikowski",selena.roberts@walsh.org,"Vision Direct UK",#,"2023-01-01 07:06:29",active
"Edythe Swaniawski",stark.noelia@yahoo.com,"TV Cables",#,"2023-01-01 07:06:29",active
"Julian Zulauf",lauriane.kuhic@gmail.com,"B & Q",#,"2023-01-01 07:06:29",active
"Brandy Welch",lurline60@runolfsdottir.net,"Pharmacy2U Online Doctor",#,"2023-01-01 07:06:29",active
"Tania Little",gkrajcik@hotmail.com,Awin,#,"2023-01-01 07:06:29",active
"Bailey Mertz",shakira83@conn.com,"Serenata Flowers",#,"2023-01-01 07:06:29",active
"Arnold Torp",darrick.kihn@gmail.com,"Tooled Up",#,"2023-01-01 07:06:29",active
"Cathrine Gottlieb",bmoore@kohler.com,"Fitness Options",#,"2023-01-01 07:06:29",active
"Sage Schoen",hills.douglas@gmail.com,"Advanced MP3 Players",#,"2023-01-01 07:06:29",active
"Reina Botsford",pfannerstill.margarette@schultz.net,e2save,#,"2023-01-01 07:06:29",active
"Keely Ledner",treutel.luther@hotmail.com,"Ink Factory",#,"2023-01-01 07:06:29",active
"Allene Nader",omari.schumm@cummerata.com,InterRose,#,"2023-01-01 07:06:29",active
"Zachery Robel",kristoffer34@bartell.com,Names.co.uk,#,"2023-01-01 07:06:29",active
"Crawford Berge",alva25@bayer.com,"Vintage Wine Gifts",#,"2023-01-01 07:06:29",active
"Carleton Fahey",megane46@predovic.info,Awin,#,"2023-01-01 07:06:29",active
"Bernie Carroll",nicole60@gmail.com,Awin,#,"2023-01-01 07:06:29",active
"Miles Oberbrunner",maxwell.rippin@walter.net,"Song Galaxy",#,"2023-01-01 07:06:29",active
"Ryann Kuhic",bonita75@gmail.com,Names.co.uk,#,"2023-01-01 07:06:28",active
"Karli Ward",priscilla63@hotmail.com,"B & Q",#,"2023-01-01 07:06:28",active
"Agustin Bruen",kcormier@gmail.com,"Pharmacy2U Online Doctor",#,"2023-01-01 07:06:28",active
"Dell Feest",hyatt.jayce@marvin.com,"Song Galaxy",#,"2023-01-01 07:06:28",active
"Ibrahim Terry",ulises90@kuphal.com,"Bed Star Ltd",#,"2023-01-01 07:06:28",active
"Lily Nicolas",winona16@price.com,CartridgeMonkey,#,"2023-01-01 07:06:28",active
"Skye Haley",cecelia13@gmail.com,"Mankind UK",#,"2023-01-01 07:06:28",active
"Dell Feest",hyatt.jayce@marvin.com,"Song Galaxy",#,"2023-01-01 07:06:28",active
"Monroe Bernier",vglover@ohara.com,Buyagift.co.uk,#,"2023-01-01 07:06:28",active
"Sean Leuschke",rice.leta@hotmail.com,Bunches.co.uk,#,"2023-01-01 07:06:28",active
"Jeanette Hammes",rheller@rosenbaum.biz,"Cadbury Gifts Direct",#,"2023-01-01 07:06:28",active
"Maye Schmeler",ewolff@hotmail.com,"Appliance City",#,"2023-01-01 07:06:28",active
"Wava Hilpert",willms.lucio@swaniawski.com,Names.co.uk,#,"2023-01-01 07:06:28",active
"Israel Sanford",sallie41@gmail.com,Bunches.co.uk,#,"2023-01-01 07:06:28",active
"Savanna Thompson",crystal05@hotmail.com,"Fitness Options",#,"2023-01-01 07:06:28",active
"Maryse Koelpin",arne.ebert@orn.com,InterRose,#,"2023-01-01 07:06:28",active
"Obie Goldner",clementine57@stokes.com,"Savile Row Company Ltd",#,"2023-01-01 07:06:28",active
"Shanna Osinski",gabe46@gmail.com,Buyagift.co.uk,#,"2023-01-01 07:06:28",active
"Bridget Senger",claudie.ullrich@yahoo.com,"Burton UK",#,"2023-01-01 07:06:28",active
"Heaven Dibbert",elvis80@cormier.com,Create,#,"2023-01-01 07:06:28",active
"Robb Dooley",volkman.jayson@renner.biz,Mobiles.co.uk,#,"2023-01-01 07:06:28",active
"Katlynn Cruickshank",kkutch@gmail.com,"Ink Factory",#,"2023-01-01 07:06:28",active
"Linda Parisian",colby63@johnson.com,InterRose,#,"2023-01-01 07:06:28",active
"Holly Smitham",aiyana94@hotmail.com,"A Quarter Of...",#,"2023-01-01 07:06:28",active
"Jewell Rempel",walker.griffin@hotmail.com,"B & Q",#,"2023-01-01 07:06:28",active
"Ernest Bechtelar",njones@dickinson.com,InterRose,#,"2023-01-01 07:06:28",active
"Rory Zieme",anthony.walker@yahoo.com,"The Safe Shop",#,"2023-01-01 07:06:28",active
"Raheem Schimmel",eliseo86@stokes.com,"Tooled Up",#,"2023-01-01 07:06:28",active
"Kendra Feeney",stoltenberg.jalyn@barrows.com,"The Safe Shop",#,"2023-01-01 07:06:28",active
"Nadia Turner",bettie73@gmail.com,"Advanced MP3 Players",#,"2023-01-01 07:06:28",active
"Jadyn Stiedemann",waldo84@gmail.com,"Toffs Ltd",#,"2023-01-01 07:06:28",active
"Rachelle Braun",bchristiansen@brown.info,"Burton UK",#,"2023-01-01 07:06:28",active
"Lessie Gusikowski",austin69@stokes.com,"Darlings of Chelsea",#,"2023-01-01 07:06:28",active
"Lucile Russel",ujakubowski@yahoo.com,Buyagift.co.uk,#,"2023-01-01 07:06:28",active
"Kenyon Denesik",kassulke.florencio@yahoo.com,"A Quarter Of...",#,"2023-01-01 07:06:28",active
"Elaina Bruen",hoppe.retta@bayer.net,"Appliance City",#,"2023-01-01 07:06:28",active
"Uriel Crist",margarete05@franecki.net,"Chocolate Trading Company",#,"2023-01-01 07:06:28",active
"Royce Gutmann",rosalia90@yahoo.com,Awin,#,"2023-01-01 07:06:28",active
"Amara Kiehn",audra22@gmail.com,Post-a-Rose,#,"2023-01-01 07:06:28",active
"Jordy Wyman",darren52@yahoo.com,"Song Galaxy",#,"2023-01-01 07:06:28",active
"Roman Reynolds",alta.borer@hotmail.com,"Dorothy Perkins UK",#,"2023-01-01 07:06:28",active
"Hillard Miller",emma.swaniawski@yahoo.com,"The Safe Shop",#,"2023-01-01 07:06:28",active
"Jason Swaniawski",lindgren.jaylon@hotmail.com,"Toffs Ltd",#,"2023-01-01 07:06:28",active
"Florence Treutel",raheem29@marvin.com,TheDrinkShop,#,"2023-01-01 07:06:28",active
"Omari Hammes",qhudson@yahoo.com,"Darlings of Chelsea",#,"2023-01-01 07:06:28",active
"Dedric Doyle",lenna.daugherty@yahoo.com,"Fitness Options",#,"2023-01-01 07:06:28",active
"Arne Carter",lucas54@hotmail.com,"Beauty Expert UK",#,"2023-01-01 07:06:28",active
"Carlee Stiedemann",eherman@boyle.com,"Novatech Ltd",#,"2023-01-01 07:06:28",active
"Jackeline Buckridge",mgrimes@heller.com,"Beauty Expert UK",#,"2023-01-01 07:06:28",active
"Carleton Fahey",megane46@predovic.info,"Novatech Ltd",#,"2023-01-01 07:06:28",active
"Ludie Murphy",parker.domenick@sipes.org,CartridgeMonkey,#,"2023-01-01 07:06:28",active
"Anibal Koepp",maggio.jesse@hotmail.com,Create,#,"2023-01-01 07:06:28",active
"Jermey Waelchi",yvette09@gmail.com,"Burton UK",#,"2023-01-01 07:06:28",active
"Nona Bashirian",yschimmel@crooks.com,"Bed Star Ltd",#,"2023-01-01 07:06:28",active
"Lavina Casper",nya.bergstrom@gmail.com,"Vintage Wine Gifts",#,"2023-01-01 07:06:28",active
"Lambert Bechtelar",raleigh35@yahoo.com,"Burton UK",#,"2023-01-01 07:06:28",active
"Reva Yost",chelsey.schinner@metz.com,"A Quarter Of...",#,"2023-01-01 07:06:28",active
"Lamont Morissette",rullrich@yahoo.com,"Advanced MP3 Players",#,"2023-01-01 07:06:28",active
"Jazlyn Davis",wyman.lionel@gmail.com,"Tooled Up",#,"2023-01-01 07:06:28",active
"Laisha Wuckert",dgleason@graham.com,"A Quarter Of...",#,"2023-01-01 07:06:28",active
"Nelson Kemmer",casper.keagan@wilderman.com,InterRose,#,"2023-01-01 07:06:28",active
"Jaida Harvey",manuela84@kemmer.com,e2save,#,"2023-01-01 07:06:28",active
"Nelle Wehner",haley.viva@beier.com,e2save,#,"2023-01-01 07:06:28",active
"Michael Watsica",danika.strosin@gmail.com,"Fitness Options",#,"2023-01-01 07:06:28",active
"Duane Collins",brenna48@luettgen.com,Mobiles.co.uk,#,"2023-01-01 07:06:28",active
"Solon Swift",oren53@yahoo.com,"Tooled Up",#,"2023-01-01 07:06:28",active
"Zaria Kautzer",marianne36@paucek.net,Bunches.co.uk,#,"2023-01-01 07:06:28",active
"Quincy Walsh",trinity.ritchie@hotmail.com,Mobiles.co.uk,#,"2023-01-01 07:06:28",active
"Donavon Connelly",rosemary.towne@yahoo.com,Fragrancedirect,#,"2023-01-01 07:06:28",active
"Ben Williamson",emilio.raynor@klocko.com,"Beauty Expert UK",#,"2023-01-01 07:06:28",active
"Michale Jenkins",rjohnston@wilkinson.info,"The Safe Shop",#,"2023-01-01 07:06:28",active
"Alex Bergnaum",lkonopelski@hotmail.com,"A Quarter Of...",#,"2023-01-01 07:06:28",active
"Keira Swaniawski",hschinner@hane.net,Mobiles.co.uk,#,"2023-01-01 07:06:28",active
"Amara Kiehn",audra22@gmail.com,"Bed Star Ltd",#,"2023-01-01 07:06:28",active
"Gwendolyn Hauck",summer20@yahoo.com,"Tooled Up",#,"2023-01-01 07:06:28",active
"Leonor Haag",jaquelin.reilly@gmail.com,"TV Cables",#,"2023-01-01 07:06:28",active
"Lia Beier",jaylin72@gmail.com,"A Quarter Of...",#,"2023-01-01 07:06:28",active
"Collin Batz",nitzsche.leann@medhurst.com,"Pharmacy2U Online Doctor",#,"2023-01-01 07:06:28",active
"Madyson Eichmann",crunolfsson@mckenzie.org,Prezzybox,#,"2023-01-01 07:06:28",active
"Collin Batz",nitzsche.leann@medhurst.com,e2save,#,"2023-01-01 07:06:28",active
"Kelvin Jacobi",francesca07@yahoo.com,"Vintage Wine Gifts",#,"2023-01-01 07:06:28",active
"Cordelia Medhurst",diana.moore@yahoo.com,Bunches.co.uk,#,"2023-01-01 07:06:28",active
"Anika Stark",robel.carol@goodwin.com,"B & Q",#,"2023-01-01 07:06:28",active
"Amaya Prosacco",lewis25@gmail.com,Mobiles.co.uk,#,"2023-01-01 07:06:28",active
"Otto Predovic",kreiger.lila@yahoo.com,"Vintage Wine Gifts",#,"2023-01-01 07:06:28",active
"Ayana Krajcik",nbahringer@kuvalis.com,"Tooled Up",#,"2023-01-01 07:06:28",active
"Julian Zulauf",lauriane.kuhic@gmail.com,Create,#,"2023-01-01 07:06:28",active
"Deshaun Rodriguez",orpha53@rippin.com,Mobiles.co.uk,#,"2023-01-01 07:06:28",active
"Max Schmeler",clehner@hackett.com,"Appliance City",#,"2023-01-01 07:06:28",active
"Jason Swaniawski",lindgren.jaylon@hotmail.com,Buyagift.co.uk,#,"2023-01-01 07:06:28",active
"Camylle Heathcote",cpaucek@braun.org,"Darlings of Chelsea",#,"2023-01-01 07:06:28",active
"Chelsey Swaniawski",roob.ruthie@gmail.com,"Vision Direct UK",#,"2023-01-01 07:06:28",active
"Lillie Metz",doug00@yahoo.com,"B & Q",#,"2023-01-01 07:06:28",active
"Johann Konopelski",caitlyn73@herzog.com,"B & Q",#,"2023-01-01 07:06:28",active
"Annette Kuhic",owatsica@bernier.com,"A Quarter Of...",#,"2023-01-01 07:06:28",active
"Ben Williamson",emilio.raynor@klocko.com,"Novatech Ltd",#,"2023-01-01 07:06:28",active
"Harold Emmerich",riley.bernhard@kuphal.com,"Vintage Wine Gifts",#,"2023-01-01 07:06:28",active
"Zora King",bbergstrom@yahoo.com,"Savile Row Company Ltd",#,"2023-01-01 07:06:28",active
"Cielo Boyle",heath61@yahoo.com,InterRose,#,"2023-01-01 07:06:28",active
"Vidal Kuhlman",marielle84@flatley.net,Mobiles.co.uk,#,"2023-01-01 07:06:28",active
"Alayna Goyette",durward.kling@yahoo.com,"B & Q",#,"2023-01-01 07:06:28",active
"Nia Lindgren",lschuster@gmail.com,"TV Cables",#,"2023-01-01 07:06:28",active
"Sherwood DuBuque",emraz@huels.com,TheDrinkShop,#,"2023-01-01 07:06:28",active
"Zachary Renner",gleason.aaron@hotmail.com,"Savile Row Company Ltd",#,"2023-01-01 07:06:28",active
"Zackery Blick",briana.effertz@yahoo.com,"A Quarter Of...",#,"2023-01-01 07:06:28",active
"Zita Grady",angelo.wilkinson@yahoo.com,Create,#,"2023-01-01 07:06:28",active
"Alysson Hyatt",vicente.johnston@shields.com,"Toffs Ltd",#,"2023-01-01 07:06:28",active
"Warren Upton",volkman.giovanny@abernathy.com,"A Quarter Of...",#,"2023-01-01 07:06:28",active
"Susana Champlin",abshire.hulda@gutkowski.com,TheDrinkShop,#,"2023-01-01 07:06:28",active
"Willis Cartwright",katelin28@kuhn.com,"Toffs Ltd",#,"2023-01-01 07:06:28",active
"Cloyd Schaefer",amalia11@hotmail.com,InterRose,#,"2023-01-01 07:06:28",active
"Elwyn Leuschke",luella.hagenes@kshlerin.net,"TV Cables",#,"2023-01-01 07:06:28",active
"Bertha Ullrich",haven.rice@hotmail.com,"TV Cables",#,"2023-01-01 07:06:28",active
"Winona Lakin",klein.madge@schneider.info,"Advanced MP3 Players",#,"2023-01-01 07:06:28",active
"Ottilie Nicolas",plehner@streich.net,"Pharmacy2U Online Doctor",#,"2023-01-01 07:06:28",active
"Jakayla Heathcote",fthompson@heathcote.com,"Vintage Wine Gifts",#,"2023-01-01 07:06:28",active
"Aida Crooks",louvenia.koelpin@hotmail.com,"Fitness Options",#,"2023-01-01 07:06:28",active
"Rickey Gusikowski",selena.roberts@walsh.org,Bunches.co.uk,#,"2023-01-01 07:06:28",active
"Amanda Eichmann",kaycee.hermiston@krajcik.org,CartridgeMonkey,#,"2023-01-01 07:06:28",active
"Luigi Mitchell",gusikowski.patsy@hotmail.com,"Vision Direct UK",#,"2023-01-01 07:06:28",active
"Nyasia Hilpert",ebeier@berge.biz,"Beauty Expert UK",#,"2023-01-01 07:06:28",active
"Hugh O'Reilly",arvel.bergstrom@windler.com,"Darlings of Chelsea",#,"2023-01-01 07:06:28",active
"Khalil Bailey",zander.wunsch@schiller.biz,"Dorothy Perkins UK",#,"2023-01-01 07:06:28",active
"Celestino Cormier",rogahn.otha@nitzsche.biz,"Cast In Style",#,"2023-01-01 07:06:28",active
"Lester Doyle",lowell.kerluke@gmail.com,"Burton UK",#,"2023-01-01 07:06:28",active
"Macie Bailey",qkling@runte.net,"Dorothy Perkins UK",#,"2023-01-01 07:06:28",active
"Camren Hand",favian73@quigley.net,"Chocolate Trading Company",#,"2023-01-01 07:06:28",active
"Sheldon Harvey",reyna.towne@ernser.biz,"Cast In Style",#,"2023-01-01 07:06:28",active
"Pasquale Cremin",aleffler@yahoo.com,"Bed Star Ltd",#,"2023-01-01 07:06:28",active
"Fae O'Connell",anibal50@yahoo.com,"Burton UK",#,"2023-01-01 07:06:28",active
"Pearlie Wolff",ukertzmann@dibbert.net,InterRose,#,"2023-01-01 07:06:28",active
"Elaina Bruen",hoppe.retta@bayer.net,"Scottsdale Golf",#,"2023-01-01 07:06:28",active
"Gertrude Huel",rice.oran@gmail.com,"B & Q",#,"2023-01-01 07:06:28",active
"Ardella O'Reilly",qkreiger@yahoo.com,"Fitness Options",#,"2023-01-01 07:06:28",active
"Alexa Carroll",roma.walter@paucek.com,Awin,#,"2023-01-01 07:06:28",active
"Antone Parker",gregory55@kilback.info,Buyagift.co.uk,#,"2023-01-01 07:06:28",active
"Carolyn Lockman",eladio.casper@gmail.com,"Fitness Options",#,"2023-01-01 07:06:28",active
"Marshall Reynolds",bernier.isidro@gmail.com,"Vision Direct UK",#,"2023-01-01 07:06:28",active
"Mckayla Treutel",breanna56@hotmail.com,"Toffs Ltd",#,"2023-01-01 07:06:28",active
"Collin Batz",nitzsche.leann@medhurst.com,"Serenata Flowers",#,"2023-01-01 07:06:28",active
"August Howe",tkihn@durgan.net,"Appliance City",#,"2023-01-01 07:06:28",active
"Kelley O'Keefe",kessler.osvaldo@schultz.org,Prezzybox,#,"2023-01-01 07:06:28",active
"Laron Metz",imonahan@howell.com,"Dorothy Perkins UK",#,"2023-01-01 07:06:28",active
"Onie Strosin",brekke.cierra@gmail.com,"Vision Direct UK",#,"2023-01-01 07:06:28",active
"Emmy Kozey",kemmer.muriel@price.com,e2save,#,"2023-01-01 07:06:28",active
"Kamille Jerde",cecile.wisoky@hotmail.com,"Bed Star Ltd",#,"2023-01-01 07:06:28",active
"Keeley Ullrich",jast.isai@pagac.org,"Cadbury Gifts Direct",#,"2023-01-01 07:06:28",active
"Elroy Gutkowski",koch.avery@gmail.com,"Burton UK",#,"2023-01-01 07:06:28",active
"Liliane McLaughlin",efren.fisher@dooley.net,"Tooled Up",#,"2023-01-01 07:06:28",active
"Daron Runte",salma.monahan@boyle.com,InterRose,#,"2023-01-01 07:06:28",active
"Adeline Kiehn",qgreenholt@feil.org,Post-a-Rose,#,"2023-01-01 07:06:28",active
"Marquise Crist",xwolff@hotmail.com,"Song Galaxy",#,"2023-01-01 07:06:28",active
"Jeanette Hammes",rheller@rosenbaum.biz,"Mankind UK",#,"2023-01-01 07:06:28",active
"Valentine O'Reilly",pwitting@mckenzie.com,"Mankind UK",#,"2023-01-01 07:06:28",active
"Cara Pagac",dennis.kertzmann@gmail.com,"Toffs Ltd",#,"2023-01-01 07:06:28",active
"Darron Hessel",calista62@runolfsdottir.net,"Darlings of Chelsea",#,"2023-01-01 07:06:28",active
"Quinton Erdman",mueller.savanah@gmail.com,"TV Cables",#,"2023-01-01 07:06:28",active
"Ardella O'Reilly",qkreiger@yahoo.com,"Song Galaxy",#,"2023-01-01 07:06:28",active
"Ettie Gorczany",isabelle.hudson@yahoo.com,"Appliance City",#,"2023-01-01 07:06:28",active
"William Predovic",jbradtke@jacobson.biz,"Darlings of Chelsea",#,"2023-01-01 07:06:28",active
"Lora Weber",brenden.schulist@hotmail.com,"Cadbury Gifts Direct",#,"2023-01-01 07:06:28",active
"Cielo Boyle",heath61@yahoo.com,"Novatech Ltd",#,"2023-01-01 07:06:28",active
"Garth Gaylord",nia38@cummerata.net,"Chocolate Trading Company",#,"2023-01-01 07:06:28",active
"Sylvia Bailey",kub.hailey@yahoo.com,"Toffs Ltd",#,"2023-01-01 07:06:28",active
"Orlo Cormier",derek.barton@hotmail.com,"Serenata Flowers",#,"2023-01-01 07:06:28",active
"Warren Upton",volkman.giovanny@abernathy.com,"Song Galaxy",#,"2023-01-01 07:06:28",active
"Arlene Trantow",rohan.jamey@gmail.com,"Pharmacy2U Online Doctor",#,"2023-01-01 07:06:28",active
"Shany Larson",iconnelly@padberg.com,Bunches.co.uk,#,"2023-01-01 07:06:28",active
"Mike Hodkiewicz",lea.conn@gmail.com,"Ink Factory",#,"2023-01-01 07:06:28",active
"Syble Roob",deborah72@koepp.com,"Vision Direct UK",#,"2023-01-01 07:06:28",active
"Jalen Kulas",bherman@hotmail.com,"Savile Row Company Ltd",#,"2023-01-01 07:06:28",active
"Mitchell Cummings",leannon.laurine@gmail.com,"Song Galaxy",#,"2023-01-01 07:06:28",active
"Christophe D'Amore",oral.treutel@hill.com,"Vision Direct UK",#,"2023-01-01 07:06:28",active
"Nash Durgan",cloyd.strosin@howell.com,e2save,#,"2023-01-01 07:06:28",active
"Elaina Bruen",hoppe.retta@bayer.net,"Vintage Wine Gifts",#,"2023-01-01 07:06:28",active
"Zetta Miller",skulas@yahoo.com,"B & Q",#,"2023-01-01 07:06:28",active
"Mustafa Aufderhar",moore.belle@yahoo.com,Bunches.co.uk,#,"2023-01-01 07:06:28",active
"Kathlyn Bernhard",lakin.abraham@yahoo.com,"Beauty Expert UK",#,"2023-01-01 07:06:28",active
"Solon Swift",oren53@yahoo.com,"Tooled Up",#,"2023-01-01 07:06:28",active
"Ricardo Feest",neha.aufderhar@koelpin.com,"Beauty Expert UK",#,"2023-01-01 07:06:28",active
"Lavina Christiansen",owilderman@gmail.com,"Vintage Wine Gifts",#,"2023-01-01 07:06:28",active
"Kelley Bernier",casimir.cummings@mccullough.com,"Advanced MP3 Players",#,"2023-01-01 07:06:28",active
"Eunice Adams",heidenreich.alexa@gmail.com,"Dorothy Perkins UK",#,"2023-01-01 07:06:28",active
"Irving Leannon",christopher81@yahoo.com,"Pharmacy2U Online Doctor",#,"2023-01-01 07:06:28",active
"Ashlynn Swaniawski",deshawn.nienow@gmail.com,e2save,#,"2023-01-01 07:06:28",active
"Arvel Feil",derrick15@abbott.com,"Song Galaxy",#,"2023-01-01 07:06:28",active
"Keely Ledner",treutel.luther@hotmail.com,Names.co.uk,#,"2023-01-01 07:06:28",active
"Everardo Hagenes",madie47@hotmail.com,InterRose,#,"2023-01-01 07:06:28",active
"Cecelia Murphy",sierra63@gulgowski.com,e2save,#,"2023-01-01 07:06:28",active
"Emerald Keebler",goodwin.deanna@hotmail.com,"B & Q",#,"2023-01-01 07:06:28",active
"Lessie Gusikowski",austin69@stokes.com,"Pharmacy2U Online Doctor",#,"2023-01-01 07:06:28",active
"Laverna Hirthe",dickinson.valerie@yahoo.com,"Mankind UK",#,"2023-01-01 07:06:28",active
"Mathilde Kris",kmurazik@yundt.com,TheDrinkShop,#,"2023-01-01 07:06:28",active
"Mckayla Treutel",breanna56@hotmail.com,Post-a-Rose,#,"2023-01-01 07:06:28",active
"Jay Jacobs",rachel30@runte.biz,"Chocolate Trading Company",#,"2023-01-01 07:06:28",active
"Alfreda Wiza",terrell35@hotmail.com,Names.co.uk,#,"2023-01-01 07:06:28",active
"Miles Oberbrunner",maxwell.rippin@walter.net,"Mankind UK",#,"2023-01-01 07:06:28",active
"Grant Spencer",aubree31@gmail.com,"Cast In Style",#,"2023-01-01 07:06:28",active
"Helene Lakin",durgan.golda@hotmail.com,"Chocolate Trading Company",#,"2023-01-01 07:06:28",active
"Rollin Nitzsche",thalia.krajcik@gmail.com,"Chocolate Trading Company",#,"2023-01-01 07:06:28",active
"Darron Hessel",calista62@runolfsdottir.net,Awin,#,"2023-01-01 07:06:28",active
"Elvis Goyette",merl28@hotmail.com,"Advanced MP3 Players",#,"2023-01-01 07:06:28",active
"Roberta Stracke",petra51@yahoo.com,"A Quarter Of...",#,"2023-01-01 07:06:28",active
"Josie Raynor",kconsidine@hotmail.com,"A Quarter Of...",#,"2023-01-01 07:06:28",active
"Laron Metz",imonahan@howell.com,"Novatech Ltd",#,"2023-01-01 07:06:28",active
"Agustin Bruen",kcormier@gmail.com,"A Quarter Of...",#,"2023-01-01 07:06:28",active
"Dominic Walter",telly75@gmail.com,"Ink Factory",#,"2023-01-01 07:06:28",active
"Mariano Wyman",baumbach.aimee@yahoo.com,Post-a-Rose,#,"2023-01-01 07:06:28",active
"Andreane Marks",cecilia.spinka@ziemann.org,"Ink Factory",#,"2023-01-01 07:06:28",active
"Joannie Frami",oferry@kulas.info,TheDrinkShop,#,"2023-01-01 07:06:28",active
"Meagan Marquardt",kendrick16@hotmail.com,"Pharmacy2U Online Doctor",#,"2023-01-01 07:06:28",active
"Milo D'Amore",haylie84@smith.com,"Savile Row Company Ltd",#,"2023-01-01 07:06:28",active
"Lessie Gusikowski",austin69@stokes.com,"Advanced MP3 Players",#,"2023-01-01 07:06:28",active
"Maurine Frami",bosco.taurean@hotmail.com,"Mankind UK",#,"2023-01-01 07:06:28",active
"Nash Durgan",cloyd.strosin@howell.com,"The Safe Shop",#,"2023-01-01 07:06:28",active
"Erich Jaskolski",jonatan.schneider@yahoo.com,"Novatech Ltd",#,"2023-01-01 07:06:28",active
"Super Admin",admin@trs.com,Awin,#,"2023-01-01 07:06:28",active
"Tomasa Klocko",zupton@klocko.com,"Dorothy Perkins UK",#,"2023-01-01 07:06:28",active
"Janis Stanton",obartoletti@gmail.com,Fragrancedirect,#,"2023-01-01 07:06:28",active
"Jeffery Price",bobbie.quigley@frami.com,Bunches.co.uk,#,"2023-01-01 07:06:28",active
"Alexa Carroll",roma.walter@paucek.com,"Pharmacy2U Online Doctor",#,"2023-01-01 07:06:28",active
"Cristina Wiegand",marcus.murray@hotmail.com,Names.co.uk,#,"2023-01-01 07:06:28",active
"Milo D'Amore",haylie84@smith.com,"Cadbury Gifts Direct",#,"2023-01-01 07:06:28",active
"Alycia Walter",kody.bode@hotmail.com,Names.co.uk,#,"2023-01-01 07:06:28",active
"Landen Ankunding",casper.jeremie@hotmail.com,"Fitness Options",#,"2023-01-01 07:06:28",active
"Vivianne Quigley",ybode@gorczany.com,"Savile Row Company Ltd",#,"2023-01-01 07:06:28",active
"Nadia Deckow",giles.schoen@lesch.com,"Toffs Ltd",#,"2023-01-01 07:06:28",active
"Erick Tromp",gage51@yahoo.com,"Cadbury Gifts Direct",#,"2023-01-01 07:06:28",active
"Jermey Waelchi",yvette09@gmail.com,"Bed Star Ltd",#,"2023-01-01 07:06:28",active
"Brittany Crist",maia.schaefer@cruickshank.com,Prezzybox,#,"2023-01-01 07:06:28",active
"Beaulah Reilly",cale17@spencer.com,"Scottsdale Golf",#,"2023-01-01 07:06:28",active
"Jaqueline Torphy",reynold89@yahoo.com,"Fitness Options",#,"2023-01-01 07:06:27",active
"Roselyn Morissette",rblanda@yahoo.com,"Advanced MP3 Players",#,"2023-01-01 07:06:27",active
"Kyla Stanton",delphine.bayer@gmail.com,"Bed Star Ltd",#,"2023-01-01 07:06:27",active
"Reese Bahringer",hmurazik@gmail.com,Names.co.uk,#,"2023-01-01 07:06:27",active
"Laverne Bechtelar",miguel16@gmail.com,Mobiles.co.uk,#,"2023-01-01 07:06:27",active
"Stone Hayes",megane.tromp@yahoo.com,"Cast In Style",#,"2023-01-01 07:06:27",active
"Lavinia Barrows",fahey.emmy@yahoo.com,"Novatech Ltd",#,"2023-01-01 07:06:27",active
"Rhett Lynch",ufranecki@muller.com,"Serenata Flowers",#,"2023-01-01 07:06:27",active
"Judge Pagac",hmckenzie@yahoo.com,"Song Galaxy",#,"2023-01-01 07:06:27",active
"Jadyn Stiedemann",waldo84@gmail.com,"Cast In Style",#,"2023-01-01 07:06:27",active
"Joy Flatley",gusikowski.leland@boyer.com,"Vintage Wine Gifts",#,"2023-01-01 07:06:27",active
"Aletha Hayes",lambert.gottlieb@hotmail.com,"Mankind UK",#,"2023-01-01 07:06:27",active
"Declan Corkery",sgutkowski@hotmail.com,"Fitness Options",#,"2023-01-01 07:06:27",active
"Cloyd Schaefer",amalia11@hotmail.com,"Cadbury Gifts Direct",#,"2023-01-01 07:06:27",active
"Ross Haley",jkoelpin@gaylord.org,"Mankind UK",#,"2023-01-01 07:06:27",active
"Evangeline Gorczany",wbeahan@upton.biz,"Beauty Expert UK",#,"2023-01-01 07:06:27",active
"Burdette Gutmann",ylakin@hotmail.com,Awin,#,"2023-01-01 07:06:27",active
"Edythe Swaniawski",stark.noelia@yahoo.com,"Appliance City",#,"2023-01-01 07:06:27",active
"Leslie Thompson",willms.muhammad@yahoo.com,"Song Galaxy",#,"2023-01-01 07:06:27",active
"Cloyd Schaefer",amalia11@hotmail.com,"Cadbury Gifts Direct",#,"2023-01-01 07:06:27",active
"Paolo Bosco",vernon41@ruecker.net,"Novatech Ltd",#,"2023-01-01 07:06:27",active
"Maurine Quitzon",jany69@hayes.com,Fragrancedirect,#,"2023-01-01 07:06:27",active
"Herta Skiles",mafalda94@oconner.net,"Burton UK",#,"2023-01-01 07:06:27",active
"Jasper Block",johnnie71@tillman.com,Bunches.co.uk,#,"2023-01-01 07:06:27",active
"Oda Shanahan",effie88@gmail.com,"Dorothy Perkins UK",#,"2023-01-01 07:06:27",active
"Estell Johns",hills.creola@gmail.com,Names.co.uk,#,"2023-01-01 07:06:27",active
"Merle Leuschke",pkrajcik@daniel.com,"B & Q",#,"2023-01-01 07:06:27",active
"Vance Waters",dschaden@gmail.com,Create,#,"2023-01-01 07:06:27",active
"Dameon Sipes",chahn@hudson.com,"Scottsdale Golf",#,"2023-01-01 07:06:27",active
"Dena Stamm",flossie.pacocha@hotmail.com,"Appliance City",#,"2023-01-01 07:06:27",active
"Evangeline Gorczany",wbeahan@upton.biz,Prezzybox,#,"2023-01-01 07:06:27",active
"Henriette Berge",vmedhurst@sanford.com,"Cadbury Gifts Direct",#,"2023-01-01 07:06:27",active
"Lily Waters",winona08@hotmail.com,"The Safe Shop",#,"2023-01-01 07:06:27",active
"Seamus Berge",soledad.donnelly@hayes.com,"Novatech Ltd",#,"2023-01-01 07:06:27",active
"Tony Kulas",aschimmel@yahoo.com,"Song Galaxy",#,"2023-01-01 07:06:27",active
"Lempi Schroeder",gottlieb.liliana@wiegand.org,"Appliance City",#,"2023-01-01 07:06:27",active
"Wilhelm Bahringer",miller.dortha@yahoo.com,Names.co.uk,#,"2023-01-01 07:06:27",active
"Orlo Dooley",israel.fahey@hotmail.com,"Cast In Style",#,"2023-01-01 07:06:27",active
"Marianne Murphy",christian42@parker.com,"Appliance City",#,"2023-01-01 07:06:27",active
"Rachelle Braun",bchristiansen@brown.info,"Mankind UK",#,"2023-01-01 07:06:27",active
"Carson Friesen",bashirian.elwin@yahoo.com,Post-a-Rose,#,"2023-01-01 07:06:27",active
"Julian Zulauf",lauriane.kuhic@gmail.com,"Vintage Wine Gifts",#,"2023-01-01 07:06:27",active
"Emil Hessel",mekhi.hirthe@hotmail.com,TheDrinkShop,#,"2023-01-01 07:06:27",active
"Keaton Emmerich",gorn@satterfield.biz,InterRose,#,"2023-01-01 07:06:27",active
"Nash Durgan",cloyd.strosin@howell.com,"Tooled Up",#,"2023-01-01 07:06:27",active
"Ben Hermiston",josh.kessler@hotmail.com,Prezzybox,#,"2023-01-01 07:06:27",active
"Richard Stokes",vhirthe@ferry.org,"TV Cables",#,"2023-01-01 07:06:27",active
"Verda Lowe",ebba99@heaney.com,Awin,#,"2023-01-01 07:06:27",active
"Cathy O'Connell",olson.abraham@yahoo.com,InterRose,#,"2023-01-01 07:06:27",active
"Johnathon Volkman",kweissnat@hotmail.com,"Fitness Options",#,"2023-01-01 07:06:27",active
"Onie Strosin",brekke.cierra@gmail.com,Fragrancedirect,#,"2023-01-01 07:06:27",active
"Zetta Vandervort",purdy.daren@gmail.com,"Scottsdale Golf",#,"2023-01-01 07:06:27",active
"Susana Champlin",abshire.hulda@gutkowski.com,Create,#,"2023-01-01 07:06:27",active
"Pink Kautzer",marks.jace@koss.com,"Appliance City",#,"2023-01-01 07:06:27",active
"Daron Runte",salma.monahan@boyle.com,"Vision Direct UK",#,"2023-01-01 07:06:27",active
"Lambert Bechtelar",raleigh35@yahoo.com,"Fitness Options",#,"2023-01-01 07:06:27",active
"Haylee Morar",hettie11@yahoo.com,"A Quarter Of...",#,"2023-01-01 07:06:27",active
"Darrin Bauch",dicki.erin@hotmail.com,"Appliance City",#,"2023-01-01 07:06:27",active
"Oscar Schmeler",kristina21@yahoo.com,Post-a-Rose,#,"2023-01-01 07:06:27",active
"Marty Douglas",ezequiel.upton@feil.com,"Vision Direct UK",#,"2023-01-01 07:06:27",active
"Marilyne Lindgren",adaline.dibbert@gmail.com,Create,#,"2023-01-01 07:06:27",active
"William Predovic",jbradtke@jacobson.biz,Post-a-Rose,#,"2023-01-01 07:06:27",active
"Orlo Cormier",derek.barton@hotmail.com,"Savile Row Company Ltd",#,"2023-01-01 07:06:27",active
"Samanta Kulas",immanuel43@hotmail.com,"Bed Star Ltd",#,"2023-01-01 07:06:27",active
"Scotty Kiehn",dbraun@harvey.com,TheDrinkShop,#,"2023-01-01 07:06:27",active
"Mireille Labadie",gabe.macejkovic@yahoo.com,"Burton UK",#,"2023-01-01 07:06:27",active
"Jana Beer",bcrona@gmail.com,"Appliance City",#,"2023-01-01 07:06:27",active
"Clifford Considine",rowland66@hotmail.com,"Cast In Style",#,"2023-01-01 07:06:27",active
"Lempi Schroeder",gottlieb.liliana@wiegand.org,Buyagift.co.uk,#,"2023-01-01 07:06:27",active
"Royce Gutmann",rosalia90@yahoo.com,Create,#,"2023-01-01 07:06:27",active
"Nadia Turner",bettie73@gmail.com,"Dorothy Perkins UK",#,"2023-01-01 07:06:27",active
"Burdette Gutmann",ylakin@hotmail.com,Post-a-Rose,#,"2023-01-01 07:06:27",active
"Leanna Beier",rlubowitz@yahoo.com,Awin,#,"2023-01-01 07:06:27",active
"Mikel Barrows",lavonne80@hotmail.com,"Savile Row Company Ltd",#,"2023-01-01 07:06:27",active
"Joseph Jenkins",leola.tromp@shanahan.com,"Mankind UK",#,"2023-01-01 07:06:27",active
"Cassidy Frami",gnitzsche@hotmail.com,"Advanced MP3 Players",#,"2023-01-01 07:06:27",active
"Madyson Eichmann",crunolfsson@mckenzie.org,"Tooled Up",#,"2023-01-01 07:06:27",active
"Lily Konopelski",kub.malika@yahoo.com,"The Safe Shop",#,"2023-01-01 07:06:27",active
"Hilton Weissnat",beahan.eugenia@hills.com,"Beauty Expert UK",#,"2023-01-01 07:06:27",active
"Arvid Cruickshank",carmen46@gmail.com,Create,#,"2023-01-01 07:06:27",active
"Laverne Bechtelar",miguel16@gmail.com,"B & Q",#,"2023-01-01 07:06:27",active
"Nadia Turner",bettie73@gmail.com,"Toffs Ltd",#,"2023-01-01 07:06:27",active
"Serenity Haag",nicola24@hotmail.com,Names.co.uk,#,"2023-01-01 07:06:27",active
"Lowell Balistreri",kiana45@hotmail.com,Fragrancedirect,#,"2023-01-01 07:06:27",active
"Michael Watsica",danika.strosin@gmail.com,"Appliance City",#,"2023-01-01 07:06:27",active
"Ron Wilderman",angus.durgan@bruen.com,Create,#,"2023-01-01 07:06:27",active
"Sonya Tremblay",marty14@yahoo.com,"Dorothy Perkins UK",#,"2023-01-01 07:06:27",active
"Nellie Predovic",madilyn08@ondricka.org,"Beauty Expert UK",#,"2023-01-01 07:06:27",active
"Emil Hessel",mekhi.hirthe@hotmail.com,"Ink Factory",#,"2023-01-01 07:06:27",active
"Zoie Jacobs",rath.emil@gmail.com,"Appliance City",#,"2023-01-01 07:06:27",active
"Brody Romaguera",rklocko@schowalter.net,"A Quarter Of...",#,"2023-01-01 07:06:27",active
"Johnathan Goyette",xbeer@morar.com,"Song Galaxy",#,"2023-01-01 07:06:27",active
"Emmy Kozey",kemmer.muriel@price.com,"Beauty Expert UK",#,"2023-01-01 07:06:27",active
"Warren Upton",volkman.giovanny@abernathy.com,Awin,#,"2023-01-01 07:06:27",active
"Brionna Abernathy",jimmie.borer@hotmail.com,Mobiles.co.uk,#,"2023-01-01 07:06:27",active
"Freddy Mayert",kurt.yost@hotmail.com,"Scottsdale Golf",#,"2023-01-01 07:06:27",active
"Nadia Deckow",giles.schoen@lesch.com,e2save,#,"2023-01-01 07:06:27",active
"Jammie Legros",antoinette.daugherty@hotmail.com,Post-a-Rose,#,"2023-01-01 07:06:27",active
"Darron Hessel",calista62@runolfsdottir.net,"Savile Row Company Ltd",#,"2023-01-01 07:06:27",active
"Fernando Waters",padberg.veronica@hotmail.com,"Chocolate Trading Company",#,"2023-01-01 07:06:27",active
"Morgan Willms",kwisozk@hegmann.com,"TV Cables",#,"2023-01-01 07:06:27",active
"Jazlyn Davis",wyman.lionel@gmail.com,"Fitness Options",#,"2023-01-01 07:06:27",active
"Isabella Rowe",easton36@hintz.biz,"B & Q",#,"2023-01-01 07:06:27",active
"Laisha Wuckert",dgleason@graham.com,"Ink Factory",#,"2023-01-01 07:06:27",active
"Barbara Goyette",franecki.anastacio@hotmail.com,"Advanced MP3 Players",#,"2023-01-01 07:06:27",active
"Zoie Jacobs",rath.emil@gmail.com,InterRose,#,"2023-01-01 07:06:27",active
"Deven Marvin",sid50@yahoo.com,"Song Galaxy",#,"2023-01-01 07:06:27",active
"Leora Altenwerth",reichel.giovanna@yahoo.com,"B & Q",#,"2023-01-01 07:06:27",active
"Daren Gulgowski",akunze@dibbert.com,"Advanced MP3 Players",#,"2023-01-01 07:06:27",active
"Bryce Barrows",ubogan@gmail.com,Bunches.co.uk,#,"2023-01-01 07:06:27",active
"Florence Daugherty",feest.mckenzie@hotmail.com,"Cast In Style",#,"2023-01-01 07:06:27",active
"Darrin Bauch",dicki.erin@hotmail.com,"Ink Factory",#,"2023-01-01 07:06:27",active
"Aleen Emard",santos.mosciski@schmeler.com,"Fitness Options",#,"2023-01-01 07:06:27",active
"Kirsten Johnson",garrick.schoen@volkman.com,"Serenata Flowers",#,"2023-01-01 07:06:27",active
"Pearline Roberts",marjory27@brekke.com,TheDrinkShop,#,"2023-01-01 07:06:27",active
"Mireille Zieme",dibbert.minnie@murazik.net,"Mankind UK",#,"2023-01-01 07:06:27",active
"Zoila Dooley",toni.russel@smith.com,"Darlings of Chelsea",#,"2023-01-01 07:06:27",active
"Haven Kuphal",flynch@yahoo.com,"Fitness Options",#,"2023-01-01 07:06:27",active
"Samantha Stamm",monahan.aileen@gmail.com,"A Quarter Of...",#,"2023-01-01 07:06:27",active
"Jeanette Hammes",rheller@rosenbaum.biz,"Cadbury Gifts Direct",#,"2023-01-01 07:06:27",active
"Juliet Prosacco",nolson@hegmann.info,InterRose,#,"2023-01-01 07:06:27",active
"Bertha Ullrich",haven.rice@hotmail.com,Prezzybox,#,"2023-01-01 07:06:27",active
"Olaf Volkman",keeley.effertz@yahoo.com,"Mankind UK",#,"2023-01-01 07:06:27",active
"Shanna Osinski",gabe46@gmail.com,"Toffs Ltd",#,"2023-01-01 07:06:27",active
"Casandra Jast",keeling.frederic@hotmail.com,Awin,#,"2023-01-01 07:06:27",active
"Yessenia Streich",wdare@yahoo.com,"Savile Row Company Ltd",#,"2023-01-01 07:06:27",active
"Abdul Schaden",ibailey@gmail.com,"Cast In Style",#,"2023-01-01 07:06:27",active
"Baylee Swift",yazmin85@konopelski.com,"Bed Star Ltd",#,"2023-01-01 07:06:27",active
"Tyshawn Little",enola.klocko@skiles.biz,"Burton UK",#,"2023-01-01 07:06:27",active
"Mathilde Kris",kmurazik@yundt.com,Create,#,"2023-01-01 07:06:27",active
"Marshall Reynolds",bernier.isidro@gmail.com,"Appliance City",#,"2023-01-01 07:06:27",active
"Otha Powlowski",stehr.monserrate@yahoo.com,"Advanced MP3 Players",#,"2023-01-01 07:06:27",active
"Aletha Hayes",lambert.gottlieb@hotmail.com,"Darlings of Chelsea",#,"2023-01-01 07:06:27",active
"Aleen Kassulke",leuschke.cleo@veum.org,"Ink Factory",#,"2023-01-01 07:06:27",active
"Mallie Reilly",laurence.howe@schowalter.com,"Chocolate Trading Company",#,"2023-01-01 07:06:27",active
"Orval Reynolds",shannon.zieme@gmail.com,"Dorothy Perkins UK",#,"2023-01-01 07:06:27",active
"Emerald Keebler",goodwin.deanna@hotmail.com,"Scottsdale Golf",#,"2023-01-01 07:06:27",active
"Dustin Streich",jolie.fritsch@yahoo.com,"B & Q",#,"2023-01-01 07:06:27",active
"Jaydon Nicolas",simeon.hammes@yahoo.com,"The Safe Shop",#,"2023-01-01 07:06:27",active
"Palma Greenfelder",gbosco@ortiz.com,Bunches.co.uk,#,"2023-01-01 07:06:27",active
"Elian Williamson",marcelle.stracke@hotmail.com,Post-a-Rose,#,"2023-01-01 07:06:27",active
"Quincy Walsh",trinity.ritchie@hotmail.com,"Vintage Wine Gifts",#,"2023-01-01 07:06:27",active
"Adah Bayer",lois75@hotmail.com,Fragrancedirect,#,"2023-01-01 07:06:27",active
"Bulah Boyer",chloe.ryan@bergstrom.biz,"Ink Factory",#,"2023-01-01 07:06:27",active
"Fernando Waters",padberg.veronica@hotmail.com,"Ink Factory",#,"2023-01-01 07:06:27",active
"Gus Mraz",heather70@mcdermott.net,"Advanced MP3 Players",#,"2023-01-01 07:06:27",active
"Otho Daniel",donnie71@gmail.com,"The Safe Shop",#,"2023-01-01 07:06:27",active
"Gerson Graham",rstiedemann@schmeler.net,"Cadbury Gifts Direct",#,"2023-01-01 07:06:27",active
"Michael Watsica",danika.strosin@gmail.com,"Cadbury Gifts Direct",#,"2023-01-01 07:06:27",active
"Eunice Adams",heidenreich.alexa@gmail.com,"Advanced MP3 Players",#,"2023-01-01 07:06:27",active
"Reese Bahringer",hmurazik@gmail.com,CartridgeMonkey,#,"2023-01-01 07:06:27",active
"Mireille Zieme",dibbert.minnie@murazik.net,"Chocolate Trading Company",#,"2023-01-01 07:06:27",active
"Marlen Quitzon",lockman.kendra@hotmail.com,"Advanced MP3 Players",#,"2023-01-01 07:06:27",active
"Bridget Senger",claudie.ullrich@yahoo.com,"Cadbury Gifts Direct",#,"2023-01-01 07:06:27",active
"Frieda Fay",mmraz@bartoletti.org,"Ink Factory",#,"2023-01-01 07:06:27",active
"Dawson Smith",baby68@hotmail.com,"Mankind UK",#,"2023-01-01 07:06:27",active
"Florine Mertz",zlangosh@sawayn.biz,InterRose,#,"2023-01-01 07:06:27",active
"Ryann Kuhic",bonita75@gmail.com,Create,#,"2023-01-01 07:06:27",active
"Wilma O'Connell",mayert.coleman@gmail.com,"B & Q",#,"2023-01-01 07:06:27",active
"Anika Stark",robel.carol@goodwin.com,"Cast In Style",#,"2023-01-01 07:06:27",active
"Alexa Carroll",roma.walter@paucek.com,Fragrancedirect,#,"2023-01-01 07:06:27",active
"Johnathon Volkman",kweissnat@hotmail.com,"Song Galaxy",#,"2023-01-01 07:06:27",active
"Grayce Pfeffer",heaney.walker@hotmail.com,"B & Q",#,"2023-01-01 07:06:27",active
"Wilma O'Connell",mayert.coleman@gmail.com,"Vintage Wine Gifts",#,"2023-01-01 07:06:27",active
"Newell Hand",kaelyn98@glover.com,"Novatech Ltd",#,"2023-01-01 07:06:27",active
"Mckayla Treutel",breanna56@hotmail.com,CartridgeMonkey,#,"2023-01-01 07:06:27",active
"Laverna Hirthe",dickinson.valerie@yahoo.com,"Toffs Ltd",#,"2023-01-01 07:06:27",active
"Carson Friesen",bashirian.elwin@yahoo.com,"Fitness Options",#,"2023-01-01 07:06:27",active
"Henderson Dietrich",sheller@koch.biz,Fragrancedirect,#,"2023-01-01 07:06:27",active
"Angelica Gerhold",omoore@labadie.com,TheDrinkShop,#,"2023-01-01 07:06:27",active
"Leanna Heidenreich",luis.leannon@yahoo.com,"Vintage Wine Gifts",#,"2023-01-01 07:06:27",active
"Tony Kulas",aschimmel@yahoo.com,"B & Q",#,"2023-01-01 07:06:27",active
"Ofelia Schuppe",oswaldo29@hotmail.com,"Savile Row Company Ltd",#,"2023-01-01 07:06:27",active
"Aletha Hayes",lambert.gottlieb@hotmail.com,"Darlings of Chelsea",#,"2023-01-01 07:06:27",active
"Rick Prohaska",vivien.reinger@ledner.com,"Scottsdale Golf",#,"2023-01-01 07:06:27",active
"Elaina Runolfsdottir",aliyah61@langosh.info,Bunches.co.uk,#,"2023-01-01 07:06:27",active
"Nia Lindgren",lschuster@gmail.com,"The Safe Shop",#,"2023-01-01 07:06:27",active
"Ottis Johnson",ithiel@gerhold.biz,Prezzybox,#,"2023-01-01 07:06:27",active
"Coty Abernathy",dalton95@hotmail.com,"A Quarter Of...",#,"2023-01-01 07:06:27",active
"Conor Ratke",schumm.breana@gutkowski.com,"Savile Row Company Ltd",#,"2023-01-01 07:06:27",active
"Kimberly Leannon",hudson.raquel@yahoo.com,"Chocolate Trading Company",#,"2023-01-01 07:06:27",active
"Johnathon Volkman",kweissnat@hotmail.com,Awin,#,"2023-01-01 07:06:27",active
"Etha Kessler",kennith.bogisich@hotmail.com,CartridgeMonkey,#,"2023-01-01 07:06:27",active
"Geoffrey Jenkins",jackeline.franecki@deckow.biz,"Advanced MP3 Players",#,"2023-01-01 07:06:27",active
"Mercedes Schuster",berge.woodrow@hotmail.com,"Serenata Flowers",#,"2023-01-01 07:06:27",active
"Rachelle Braun",bchristiansen@brown.info,"Savile Row Company Ltd",#,"2023-01-01 07:06:27",active
"Bailee Graham",wherman@gmail.com,"Burton UK",#,"2023-01-01 07:06:27",active
"Merlin McKenzie",bertram.stanton@feest.com,"Scottsdale Golf",#,"2023-01-01 07:06:27",active
"Tia Grimes",nheller@dach.com,"Chocolate Trading Company",#,"2023-01-01 07:06:27",active
"Alayna Goyette",durward.kling@yahoo.com,e2save,#,"2023-01-01 07:06:27",active
"Darrin Glover",norris.rutherford@harris.info,"Serenata Flowers",#,"2023-01-01 07:06:27",active
"Luisa Marquardt",bernhard.ruthe@kulas.info,InterRose,#,"2023-01-01 07:06:27",active
"Tia Grimes",nheller@dach.com,"The Safe Shop",#,"2023-01-01 07:06:27",active
"Dorcas Block",carter.hildegard@hotmail.com,"Toffs Ltd",#,"2023-01-01 07:06:27",active
"Newell Hand",kaelyn98@glover.com,"Fitness Options",#,"2023-01-01 07:06:27",active
"Alexandrine Fahey",schoen.hallie@yahoo.com,"Song Galaxy",#,"2023-01-01 07:06:27",active
"Rae Bechtelar",miles.gottlieb@cole.com,Awin,#,"2023-01-01 07:06:27",active
"Jodie Champlin",patricia76@yahoo.com,Post-a-Rose,#,"2023-01-01 07:06:27",active
"Maynard Dickinson",kareem.brekke@wolff.org,Create,#,"2023-01-01 07:06:27",active
"Tommie Kuvalis",kaylah21@koch.com,"Bed Star Ltd",#,"2023-01-01 07:06:27",active
"Olaf Volkman",keeley.effertz@yahoo.com,"Serenata Flowers",#,"2023-01-01 07:06:27",active
"Daron Runte",salma.monahan@boyle.com,"A Quarter Of...",#,"2023-01-01 07:06:27",active
"Kyler Osinski",myron.dickens@spencer.info,Awin,#,"2023-01-01 07:06:27",active
"Cooper Brown",avery23@satterfield.biz,"Ink Factory",#,"2023-01-01 07:06:27",active
"Letitia Ratke",lbatz@gmail.com,"Fitness Options",#,"2023-01-01 07:06:27",active
"Delphia Turcotte",okonopelski@schamberger.com,"Bed Star Ltd",#,"2023-01-01 07:06:27",active
"Tamia Denesik",vmetz@mertz.com,"Dorothy Perkins UK",#,"2023-01-01 07:06:27",active
"Ron Wilderman",angus.durgan@bruen.com,InterRose,#,"2023-01-01 07:06:27",active
"Aurelia Bosco",susan60@hotmail.com,"Scottsdale Golf",#,"2023-01-01 07:06:26",active
"Hailie Treutel",vickie53@doyle.biz,"Ink Factory",#,"2023-01-01 07:06:26",active
"Jaydon Nicolas",simeon.hammes@yahoo.com,"Chocolate Trading Company",#,"2023-01-01 07:06:26",active
"Jordy Wyman",darren52@yahoo.com,"Mankind UK",#,"2023-01-01 07:06:26",active
"Leila Labadie",swift.dawson@yahoo.com,"B & Q",#,"2023-01-01 07:06:26",active
"Magali Parisian",mitchell.payton@hotmail.com,"B & Q",#,"2023-01-01 07:06:26",active
"Evalyn Ernser",haley.rahsaan@mills.com,"B & Q",#,"2023-01-01 07:06:26",active
"Cletus Pollich",qhartmann@yahoo.com,"Cadbury Gifts Direct",#,"2023-01-01 07:06:26",active
"Celine Nitzsche",candida18@leuschke.net,"Appliance City",#,"2023-01-01 07:06:26",active
"Nona Bashirian",yschimmel@crooks.com,"Ink Factory",#,"2023-01-01 07:06:26",active
"Frieda Fay",mmraz@bartoletti.org,Post-a-Rose,#,"2023-01-01 07:06:26",active
"Gage Feil",wchristiansen@yahoo.com,InterRose,#,"2023-01-01 07:06:26",active
"Pearline Roberts",marjory27@brekke.com,InterRose,#,"2023-01-01 07:06:26",active
"Madisen Robel",shanon.bartoletti@hotmail.com,"A Quarter Of...",#,"2023-01-01 07:06:26",active
"Walter Kub",jast.rylan@hotmail.com,Fragrancedirect,#,"2023-01-01 07:06:26",active
"Lula Krajcik",clair.beier@koch.com,Bunches.co.uk,#,"2023-01-01 07:06:26",active
"Savannah Davis",kgoldner@wyman.net,"Dorothy Perkins UK",#,"2023-01-01 07:06:26",active
"Valentin Toy",melvin33@moen.com,CartridgeMonkey,#,"2023-01-01 07:06:26",active
"Marshall Reynolds",bernier.isidro@gmail.com,"Bed Star Ltd",#,"2023-01-01 07:06:26",active
"Fletcher Weissnat",ischimmel@feeney.com,Buyagift.co.uk,#,"2023-01-01 07:06:26",active
"Adah Bayer",lois75@hotmail.com,"Darlings of Chelsea",#,"2023-01-01 07:06:26",active
"Janie Kutch",shanahan.verona@gmail.com,"B & Q",#,"2023-01-01 07:06:26",active
"Eveline Price",pdeckow@oconnell.org,Fragrancedirect,#,"2023-01-01 07:06:26",active
"Waylon Shanahan",nvonrueden@goodwin.com,"Ink Factory",#,"2023-01-01 07:06:26",active
"Omari Hammes",qhudson@yahoo.com,"Bed Star Ltd",#,"2023-01-01 07:06:26",active
"Yessenia Streich",wdare@yahoo.com,"Savile Row Company Ltd",#,"2023-01-01 07:06:26",active
"Kristin McLaughlin",olin08@fay.com,InterRose,#,"2023-01-01 07:06:26",active
"Violette Goodwin",cora.haley@gmail.com,"Scottsdale Golf",#,"2023-01-01 07:06:26",active
"Larissa Considine",bobby54@schneider.biz,"Fitness Options",#,"2023-01-01 07:06:26",active
"Ike O'Connell",shany.bayer@hotmail.com,"Chocolate Trading Company",#,"2023-01-01 07:06:26",active
"Bailee O'Reilly",gschamberger@brown.com,"Burton UK",#,"2023-01-01 07:06:26",active
"Keeley Ullrich",jast.isai@pagac.org,Create,#,"2023-01-01 07:06:26",active
"Yessenia Streich",wdare@yahoo.com,"Darlings of Chelsea",#,"2023-01-01 07:06:26",active
"Carolyn Lockman",eladio.casper@gmail.com,TheDrinkShop,#,"2023-01-01 07:06:26",active
"Elda Reynolds",kevon.becker@hotmail.com,"Advanced MP3 Players",#,"2023-01-01 07:06:26",active
"Casandra Jast",keeling.frederic@hotmail.com,"TV Cables",#,"2023-01-01 07:06:26",active
"Sherwood Nader",rkreiger@gmail.com,TheDrinkShop,#,"2023-01-01 07:06:26",active
"Selmer Von",johnston.damien@spencer.info,"Darlings of Chelsea",#,"2023-01-01 07:06:26",active
"Leanna Heidenreich",luis.leannon@yahoo.com,Bunches.co.uk,#,"2023-01-01 07:06:26",active
"Tia Leannon",amaya.lesch@gmail.com,"The Safe Shop",#,"2023-01-01 07:06:26",active
"Lia Beier",jaylin72@gmail.com,CartridgeMonkey,#,"2023-01-01 07:06:26",active
"Alvis Lesch",joshua.jakubowski@kertzmann.org,"Beauty Expert UK",#,"2023-01-01 07:06:26",active
"Grant Spencer",aubree31@gmail.com,Post-a-Rose,#,"2023-01-01 07:06:26",active
"Silas Jacobi",white.mabel@stroman.org,"Chocolate Trading Company",#,"2023-01-01 07:06:26",active
"Gloria Dickinson",dpadberg@hotmail.com,"Mankind UK",#,"2023-01-01 07:06:26",active
"Lorenzo Rempel",miles86@lemke.com,"The Safe Shop",#,"2023-01-01 07:06:26",active
"Kyla Stanton",delphine.bayer@gmail.com,Mobiles.co.uk,#,"2023-01-01 07:06:26",active
"Ardella O'Reilly",qkreiger@yahoo.com,CartridgeMonkey,#,"2023-01-01 07:06:26",active
"Jackeline Buckridge",mgrimes@heller.com,"TV Cables",#,"2023-01-01 07:06:26",active
"Kaylee Lowe",mariano67@hotmail.com,"TV Cables",#,"2023-01-01 07:06:26",active
"Obie Goldner",clementine57@stokes.com,"Vision Direct UK",#,"2023-01-01 07:06:26",active
"Jaqueline Torphy",reynold89@yahoo.com,"Savile Row Company Ltd",#,"2023-01-01 07:06:26",active
"Jaqueline Torphy",reynold89@yahoo.com,"TV Cables",#,"2023-01-01 07:06:26",active
"Nelle Wehner",haley.viva@beier.com,InterRose,#,"2023-01-01 07:06:26",active
"Maryse Koelpin",arne.ebert@orn.com,Create,#,"2023-01-01 07:06:26",active
"Lula Krajcik",clair.beier@koch.com,Create,#,"2023-01-01 07:06:26",active
"Samanta Kulas",immanuel43@hotmail.com,"Appliance City",#,"2023-01-01 07:06:26",active
"Harrison Murphy",rrath@hotmail.com,"Song Galaxy",#,"2023-01-01 07:06:26",active
"Jeffery Price",bobbie.quigley@frami.com,"Dorothy Perkins UK",#,"2023-01-01 07:06:26",active
"Reggie Berge",eusebio.trantow@yahoo.com,"Chocolate Trading Company",#,"2023-01-01 07:06:26",active
"Emmanuelle Jaskolski",austen41@gmail.com,"Mankind UK",#,"2023-01-01 07:06:26",active
"Clare Ullrich",rolfson.jeffrey@corkery.org,"Toffs Ltd",#,"2023-01-01 07:06:26",active
"Koby Ebert",renner.elbert@larkin.com,"Chocolate Trading Company",#,"2023-01-01 07:06:26",active
"Sonya Tremblay",marty14@yahoo.com,e2save,#,"2023-01-01 07:06:26",active
"Mariano Altenwerth",schaefer.cora@weimann.com,Create,#,"2023-01-01 07:06:26",active
"Verlie Davis",tyreek95@yahoo.com,"Chocolate Trading Company",#,"2023-01-01 07:06:26",active
"Tomasa Klocko",zupton@klocko.com,"Mankind UK",#,"2023-01-01 07:06:26",active
"Clare Ullrich",rolfson.jeffrey@corkery.org,"Burton UK",#,"2023-01-01 07:06:26",active
"Hugh O'Reilly",arvel.bergstrom@windler.com,"Vintage Wine Gifts",#,"2023-01-01 07:06:26",active
"Zoey O'Connell",klein.jeromy@goodwin.com,e2save,#,"2023-01-01 07:06:26",active
"Mike Hodkiewicz",lea.conn@gmail.com,Bunches.co.uk,#,"2023-01-01 07:06:26",active
"Lucy Franecki",alang@gmail.com,"TV Cables",#,"2023-01-01 07:06:26",active
"Mariam Waters",johnston.jeffery@cartwright.net,"Darlings of Chelsea",#,"2023-01-01 07:06:26",active
"Iliana Schmeler",qblock@huel.com,Buyagift.co.uk,#,"2023-01-01 07:06:26",active
"Alexandrine Fahey",schoen.hallie@yahoo.com,Prezzybox,#,"2023-01-01 07:06:26",active
"Mallie Reilly",laurence.howe@schowalter.com,"B & Q",#,"2023-01-01 07:06:26",active
"Bulah Boyer",chloe.ryan@bergstrom.biz,"A Quarter Of...",#,"2023-01-01 07:06:26",active
"Deshaun Rodriguez",orpha53@rippin.com,"Mankind UK",#,"2023-01-01 07:06:26",active
"Rick Prohaska",vivien.reinger@ledner.com,"Bed Star Ltd",#,"2023-01-01 07:06:26",active
"Estell Johns",hills.creola@gmail.com,"Fitness Options",#,"2023-01-01 07:06:26",active
"Kaleigh Raynor",boyer.andy@smith.com,"Dorothy Perkins UK",#,"2023-01-01 07:06:26",active
"Delbert Hartmann",bhodkiewicz@hotmail.com,Fragrancedirect,#,"2023-01-01 07:06:26",active
"Kyla Stanton",delphine.bayer@gmail.com,CartridgeMonkey,#,"2023-01-01 07:06:26",active
"Addie Mitchell",tatyana01@hotmail.com,"A Quarter Of...",#,"2023-01-01 07:06:26",active
"Koby Ebert",renner.elbert@larkin.com,InterRose,#,"2023-01-01 07:06:26",active
"Ward Kub",cale.prohaska@klein.com,Awin,#,"2023-01-01 07:06:26",active
"Linda Parisian",colby63@johnson.com,Prezzybox,#,"2023-01-01 07:06:26",active
"Florence Treutel",raheem29@marvin.com,InterRose,#,"2023-01-01 07:06:26",active
"Stephen Aufderhar",johnson.domenico@hotmail.com,Awin,#,"2023-01-01 07:06:26",active
"Meggie Gutmann",boris.ullrich@hotmail.com,InterRose,#,"2023-01-01 07:06:26",active
"Roselyn Christiansen",weldon.stiedemann@kertzmann.com,"Mankind UK",#,"2023-01-01 07:06:26",active
"Madyson Eichmann",crunolfsson@mckenzie.org,"Ink Factory",#,"2023-01-01 07:06:26",active
"Kelton Gerhold",shad.macejkovic@hotmail.com,TheDrinkShop,#,"2023-01-01 07:06:26",active
"Caroline Bayer",vernie.ritchie@cronin.com,TheDrinkShop,#,"2023-01-01 07:06:26",active
"Grayce Pfeffer",heaney.walker@hotmail.com,Buyagift.co.uk,#,"2023-01-01 07:06:26",active
"Golda Gottlieb",oreilly.jace@corkery.com,"A Quarter Of...",#,"2023-01-01 07:06:26",active
"Al O'Reilly",schmeler.emmy@hotmail.com,CartridgeMonkey,#,"2023-01-01 07:06:26",active
"Olaf Volkman",keeley.effertz@yahoo.com,"Appliance City",#,"2023-01-01 07:06:26",active
"Keshaun Konopelski",eladio48@ziemann.info,"Chocolate Trading Company",#,"2023-01-01 07:06:26",active
"Cletus Schimmel",aswaniawski@yahoo.com,"Cadbury Gifts Direct",#,"2023-01-01 07:06:26",active
"Syble Legros",domenick51@lebsack.net,"Advanced MP3 Players",#,"2023-01-01 07:06:26",active
"Jeromy Baumbach",morissette.anibal@hotmail.com,Fragrancedirect,#,"2023-01-01 07:06:26",active
"Barbara Goyette",franecki.anastacio@hotmail.com,e2save,#,"2023-01-01 07:06:26",active
"Abdul Schaden",ibailey@gmail.com,Create,#,"2023-01-01 07:06:26",active
"Brianne Lueilwitz",lynn.bins@yahoo.com,"Song Galaxy",#,"2023-01-01 07:06:26",active
"Frieda Fay",mmraz@bartoletti.org,"Song Galaxy",#,"2023-01-01 07:06:26",active
"Elvie Hamill",rosemary69@yahoo.com,"Serenata Flowers",#,"2023-01-01 07:06:26",active
"Ofelia Schuppe",oswaldo29@hotmail.com,"Dorothy Perkins UK",#,"2023-01-01 07:06:26",active
"Mitchell Cummings",leannon.laurine@gmail.com,CartridgeMonkey,#,"2023-01-01 07:06:26",active
"Fleta Brown",glover.ricardo@hotmail.com,InterRose,#,"2023-01-01 07:06:26",active
"Clifford Considine",rowland66@hotmail.com,Fragrancedirect,#,"2023-01-01 07:06:26",active
"Dalton Lebsack",kilback.sandy@hotmail.com,Mobiles.co.uk,#,"2023-01-01 07:06:26",active
"Annette Wiegand",carrie.baumbach@gmail.com,"Fitness Options",#,"2023-01-01 07:06:26",active
"Mariam Waters",johnston.jeffery@cartwright.net,"Cadbury Gifts Direct",#,"2023-01-01 07:06:26",active
"Cielo Boyle",heath61@yahoo.com,"Dorothy Perkins UK",#,"2023-01-01 07:06:26",active
"Ottis Johnson",ithiel@gerhold.biz,Post-a-Rose,#,"2023-01-01 07:06:26",active
"Carrie Greenfelder",marilie75@gmail.com,"Mankind UK",#,"2023-01-01 07:06:26",active
"Adeline Kiehn",qgreenholt@feil.org,"Pharmacy2U Online Doctor",#,"2023-01-01 07:06:26",active
"Zaria Kautzer",marianne36@paucek.net,e2save,#,"2023-01-01 07:06:26",active
"Joseph Jenkins",leola.tromp@shanahan.com,"Toffs Ltd",#,"2023-01-01 07:06:26",active
"Wilson Streich",vtorphy@kassulke.com,Mobiles.co.uk,#,"2023-01-01 07:06:26",active
"Edgardo Prohaska",ross78@von.com,"Beauty Expert UK",#,"2023-01-01 07:06:26",active
"Dalton Lebsack",kilback.sandy@hotmail.com,TheDrinkShop,#,"2023-01-01 07:06:26",active
"Justus Pagac",emmet78@yahoo.com,"TV Cables",#,"2023-01-01 07:06:26",active
"Alvena Funk",kleannon@yahoo.com,"Ink Factory",#,"2023-01-01 07:06:26",active
"Wava Moore",waters.teagan@yahoo.com,"Ink Factory",#,"2023-01-01 07:06:26",active
"Jadyn Stiedemann",waldo84@gmail.com,Awin,#,"2023-01-01 07:06:26",active
"Eleanora Goldner",jreichel@yahoo.com,Mobiles.co.uk,#,"2023-01-01 07:06:26",active
"Golda Gottlieb",oreilly.jace@corkery.com,"TV Cables",#,"2023-01-01 07:06:26",active
"Ezra Ferry",roconnell@gmail.com,"Bed Star Ltd",#,"2023-01-01 07:06:26",active
"Kyla Stanton",delphine.bayer@gmail.com,"Tooled Up",#,"2023-01-01 07:06:26",active
"Carolyn Lockman",eladio.casper@gmail.com,CartridgeMonkey,#,"2023-01-01 07:06:26",active
"Bret Hoppe",jacklyn97@maggio.com,"Pharmacy2U Online Doctor",#,"2023-01-01 07:06:26",active
"Edgardo Prohaska",ross78@von.com,"Vintage Wine Gifts",#,"2023-01-01 07:06:26",active
"Silas Jacobi",white.mabel@stroman.org,"Ink Factory",#,"2023-01-01 07:06:26",active
"Nona Stroman",lwilkinson@harris.com,"Toffs Ltd",#,"2023-01-01 07:06:26",active
"Vance Waters",dschaden@gmail.com,"Beauty Expert UK",#,"2023-01-01 07:06:26",active
"Toney Huel",rkub@hotmail.com,Names.co.uk,#,"2023-01-01 07:06:26",active
"Lora Weber",brenden.schulist@hotmail.com,Names.co.uk,#,"2023-01-01 07:06:26",active
"Uriel Crist",margarete05@franecki.net,"Cadbury Gifts Direct",#,"2023-01-01 07:06:26",active
"Warren Harris",stokes.trisha@hotmail.com,Prezzybox,#,"2023-01-01 07:06:26",active
"Lesley Beatty",amara61@yahoo.com,"The Safe Shop",#,"2023-01-01 07:06:26",active
"Tiara Stanton",nnikolaus@hotmail.com,"Toffs Ltd",#,"2023-01-01 07:06:26",active
"Annette Wiegand",carrie.baumbach@gmail.com,"Fitness Options",#,"2023-01-01 07:06:26",active
"Chelsey Swaniawski",roob.ruthie@gmail.com,Mobiles.co.uk,#,"2023-01-01 07:06:26",active
"Linda Parisian",colby63@johnson.com,InterRose,#,"2023-01-01 07:06:26",active
"Cara Pagac",dennis.kertzmann@gmail.com,"Fitness Options",#,"2023-01-01 07:06:26",active
"Frederik Cummings",shany.hirthe@hotmail.com,"Toffs Ltd",#,"2023-01-01 07:06:26",active
"Dena Stamm",flossie.pacocha@hotmail.com,Fragrancedirect,#,"2023-01-01 07:06:26",active
"Leanna Heidenreich",luis.leannon@yahoo.com,"Appliance City",#,"2023-01-01 07:06:26",active
"Weston Senger",schaden.liza@hotmail.com,"Novatech Ltd",#,"2023-01-01 07:06:26",active
"Margie Simonis",axel.sipes@hotmail.com,"The Safe Shop",#,"2023-01-01 07:06:26",active
"Danyka Zboncak",qlakin@hotmail.com,Names.co.uk,#,"2023-01-01 07:06:26",active
"Holly Smitham",aiyana94@hotmail.com,"Scottsdale Golf",#,"2023-01-01 07:06:26",active
"Lucy Franecki",alang@gmail.com,"Pharmacy2U Online Doctor",#,"2023-01-01 07:06:26",active
"Anika Stark",robel.carol@goodwin.com,"Tooled Up",#,"2023-01-01 07:06:26",active
"Franco Padberg",freddie.fadel@hotmail.com,"Bed Star Ltd",#,"2023-01-01 07:06:26",active
"Daren Gulgowski",akunze@dibbert.com,InterRose,#,"2023-01-01 07:06:26",active
"Jeanette Hammes",rheller@rosenbaum.biz,"Toffs Ltd",#,"2023-01-01 07:06:26",active
"Candice Herman",dolly36@durgan.com,"Beauty Expert UK",#,"2023-01-01 07:06:26",active
"Watson Heidenreich",eloy36@hotmail.com,"Fitness Options",#,"2023-01-01 07:06:26",active
"Skye Haley",cecelia13@gmail.com,"Novatech Ltd",#,"2023-01-01 07:06:26",active
"Jameson Mraz",kenneth.jerde@gmail.com,"Darlings of Chelsea",#,"2023-01-01 07:06:26",active
"Valentine O'Reilly",pwitting@mckenzie.com,Mobiles.co.uk,#,"2023-01-01 07:06:26",active
"Zachary Renner",gleason.aaron@hotmail.com,"Vintage Wine Gifts",#,"2023-01-01 07:06:26",active
"Lillie Metz",doug00@yahoo.com,"Savile Row Company Ltd",#,"2023-01-01 07:06:26",active
"Madison Flatley",preichert@conn.com,"Vision Direct UK",#,"2023-01-01 07:06:26",active
"Amanda Eichmann",kaycee.hermiston@krajcik.org,"Mankind UK",#,"2023-01-01 07:06:26",active
"Efren Hickle",gorczany.fae@thompson.biz,Post-a-Rose,#,"2023-01-01 07:06:26",active
"Bryce Barrows",ubogan@gmail.com,"Burton UK",#,"2023-01-01 07:06:26",active
"Garnet Brown",elmira.heaney@gulgowski.com,"Fitness Options",#,"2023-01-01 07:06:26",active
"Helene Lakin",durgan.golda@hotmail.com,Buyagift.co.uk,#,"2023-01-01 07:06:26",active
"Kim Little",cmitchell@medhurst.com,Mobiles.co.uk,#,"2023-01-01 07:06:26",active
"Anjali Kozey",orlo.lakin@mueller.com,"Fitness Options",#,"2023-01-01 07:06:26",active
"Valentine O'Reilly",pwitting@mckenzie.com,"Song Galaxy",#,"2023-01-01 07:06:26",active
"Wilhelm Bahringer",miller.dortha@yahoo.com,Create,#,"2023-01-01 07:06:26",active
"Leanna Beier",rlubowitz@yahoo.com,"Darlings of Chelsea",#,"2023-01-01 07:06:26",active
"Maryam Bergnaum",magdalena.runte@dickens.com,"Darlings of Chelsea",#,"2023-01-01 07:06:26",active
"Clarabelle Upton",kspencer@gmail.com,"Vintage Wine Gifts",#,"2023-01-01 07:06:26",active
"Greta Durgan",ross.powlowski@sanford.com,"Chocolate Trading Company",#,"2023-01-01 07:06:26",active
"Albertha Leannon",eli.quitzon@keeling.com,"Pharmacy2U Online Doctor",#,"2023-01-01 07:06:26",active
"Laurianne Kirlin",michele.olson@hotmail.com,"Advanced MP3 Players",#,"2023-01-01 07:06:26",active
"Tomasa Klocko",zupton@klocko.com,Prezzybox,#,"2023-01-01 07:06:26",active
"Odessa Rowe",devon54@harris.com,Post-a-Rose,#,"2023-01-01 07:06:26",active
"Dion Mante",hbashirian@kub.info,"Dorothy Perkins UK",#,"2023-01-01 07:06:26",active
"Queen Vandervort",corkery.rosanna@conn.net,"Savile Row Company Ltd",#,"2023-01-01 07:06:26",active
"Stephen Dach",catalina.paucek@yahoo.com,"The Safe Shop",#,"2023-01-01 07:06:26",active
"Cathy Beier",ofelia.kessler@ryan.com,"Vintage Wine Gifts",#,"2023-01-01 07:06:26",active
"Johnathon Volkman",kweissnat@hotmail.com,"Cast In Style",#,"2023-01-01 07:06:26",active
"Jammie Legros",antoinette.daugherty@hotmail.com,"Burton UK",#,"2023-01-01 07:06:26",active
"Richard Stokes",vhirthe@ferry.org,Buyagift.co.uk,#,"2023-01-01 07:06:26",active
"Susana Champlin",abshire.hulda@gutkowski.com,"Dorothy Perkins UK",#,"2023-01-01 07:06:26",active
"Brielle Durgan",macie52@weissnat.com,Names.co.uk,#,"2023-01-01 07:06:26",active
"Abdul Schaden",ibailey@gmail.com,"Chocolate Trading Company",#,"2023-01-01 07:06:26",active
"Eve Casper",rconsidine@treutel.com,"Vintage Wine Gifts",#,"2023-01-01 07:06:26",active
"Marianne Murphy",christian42@parker.com,"Pharmacy2U Online Doctor",#,"2023-01-01 07:06:26",active
"Dandre Hayes",djacobson@friesen.org,Bunches.co.uk,#,"2023-01-01 07:06:26",active
"Ron Rogahn",domenica.von@huel.com,Mobiles.co.uk,#,"2023-01-01 07:06:26",active
"Ryann Kuhic",bonita75@gmail.com,"Advanced MP3 Players",#,"2023-01-01 07:06:26",active
"Jana Beer",bcrona@gmail.com,Create,#,"2023-01-01 07:06:26",active
"Jaime Yundt",dominique.schulist@yahoo.com,"Advanced MP3 Players",#,"2023-01-01 07:06:26",active
"Nelle Wehner",haley.viva@beier.com,"Bed Star Ltd",#,"2023-01-01 07:06:26",active
"Evert Schuster",becker.johnny@cremin.com,TheDrinkShop,#,"2023-01-01 07:06:26",active
"Estrella Hane",pkrajcik@barton.com,"The Safe Shop",#,"2023-01-01 07:06:26",active
"Lea Grimes",pfeffer.ebony@stanton.com,"Tooled Up",#,"2023-01-01 07:06:26",active
"Marianne Murphy",christian42@parker.com,"Dorothy Perkins UK",#,"2023-01-01 07:06:26",active
"Katrina Mitchell",tessie.bernhard@yahoo.com,"Song Galaxy",#,"2023-01-01 07:06:26",active
"Brent Goyette",champlin.zelma@gmail.com,"Dorothy Perkins UK",#,"2023-01-01 07:06:26",active
"Laurianne Kirlin",michele.olson@hotmail.com,"Beauty Expert UK",#,"2023-01-01 07:06:26",active
"Monica Terry",kilback.adrian@shanahan.com,"Song Galaxy",#,"2023-01-01 07:06:26",active
"Belle Bosco",ystamm@yahoo.com,"Vintage Wine Gifts",#,"2023-01-01 07:06:26",active
"Grayce Pfeffer",heaney.walker@hotmail.com,InterRose,#,"2023-01-01 07:06:26",active
"Nickolas Frami",jacobson.tillman@bahringer.net,"Pharmacy2U Online Doctor",#,"2023-01-01 07:06:26",active
"Lowell Balistreri",kiana45@hotmail.com,Names.co.uk,#,"2023-01-01 07:06:26",active
"Maryam Mitchell",waldo.mcglynn@wolf.com,"Burton UK",#,"2023-01-01 07:06:26",active
"Elbert Beer",kyler.lebsack@hotmail.com,"The Safe Shop",#,"2023-01-01 07:06:26",active
"Jodie Champlin",patricia76@yahoo.com,"Vision Direct UK",#,"2023-01-01 07:06:26",active
"Helene Lakin",durgan.golda@hotmail.com,"Novatech Ltd",#,"2023-01-01 07:06:26",active
"Kamryn Hill",karina97@smitham.com,Mobiles.co.uk,#,"2023-01-01 07:06:26",active
"Elroy Gutkowski",koch.avery@gmail.com,CartridgeMonkey,#,"2023-01-01 07:06:26",active
"Aida Crooks",louvenia.koelpin@hotmail.com,Post-a-Rose,#,"2023-01-01 07:06:26",active
"Ed Rippin",xbotsford@hotmail.com,"Beauty Expert UK",#,"2023-01-01 07:06:25",active
"Vladimir Bernier",maximo09@sipes.com,"Vision Direct UK",#,"2023-01-01 07:06:25",active
"Tyrique Ondricka",shanahan.meggie@yahoo.com,"Pharmacy2U Online Doctor",#,"2023-01-01 07:06:25",active
"Sasha Nader",bailey89@schaden.com,"Serenata Flowers",#,"2023-01-01 07:06:25",active
"Madyson Eichmann",crunolfsson@mckenzie.org,Bunches.co.uk,#,"2023-01-01 07:06:25",active
"Arvel Feil",derrick15@abbott.com,"Tooled Up",#,"2023-01-01 07:06:25",active
"Velda Marks",jaylon69@becker.com,"The Safe Shop",#,"2023-01-01 07:06:25",active
"Gage Feil",wchristiansen@yahoo.com,"Darlings of Chelsea",#,"2023-01-01 07:06:25",active
"Jules Huel",von.laurianne@metz.org,"Ink Factory",#,"2023-01-01 07:06:25",active
"Verda Streich",gerry.lehner@hotmail.com,"Toffs Ltd",#,"2023-01-01 07:06:25",active
"Allene Nader",omari.schumm@cummerata.com,"Savile Row Company Ltd",#,"2023-01-01 07:06:25",active
"Lora Weber",brenden.schulist@hotmail.com,Names.co.uk,#,"2023-01-01 07:06:25",active
"Arlene Trantow",rohan.jamey@gmail.com,"Ink Factory",#,"2023-01-01 07:06:25",active
"Watson Lemke",pdamore@hotmail.com,"Chocolate Trading Company",#,"2023-01-01 07:06:25",active
"Stanton Fay",schneider.shayne@jones.com,"Scottsdale Golf",#,"2023-01-01 07:06:25",active
"Norbert Wolff",hahn.manuel@koepp.com,"Mankind UK",#,"2023-01-01 07:06:25",active
"Marlee O'Hara",blake03@ohara.com,"B & Q",#,"2023-01-01 07:06:25",active
"Adrien Gibson",dmitchell@labadie.com,InterRose,#,"2023-01-01 07:06:25",active
"Elisabeth Orn",wkutch@ortiz.com,"Serenata Flowers",#,"2023-01-01 07:06:25",active
"Monica Terry",kilback.adrian@shanahan.com,"Song Galaxy",#,"2023-01-01 07:06:25",active
"Lula Krajcik",clair.beier@koch.com,"Vision Direct UK",#,"2023-01-01 07:06:25",active
"Nellie Predovic",madilyn08@ondricka.org,"Darlings of Chelsea",#,"2023-01-01 07:06:25",active
"Marlee O'Hara",blake03@ohara.com,"Vintage Wine Gifts",#,"2023-01-01 07:06:25",active
"Brennon Gulgowski",iva.rau@yahoo.com,"Fitness Options",#,"2023-01-01 07:06:25",active
"Constance Schroeder",jude.kirlin@pouros.com,"Beauty Expert UK",#,"2023-01-01 07:06:25",active
"Laverna Hirthe",dickinson.valerie@yahoo.com,"A Quarter Of...",#,"2023-01-01 07:06:25",active
"Greta Durgan",ross.powlowski@sanford.com,"Novatech Ltd",#,"2023-01-01 07:06:25",active
"Leanna Heidenreich",luis.leannon@yahoo.com,Prezzybox,#,"2023-01-01 07:06:25",active
"Lori Runte",wolf.jay@yahoo.com,"Vision Direct UK",#,"2023-01-01 07:06:25",active
"Albertha Leannon",eli.quitzon@keeling.com,"Scottsdale Golf",#,"2023-01-01 07:06:25",active
"Marty Douglas",ezequiel.upton@feil.com,"Burton UK",#,"2023-01-01 07:06:25",active
"Jacky Barton",sheldon02@hotmail.com,"B & Q",#,"2023-01-01 07:06:25",active
"Mathilde Volkman",franecki.kaelyn@hotmail.com,"Cast In Style",#,"2023-01-01 07:06:25",active
"Ottis Thiel",fcruickshank@moore.com,"The Safe Shop",#,"2023-01-01 07:06:25",active
"Corene Sawayn",kathlyn.kuvalis@hotmail.com,"Vision Direct UK",#,"2023-01-01 07:06:25",active
"Omari Hammes",qhudson@yahoo.com,Mobiles.co.uk,#,"2023-01-01 07:06:25",active
"Onie Strosin",brekke.cierra@gmail.com,"B & Q",#,"2023-01-01 07:06:25",active
"Amara Kiehn",audra22@gmail.com,"Song Galaxy",#,"2023-01-01 07:06:25",active
"Antoinette Huels",rlubowitz@russel.info,"Beauty Expert UK",#,"2023-01-01 07:06:25",active
"Davion Emmerich",ccole@yahoo.com,"Dorothy Perkins UK",#,"2023-01-01 07:06:25",active
"Lora Weber",brenden.schulist@hotmail.com,"Vision Direct UK",#,"2023-01-01 07:06:25",active
"Madyson Eichmann",crunolfsson@mckenzie.org,"Ink Factory",#,"2023-01-01 07:06:25",active
"Coby Johns",sydnie13@emmerich.com,"B & Q",#,"2023-01-01 07:06:25",active
"Antoinette Huels",rlubowitz@russel.info,"Cast In Style",#,"2023-01-01 07:06:25",active
"Holly Smitham",aiyana94@hotmail.com,"TV Cables",#,"2023-01-01 07:06:25",active
"Alverta Gerhold",ewelch@gmail.com,"Tooled Up",#,"2023-01-01 07:06:25",active
"Meggie Gutmann",boris.ullrich@hotmail.com,"Cast In Style",#,"2023-01-01 07:06:25",active
"Jana Beer",bcrona@gmail.com,"Cadbury Gifts Direct",#,"2023-01-01 07:06:25",active
"Clint Murphy",pdavis@gmail.com,"Vision Direct UK",#,"2023-01-01 07:06:25",active
"Emil Hessel",mekhi.hirthe@hotmail.com,"TV Cables",#,"2023-01-01 07:06:25",active
"Seamus Littel",gibson.felicita@yahoo.com,"Fitness Options",#,"2023-01-01 07:06:25",active
"Savannah Davis",kgoldner@wyman.net,Bunches.co.uk,#,"2023-01-01 07:06:25",active
"Aurelia Friesen",courtney37@hotmail.com,Names.co.uk,#,"2023-01-01 07:06:25",active
"Haylee Morar",hettie11@yahoo.com,"Serenata Flowers",#,"2023-01-01 07:06:25",active
"Mariano Altenwerth",schaefer.cora@weimann.com,"Toffs Ltd",#,"2023-01-01 07:06:25",active
"Delbert Hartmann",bhodkiewicz@hotmail.com,"Vision Direct UK",#,"2023-01-01 07:06:25",active
"Bryce Barrows",ubogan@gmail.com,Fragrancedirect,#,"2023-01-01 07:06:25",active
"Percy Bogan",sporer.jeremy@gmail.com,"Savile Row Company Ltd",#,"2023-01-01 07:06:25",active
"Kristin Kovacek",wsipes@block.com,"Darlings of Chelsea",#,"2023-01-01 07:06:25",active
"Bret Hoppe",jacklyn97@maggio.com,"Burton UK",#,"2023-01-01 07:06:25",active
"Daren Gulgowski",akunze@dibbert.com,Bunches.co.uk,#,"2023-01-01 07:06:25",active
"Bailee Graham",wherman@gmail.com,Fragrancedirect,#,"2023-01-01 07:06:25",active
"Hank Oberbrunner",wunsch.merl@rice.info,"Burton UK",#,"2023-01-01 07:06:25",active
"Cassidy Frami",gnitzsche@hotmail.com,"Burton UK",#,"2023-01-01 07:06:25",active
"Jakayla Heathcote",fthompson@heathcote.com,CartridgeMonkey,#,"2023-01-01 07:06:25",active
"Zita Grady",angelo.wilkinson@yahoo.com,Awin,#,"2023-01-01 07:06:25",active
"Zoey O'Connell",klein.jeromy@goodwin.com,Bunches.co.uk,#,"2023-01-01 07:06:25",active
"Heaven Dibbert",elvis80@cormier.com,Fragrancedirect,#,"2023-01-01 07:06:25",active
"Lysanne Wolf",xkunde@bergnaum.com,"Burton UK",#,"2023-01-01 07:06:25",active
"Michaela Davis",yschulist@hotmail.com,Create,#,"2023-01-01 07:06:25",active
"Laurence Stroman",emelie.medhurst@yahoo.com,"Tooled Up",#,"2023-01-01 07:06:25",active
"Price Harvey",elmer72@toy.com,"Chocolate Trading Company",#,"2023-01-01 07:06:25",active
"Warren Upton",volkman.giovanny@abernathy.com,"Darlings of Chelsea",#,"2023-01-01 07:06:25",active
"Asha Mosciski",milford14@white.biz,"Dorothy Perkins UK",#,"2023-01-01 07:06:25",active
"Ibrahim Terry",ulises90@kuphal.com,"Bed Star Ltd",#,"2023-01-01 07:06:25",active
"Vernie Olson",rhackett@yahoo.com,"Dorothy Perkins UK",#,"2023-01-01 07:06:25",active
"William Predovic",jbradtke@jacobson.biz,TheDrinkShop,#,"2023-01-01 07:06:25",active
"Fanny Maggio",mkemmer@langosh.biz,"Savile Row Company Ltd",#,"2023-01-01 07:06:25",active
"Percy Bogan",sporer.jeremy@gmail.com,"Dorothy Perkins UK",#,"2023-01-01 07:06:25",active
"Roman Reynolds",alta.borer@hotmail.com,"Advanced MP3 Players",#,"2023-01-01 07:06:25",active
"Kristin McLaughlin",olin08@fay.com,InterRose,#,"2023-01-01 07:06:25",active
"Edythe Swaniawski",stark.noelia@yahoo.com,Awin,#,"2023-01-01 07:06:25",active
"Eliezer Cartwright",ariel53@gmail.com,"Song Galaxy",#,"2023-01-01 07:06:25",active
"Daron Runte",salma.monahan@boyle.com,"Cadbury Gifts Direct",#,"2023-01-01 07:06:25",active
"Katrina Mitchell",tessie.bernhard@yahoo.com,"Advanced MP3 Players",#,"2023-01-01 07:06:25",active
"Evangeline Gorczany",wbeahan@upton.biz,"Bed Star Ltd",#,"2023-01-01 07:06:25",active
"Destini Marks",gulgowski.nat@hotmail.com,"Cadbury Gifts Direct",#,"2023-01-01 07:06:25",active
"Deshaun Kuhn",ansel58@connelly.org,"Mankind UK",#,"2023-01-01 07:06:25",active
"Dolores Reichert",braxton.gleason@yahoo.com,"The Safe Shop",#,"2023-01-01 07:06:25",active
"Lula Yundt",konopelski.pierce@kirlin.com,"The Safe Shop",#,"2023-01-01 07:06:25",active
"Johnpaul Sanford",michaela28@bergnaum.com,"Beauty Expert UK",#,"2023-01-01 07:06:25",active
"Waylon Murray",mwest@oreilly.com,e2save,#,"2023-01-01 07:06:25",active
"Orlo Cormier",derek.barton@hotmail.com,"Advanced MP3 Players",#,"2023-01-01 07:06:25",active
"Leta Kozey",betsy54@gmail.com,"Bed Star Ltd",#,"2023-01-01 07:06:25",active
"Kiera Rogahn",timmy.cormier@hotmail.com,Awin,#,"2023-01-01 07:06:25",active
"Glennie Stanton",kayley19@hotmail.com,Bunches.co.uk,#,"2023-01-01 07:06:25",active
"Golda Gottlieb",oreilly.jace@corkery.com,"Scottsdale Golf",#,"2023-01-01 07:06:25",active
"Danielle Hayes",koelpin.deondre@hand.com,"A Quarter Of...",#,"2023-01-01 07:06:25",active
"Maye Bayer",alexanne.heidenreich@gmail.com,"Chocolate Trading Company",#,"2023-01-01 07:06:25",active
"Josie Raynor",kconsidine@hotmail.com,Mobiles.co.uk,#,"2023-01-01 07:06:25",active
"Elinore Turcotte",ismith@yahoo.com,"Ink Factory",#,"2023-01-01 07:06:25",active
"Wava Hilpert",willms.lucio@swaniawski.com,"Cadbury Gifts Direct",#,"2023-01-01 07:06:25",active
"August Howe",tkihn@durgan.net,Names.co.uk,#,"2023-01-01 07:06:25",active
"Fernando Waters",padberg.veronica@hotmail.com,"Vision Direct UK",#,"2023-01-01 07:06:25",active
"Cletus Schimmel",aswaniawski@yahoo.com,"Song Galaxy",#,"2023-01-01 07:06:25",active
"Arlene Trantow",rohan.jamey@gmail.com,"Advanced MP3 Players",#,"2023-01-01 07:06:25",active
"Zaria Reynolds",vivienne17@yahoo.com,CartridgeMonkey,#,"2023-01-01 07:06:25",active
"Pearlie Waelchi",heber51@torphy.info,"Vision Direct UK",#,"2023-01-01 07:06:25",active
"Ceasar Collier",rebekah.upton@gmail.com,"Dorothy Perkins UK",#,"2023-01-01 07:06:25",active
"Gerardo Weber",cecilia21@yahoo.com,"The Safe Shop",#,"2023-01-01 07:06:25",active
"Vaughn Hoeger",jamar.sipes@runolfsdottir.com,"Cadbury Gifts Direct",#,"2023-01-01 07:06:25",active
"Ottilie Nicolas",plehner@streich.net,"Burton UK",#,"2023-01-01 07:06:25",active
"Jeanette Hammes",rheller@rosenbaum.biz,Buyagift.co.uk,#,"2023-01-01 07:06:25",active
"Novella Schaden",oleuschke@rempel.com,"B & Q",#,"2023-01-01 07:06:25",active
"Yasmine Effertz",jakubowski.toby@yahoo.com,InterRose,#,"2023-01-01 07:06:25",active
"Baylee Purdy",catalina78@hotmail.com,Fragrancedirect,#,"2023-01-01 07:06:25",active
"Efren Jakubowski",bruce.macejkovic@hotmail.com,"Scottsdale Golf",#,"2023-01-01 07:06:25",active
"Kiera Rogahn",timmy.cormier@hotmail.com,"Dorothy Perkins UK",#,"2023-01-01 07:06:25",active
"Oscar Wilderman",talon15@yahoo.com,"Cadbury Gifts Direct",#,"2023-01-01 07:06:25",active
"Eleanora Goldner",jreichel@yahoo.com,Fragrancedirect,#,"2023-01-01 07:06:25",active
"Garnet Brown",elmira.heaney@gulgowski.com,"Ink Factory",#,"2023-01-01 07:06:25",active
"Retta Wunsch",bstiedemann@tillman.org,Bunches.co.uk,#,"2023-01-01 07:06:25",active
"Josie Raynor",kconsidine@hotmail.com,"Dorothy Perkins UK",#,"2023-01-01 07:06:25",active
"Sage Schoen",hills.douglas@gmail.com,"Vision Direct UK",#,"2023-01-01 07:06:25",active
"Milan Breitenberg",lkshlerin@kunde.com,"B & Q",#,"2023-01-01 07:06:25",active
"Jameson Mraz",kenneth.jerde@gmail.com,Create,#,"2023-01-01 07:06:25",active
"Dorris Deckow",devon71@yahoo.com,"Dorothy Perkins UK",#,"2023-01-01 07:06:25",active
"Nona Stroman",lwilkinson@harris.com,"Savile Row Company Ltd",#,"2023-01-01 07:06:25",active
"Nia Lindgren",lschuster@gmail.com,"Burton UK",#,"2023-01-01 07:06:25",active
"Joy Flatley",gusikowski.leland@boyer.com,"Novatech Ltd",#,"2023-01-01 07:06:25",active
"Destini Marks",gulgowski.nat@hotmail.com,Buyagift.co.uk,#,"2023-01-01 07:06:25",active
"Iliana Schmeler",qblock@huel.com,e2save,#,"2023-01-01 07:06:25",active
"Keeley Ullrich",jast.isai@pagac.org,"Serenata Flowers",#,"2023-01-01 07:06:25",active
"Marianne Murphy",christian42@parker.com,"Scottsdale Golf",#,"2023-01-01 07:06:25",active
"Annette Wiegand",carrie.baumbach@gmail.com,"B & Q",#,"2023-01-01 07:06:25",active
"Andre Wyman",wisoky.cielo@gmail.com,"Vision Direct UK",#,"2023-01-01 07:06:25",active
"Albin Treutel",wnikolaus@hotmail.com,"TV Cables",#,"2023-01-01 07:06:25",active
"Nyasia Hilpert",ebeier@berge.biz,"Song Galaxy",#,"2023-01-01 07:06:25",active
"Amanda Stracke",trystan.hane@mante.biz,"Vision Direct UK",#,"2023-01-01 07:06:25",active
"Price Harvey",elmer72@toy.com,"Chocolate Trading Company",#,"2023-01-01 07:06:25",active
"Mose Casper",gaylord.maudie@gmail.com,"Bed Star Ltd",#,"2023-01-01 07:06:25",active
"Lew Stehr",kendall18@gmail.com,"Dorothy Perkins UK",#,"2023-01-01 07:06:25",active
"Jeanette Hammes",rheller@rosenbaum.biz,CartridgeMonkey,#,"2023-01-01 07:06:25",active
"Emerald Keebler",goodwin.deanna@hotmail.com,Prezzybox,#,"2023-01-01 07:06:25",active
"Zoey O'Connell",klein.jeromy@goodwin.com,"Bed Star Ltd",#,"2023-01-01 07:06:25",active
"Jaida Harvey",manuela84@kemmer.com,"Cadbury Gifts Direct",#,"2023-01-01 07:06:25",active
"Holly Smitham",aiyana94@hotmail.com,Buyagift.co.uk,#,"2023-01-01 07:06:25",active
"Susana Champlin",abshire.hulda@gutkowski.com,"Burton UK",#,"2023-01-01 07:06:25",active
"Nakia Jacobson",mjast@yahoo.com,"Savile Row Company Ltd",#,"2023-01-01 07:06:25",active
"Oliver Johnston",leannon.jaquelin@hotmail.com,Mobiles.co.uk,#,"2023-01-01 07:06:25",active
"Kelley Bernier",casimir.cummings@mccullough.com,"Fitness Options",#,"2023-01-01 07:06:25",active
"Alexanne Hickle",turner.kimberly@yahoo.com,"Chocolate Trading Company",#,"2023-01-01 07:06:25",active
"Serenity Haag",nicola24@hotmail.com,e2save,#,"2023-01-01 07:06:25",active
"Tito O'Reilly",sven.reichel@gutkowski.com,"Dorothy Perkins UK",#,"2023-01-01 07:06:25",active
"Lambert Bechtelar",raleigh35@yahoo.com,InterRose,#,"2023-01-01 07:06:25",active
"Alycia Walter",kody.bode@hotmail.com,InterRose,#,"2023-01-01 07:06:25",active
"Salvatore Senger",juliana64@yahoo.com,Mobiles.co.uk,#,"2023-01-01 07:06:25",active
"Lilla Orn",sipes.darrick@gmail.com,Awin,#,"2023-01-01 07:06:25",active
"Ellen Mills",abdullah45@hotmail.com,"Burton UK",#,"2023-01-01 07:06:25",active
"Edwin Mraz",kmurphy@gmail.com,Names.co.uk,#,"2023-01-01 07:06:25",active
"Willis Cartwright",katelin28@kuhn.com,"Cadbury Gifts Direct",#,"2023-01-01 07:06:25",active
"Raheem Schimmel",eliseo86@stokes.com,Buyagift.co.uk,#,"2023-01-01 07:06:25",active
"Stanton Fay",schneider.shayne@jones.com,"Fitness Options",#,"2023-01-01 07:06:25",active
"Monica Terry",kilback.adrian@shanahan.com,"B & Q",#,"2023-01-01 07:06:25",active
"Brandi Bogisich",jheidenreich@jacobson.info,"Ink Factory",#,"2023-01-01 07:06:25",active
"Ardella O'Reilly",qkreiger@yahoo.com,"B & Q",#,"2023-01-01 07:06:25",active
"Darrin Bauch",dicki.erin@hotmail.com,"Bed Star Ltd",#,"2023-01-01 07:06:25",active
"Brandi Bogisich",jheidenreich@jacobson.info,"TV Cables",#,"2023-01-01 07:06:25",active
"Laverna Hirthe",dickinson.valerie@yahoo.com,Awin,#,"2023-01-01 07:06:25",active
"Bailey Mertz",shakira83@conn.com,"B & Q",#,"2023-01-01 07:06:25",active
"Ernest Bechtelar",njones@dickinson.com,"Novatech Ltd",#,"2023-01-01 07:06:25",active
"Nelson Mitchell",hammes.christina@hotmail.com,"Burton UK",#,"2023-01-01 07:06:25",active
"Helmer Senger",mohammad.auer@yahoo.com,"Cast In Style",#,"2023-01-01 07:06:25",active
"Providenci Ebert",sanford57@klein.info,"Cast In Style",#,"2023-01-01 07:06:25",active
"Keeley Ullrich",jast.isai@pagac.org,"Cast In Style",#,"2023-01-01 07:06:25",active
"Zoey O'Connell",klein.jeromy@goodwin.com,InterRose,#,"2023-01-01 07:06:25",active
"Chelsea Lesch",cristal.rosenbaum@bahringer.com,"Beauty Expert UK",#,"2023-01-01 07:06:25",active
"Larissa Considine",bobby54@schneider.biz,"Appliance City",#,"2023-01-01 07:06:25",active
"Eladio Baumbach",hillard07@gmail.com,"Savile Row Company Ltd",#,"2023-01-01 07:06:25",active
"Danielle Hayes",koelpin.deondre@hand.com,"Advanced MP3 Players",#,"2023-01-01 07:06:25",active
"Winona Lakin",klein.madge@schneider.info,"TV Cables",#,"2023-01-01 07:06:25",active
"Jameson Mraz",kenneth.jerde@gmail.com,CartridgeMonkey,#,"2023-01-01 07:06:25",active
"Paolo Wehner",alec64@mills.info,"Tooled Up",#,"2023-01-01 07:06:25",active
"Casandra Jast",keeling.frederic@hotmail.com,"B & Q",#,"2023-01-01 07:06:25",active
"Helmer Blick",jenkins.edd@kessler.com,"Tooled Up",#,"2023-01-01 07:06:25",active
"Brain Rutherford",francis.corkery@yahoo.com,"B & Q",#,"2023-01-01 07:06:25",active
"Silas Jacobi",white.mabel@stroman.org,"Tooled Up",#,"2023-01-01 07:06:25",active
"Coy Swaniawski",quitzon.wava@hotmail.com,"Darlings of Chelsea",#,"2023-01-01 07:06:25",active
"Georgianna Bernier",jude.terry@hotmail.com,InterRose,#,"2023-01-01 07:06:25",active
"Hershel Howe",freeman16@anderson.com,"Pharmacy2U Online Doctor",#,"2023-01-01 07:06:25",active
"Tomasa Klocko",zupton@klocko.com,"TV Cables",#,"2023-01-01 07:06:25",active
"Everardo Hagenes",madie47@hotmail.com,"Dorothy Perkins UK",#,"2023-01-01 07:06:25",active
"Beverly Auer",rutherford.arvid@yahoo.com,"Tooled Up",#,"2023-01-01 07:06:25",active
"Coty Abernathy",dalton95@hotmail.com,Buyagift.co.uk,#,"2023-01-01 07:06:25",active
"Chelsea Lesch",cristal.rosenbaum@bahringer.com,CartridgeMonkey,#,"2023-01-01 07:06:25",active
"Seamus Berge",soledad.donnelly@hayes.com,Names.co.uk,#,"2023-01-01 07:06:25",active
"Deven Treutel",kconroy@gmail.com,CartridgeMonkey,#,"2023-01-01 07:06:25",active
"Else Cormier",egusikowski@bechtelar.biz,"Savile Row Company Ltd",#,"2023-01-01 07:06:25",active
"Blake Ernser",tyrell81@hotmail.com,Fragrancedirect,#,"2023-01-01 07:06:25",active
"Oda Shanahan",effie88@gmail.com,InterRose,#,"2023-01-01 07:06:25",active
"Andreane Marks",cecilia.spinka@ziemann.org,CartridgeMonkey,#,"2023-01-01 07:06:25",active
"Florine Mertz",zlangosh@sawayn.biz,Prezzybox,#,"2023-01-01 07:06:25",active
"Harrison Murphy",rrath@hotmail.com,"Novatech Ltd",#,"2023-01-01 07:06:25",active
"Quincy Walsh",trinity.ritchie@hotmail.com,Post-a-Rose,#,"2023-01-01 07:06:25",active
"Friedrich Smith",ngulgowski@haag.com,"Ink Factory",#,"2023-01-01 07:06:25",active
"Efren Hickle",gorczany.fae@thompson.biz,"Song Galaxy",#,"2023-01-01 07:06:25",active
"Genesis Collier",dickens.brennan@runte.info,"Beauty Expert UK",#,"2023-01-01 07:06:25",active
"Vidal Kuhlman",marielle84@flatley.net,Bunches.co.uk,#,"2023-01-01 07:06:25",active
"Esmeralda Ernser",chaya62@yahoo.com,"Burton UK",#,"2023-01-01 07:06:25",active
"Anika Stark",robel.carol@goodwin.com,TheDrinkShop,#,"2023-01-01 07:06:25",active
"Paxton Kuhlman",zbogan@gmail.com,Names.co.uk,#,"2023-01-01 07:06:25",active
"Queen Vandervort",corkery.rosanna@conn.net,"Ink Factory",#,"2023-01-01 07:06:25",active
"Cydney Mraz",ewell29@bayer.biz,"Burton UK",#,"2023-01-01 07:06:25",active
"Roselyn Bednar",gaylord.enrico@aufderhar.com,"Advanced MP3 Players",#,"2023-01-01 07:06:25",active
"Fredy Trantow",akohler@wisozk.com,"Serenata Flowers",#,"2023-01-01 07:06:25",active
"Ibrahim Terry",ulises90@kuphal.com,"Tooled Up",#,"2023-01-01 07:06:25",active
"Omari Hammes",qhudson@yahoo.com,Mobiles.co.uk,#,"2023-01-01 07:06:25",active
"Amanda Eichmann",kaycee.hermiston@krajcik.org,Fragrancedirect,#,"2023-01-01 07:06:25",active
"Israel Kuvalis",johnson17@yahoo.com,"A Quarter Of...",#,"2023-01-01 07:06:25",active
"Maynard Dickinson",kareem.brekke@wolff.org,"B & Q",#,"2023-01-01 07:06:25",active
"Maryam Bergnaum",magdalena.runte@dickens.com,"Chocolate Trading Company",#,"2023-01-01 07:06:25",active
"Valentin Toy",melvin33@moen.com,Prezzybox,#,"2023-01-01 07:06:25",active
"Helene Lakin",durgan.golda@hotmail.com,Post-a-Rose,#,"2023-01-01 07:06:25",active
"Cletus Pollich",qhartmann@yahoo.com,Fragrancedirect,#,"2023-01-01 07:06:25",active
"Bella Gulgowski",dewayne.leuschke@goldner.com,"Toffs Ltd",#,"2023-01-01 07:06:25",active
"Noe Hodkiewicz",clint.stiedemann@hotmail.com,Buyagift.co.uk,#,"2023-01-01 07:06:25",active
"Willow Buckridge",bahringer.colin@dicki.com,"Dorothy Perkins UK",#,"2023-01-01 07:06:25",active
"Luisa Marquardt",bernhard.ruthe@kulas.info,"B & Q",#,"2023-01-01 07:06:25",active
"Vivianne Quigley",ybode@gorczany.com,"Appliance City",#,"2023-01-01 07:06:25",active
"Jules Huel",von.laurianne@metz.org,"Cadbury Gifts Direct",#,"2023-01-01 07:06:25",active
"Jacquelyn Hoeger",fay.nikita@corkery.org,"Cast In Style",#,"2023-01-01 07:06:25",active
"Albin Treutel",wnikolaus@hotmail.com,"Darlings of Chelsea",#,"2023-01-01 07:06:25",active
"Marlen Quitzon",lockman.kendra@hotmail.com,"TV Cables",#,"2023-01-01 07:06:25",active
"Angel Hill",smitham.kiana@nader.net,"Chocolate Trading Company",#,"2023-01-01 07:06:25",active
"Mckayla Treutel",breanna56@hotmail.com,"Savile Row Company Ltd",#,"2023-01-01 07:06:25",active
"Kathlyn Bernhard",lakin.abraham@yahoo.com,"Advanced MP3 Players",#,"2023-01-01 07:06:25",active
"Lucy Lueilwitz",zthiel@yahoo.com,"Bed Star Ltd",#,"2023-01-01 07:06:25",active
"Nia Lindgren",lschuster@gmail.com,"Tooled Up",#,"2023-01-01 07:06:25",active
"Sandra Kling",jmann@braun.net,CartridgeMonkey,#,"2023-01-01 07:06:25",active
"Cornelius Monahan",antonietta06@gmail.com,"Serenata Flowers",#,"2023-01-01 07:06:25",active
"Darrin Glover",norris.rutherford@harris.info,Names.co.uk,#,"2023-01-01 07:06:25",active
"Carleton Fahey",megane46@predovic.info,"Mankind UK",#,"2023-01-01 07:06:25",active
"Maximilian Wisozk",benny.stark@murphy.com,Bunches.co.uk,#,"2023-01-01 07:06:25",active
"Ross Haley",jkoelpin@gaylord.org,"Song Galaxy",#,"2023-01-01 07:06:25",active
"Laverna Hirthe",dickinson.valerie@yahoo.com,Fragrancedirect,#,"2023-01-01 07:06:25",active
"Jacques White",vveum@price.com,"Appliance City",#,"2023-01-01 07:06:25",active
"Leanna King",qlittel@hotmail.com,Mobiles.co.uk,#,"2023-01-01 07:06:25",active
"Verda Lowe",ebba99@heaney.com,"Vision Direct UK",#,"2023-01-01 07:06:25",active
"Ivah Cremin",bswaniawski@zboncak.com,InterRose,#,"2023-01-01 07:06:25",active
"Skye Haley",cecelia13@gmail.com,"Burton UK",#,"2023-01-01 07:06:25",active
"Hiram Gaylord",qtillman@gibson.com,"Ink Factory",#,"2023-01-01 07:06:25",active
"Korbin Rippin",benton22@heathcote.com,"Chocolate Trading Company",#,"2023-01-01 07:06:25",active
"Deshaun Kuhn",ansel58@connelly.org,"Savile Row Company Ltd",#,"2023-01-01 07:06:25",active
"Franco Padberg",freddie.fadel@hotmail.com,Names.co.uk,#,"2023-01-01 07:06:25",active
"Coy Swaniawski",quitzon.wava@hotmail.com,Post-a-Rose,#,"2023-01-01 07:06:25",active
"Letha Armstrong",alden.douglas@hotmail.com,"Dorothy Perkins UK",#,"2023-01-01 07:06:25",active
"Bailey Mertz",shakira83@conn.com,"Beauty Expert UK",#,"2023-01-01 07:06:25",active
"Lauriane Lesch",genevieve48@rippin.net,Fragrancedirect,#,"2023-01-01 07:06:25",active
"Waylon Murray",mwest@oreilly.com,"Cadbury Gifts Direct",#,"2023-01-01 07:06:25",active
"Herta Skiles",mafalda94@oconner.net,"The Safe Shop",#,"2023-01-01 07:06:25",active
"Laurence Stroman",emelie.medhurst@yahoo.com,"Vintage Wine Gifts",#,"2023-01-01 07:06:25",active
"Antone Parker",gregory55@kilback.info,e2save,#,"2023-01-01 07:06:25",active
"Johnathan Miller",misty.mayer@yahoo.com,Fragrancedirect,#,"2023-01-01 07:06:25",active
"Scotty Kiehn",dbraun@harvey.com,e2save,#,"2023-01-01 07:06:25",active
"Darrin Bauch",dicki.erin@hotmail.com,Names.co.uk,#,"2023-01-01 07:06:25",active
"Amanda Stracke",trystan.hane@mante.biz,"Darlings of Chelsea",#,"2023-01-01 07:06:25",active
"Leslie Weber",lila.kiehn@hotmail.com,Awin,#,"2023-01-01 07:06:25",active
"Cristal Ziemann",mossie.gottlieb@kautzer.com,InterRose,#,"2023-01-01 07:06:25",active
"Efrain Reichel",farrell.flavie@yahoo.com,"Burton UK",#,"2023-01-01 07:06:25",active
"Orlo Dooley",israel.fahey@hotmail.com,"Fitness Options",#,"2023-01-01 07:06:25",active
"Fletcher Weissnat",ischimmel@feeney.com,"Novatech Ltd",#,"2023-01-01 07:06:25",active
"Joana Ferry",gislason.louie@yahoo.com,"Mankind UK",#,"2023-01-01 07:06:25",active
"Jon Harvey",hyatt.chadrick@monahan.com,"Cadbury Gifts Direct",#,"2023-01-01 07:06:25",active
"Ettie Runte",dahlia.funk@metz.com,"Vintage Wine Gifts",#,"2023-01-01 07:06:25",active
"Leslie Thompson",willms.muhammad@yahoo.com,"Serenata Flowers",#,"2023-01-01 07:06:25",active
"Keshaun Konopelski",eladio48@ziemann.info,"TV Cables",#,"2023-01-01 07:06:25",active
"Ramon VonRueden",alessia.koss@lehner.com,"Vision Direct UK",#,"2023-01-01 07:06:25",active
"Dasia Mraz",sincere81@yahoo.com,e2save,#,"2023-01-01 07:06:25",active
"Josefina Bernhard",estella33@gmail.com,Fragrancedirect,#,"2023-01-01 07:06:25",active
"Retta Wunsch",bstiedemann@tillman.org,e2save,#,"2023-01-01 07:06:25",active
"Albertha Leannon",eli.quitzon@keeling.com,Fragrancedirect,#,"2023-01-01 07:06:25",active
"Evert Schuster",becker.johnny@cremin.com,CartridgeMonkey,#,"2023-01-01 07:06:25",active
"Elvis Goyette",merl28@hotmail.com,"Appliance City",#,"2023-01-01 07:06:25",active
"Kenyon Denesik",kassulke.florencio@yahoo.com,"Burton UK",#,"2023-01-01 07:06:25",active
"Cydney Mraz",ewell29@bayer.biz,InterRose,#,"2023-01-01 07:06:25",active
"Shany Larson",iconnelly@padberg.com,Buyagift.co.uk,#,"2023-01-01 07:06:25",active
"Elian Williamson",marcelle.stracke@hotmail.com,"Cadbury Gifts Direct",#,"2023-01-01 07:06:25",active
"Cletus Pollich",qhartmann@yahoo.com,"Ink Factory",#,"2023-01-01 07:06:25",active
"Zita Grady",angelo.wilkinson@yahoo.com,Names.co.uk,#,"2023-01-01 07:06:25",active
"Stephen Dach",catalina.paucek@yahoo.com,Bunches.co.uk,#,"2023-01-01 07:06:25",active
"Percy Armstrong",dmclaughlin@oberbrunner.biz,Buyagift.co.uk,#,"2023-01-01 07:06:25",active
"Willow Hettinger",gjakubowski@yahoo.com,"Scottsdale Golf",#,"2023-01-01 07:06:25",active
"Vaughn Hoeger",jamar.sipes@runolfsdottir.com,"Appliance City",#,"2023-01-01 07:06:25",active
"Oscar Schmeler",kristina21@yahoo.com,Post-a-Rose,#,"2023-01-01 07:06:25",active
"Juliet Prosacco",nolson@hegmann.info,Mobiles.co.uk,#,"2023-01-01 07:06:25",active
"Monserrat Keebler",wwaters@gmail.com,"Burton UK",#,"2023-01-01 07:06:25",active
"Jaida Harvey",manuela84@kemmer.com,Awin,#,"2023-01-01 07:06:25",active
"Samanta Kulas",immanuel43@hotmail.com,"Vision Direct UK",#,"2023-01-01 07:06:24",active
"Jacquelyn Hoeger",fay.nikita@corkery.org,InterRose,#,"2023-01-01 07:06:24",active
"Kelley Bernier",casimir.cummings@mccullough.com,"Serenata Flowers",#,"2023-01-01 07:06:24",active
"Alvena Funk",kleannon@yahoo.com,"The Safe Shop",#,"2023-01-01 07:06:24",active
"Jaqueline Schneider",gerlach.brant@frami.com,"Vision Direct UK",#,"2023-01-01 07:06:24",active
"Wilhelm Bahringer",miller.dortha@yahoo.com,"TV Cables",#,"2023-01-01 07:06:24",active
"Joe Cummings",chanel48@gmail.com,"B & Q",#,"2023-01-01 07:06:24",active
"Selina Larkin",balistreri.vernice@yahoo.com,"Tooled Up",#,"2023-01-01 07:06:24",active
"Pink Kautzer",marks.jace@koss.com,"B & Q",#,"2023-01-01 07:06:24",active
"Kraig Jones",westley38@yahoo.com,"Mankind UK",#,"2023-01-01 07:06:24",active
"Brianne Wehner",rosa61@tremblay.com,"A Quarter Of...",#,"2023-01-01 07:06:24",active
"Ashleigh Koelpin",csimonis@hotmail.com,"Dorothy Perkins UK",#,"2023-01-01 07:06:24",active
"Sherwood Nader",rkreiger@gmail.com,"Cadbury Gifts Direct",#,"2023-01-01 07:06:24",active
"Candice Herman",dolly36@durgan.com,InterRose,#,"2023-01-01 07:06:24",active
"Selina Larkin",balistreri.vernice@yahoo.com,CartridgeMonkey,#,"2023-01-01 07:06:24",active
"Carrie Greenfelder",marilie75@gmail.com,Post-a-Rose,#,"2023-01-01 07:06:24",active
"Kamryn Hill",karina97@smitham.com,"Cast In Style",#,"2023-01-01 07:06:24",active
"Gerardo Weber",cecilia21@yahoo.com,Buyagift.co.uk,#,"2023-01-01 07:06:24",active
"Kathlyn Bernhard",lakin.abraham@yahoo.com,"A Quarter Of...",#,"2023-01-01 07:06:24",active
"Ralph Rogahn",letha.okeefe@yahoo.com,"Cadbury Gifts Direct",#,"2023-01-01 07:06:24",active
"Genesis Collier",dickens.brennan@runte.info,"A Quarter Of...",#,"2023-01-01 07:06:24",active
"Brendon Rohan",okeefe.caroline@yahoo.com,"Vintage Wine Gifts",#,"2023-01-01 07:06:24",active
"Juston Thiel",rosalia.wolf@hotmail.com,"Pharmacy2U Online Doctor",#,"2023-01-01 07:06:24",active
"Kelsi Hartmann",geoffrey.wyman@mcclure.info,"Burton UK",#,"2023-01-01 07:06:24",active
"Carleton Rolfson",amya05@gmail.com,Create,#,"2023-01-01 07:06:24",active
"Rosemarie Schimmel",avonrueden@rippin.com,"Vision Direct UK",#,"2023-01-01 07:06:24",active
"Gerardo Weber",cecilia21@yahoo.com,"Darlings of Chelsea",#,"2023-01-01 07:06:24",active
"Juston Thiel",rosalia.wolf@hotmail.com,Fragrancedirect,#,"2023-01-01 07:06:24",active
"Skyla Von",kaycee03@gmail.com,"Fitness Options",#,"2023-01-01 07:06:24",active
"Jules Huel",von.laurianne@metz.org,"Cast In Style",#,"2023-01-01 07:06:24",active
"Wilhelm Bahringer",miller.dortha@yahoo.com,"A Quarter Of...",#,"2023-01-01 07:06:24",active
"Stephen Reinger",loyce.bogisich@hotmail.com,"Ink Factory",#,"2023-01-01 07:06:24",active
"Jameson Mraz",kenneth.jerde@gmail.com,"Beauty Expert UK",#,"2023-01-01 07:06:24",active
"Declan Corkery",sgutkowski@hotmail.com,"B & Q",#,"2023-01-01 07:06:24",active
"Asha Mosciski",milford14@white.biz,"Novatech Ltd",#,"2023-01-01 07:06:24",active
"Jack Steuber",juliet51@fay.net,Bunches.co.uk,#,"2023-01-01 07:06:24",active
"Mireille Zieme",dibbert.minnie@murazik.net,Awin,#,"2023-01-01 07:06:24",active
"Cynthia Reinger",cfriesen@hotmail.com,TheDrinkShop,#,"2023-01-01 07:06:24",active
"Ryann Kuhic",bonita75@gmail.com,"A Quarter Of...",#,"2023-01-01 07:06:24",active
"Julian Zulauf",lauriane.kuhic@gmail.com,"The Safe Shop",#,"2023-01-01 07:06:24",active
"Sasha Lehner",runte.katelin@gmail.com,"Novatech Ltd",#,"2023-01-01 07:06:24",active
"Mariano Labadie",gaylord.upton@yahoo.com,"Cast In Style",#,"2023-01-01 07:06:24",active
"Queenie Farrell",xkuhic@ratke.org,Bunches.co.uk,#,"2023-01-01 07:06:24",active
"Stanford Koelpin",abernathy.oleta@hotmail.com,"Mankind UK",#,"2023-01-01 07:06:24",active
"Michael Watsica",danika.strosin@gmail.com,"Novatech Ltd",#,"2023-01-01 07:06:24",active
"Otho Daniel",donnie71@gmail.com,"Dorothy Perkins UK",#,"2023-01-01 07:06:24",active
"Laila Schumm",ykuhic@konopelski.com,"Burton UK",#,"2023-01-01 07:06:24",active
"Everardo Hagenes",madie47@hotmail.com,Awin,#,"2023-01-01 07:06:24",active
"Bettye Satterfield",jamaal.sawayn@torp.com,"Pharmacy2U Online Doctor",#,"2023-01-01 07:06:24",active
"Wilfrid Friesen",pollich.destany@homenick.com,CartridgeMonkey,#,"2023-01-01 07:06:24",active
"Princess Mante",reichel.elouise@oreilly.info,"Advanced MP3 Players",#,"2023-01-01 07:06:24",active
"Maryse Koelpin",arne.ebert@orn.com,"Toffs Ltd",#,"2023-01-01 07:06:24",active
"Wilhelm Bahringer",miller.dortha@yahoo.com,"Pharmacy2U Online Doctor",#,"2023-01-01 07:06:24",active
"Erich Jaskolski",jonatan.schneider@yahoo.com,"Toffs Ltd",#,"2023-01-01 07:06:24",active
"Cooper Brown",avery23@satterfield.biz,Fragrancedirect,#,"2023-01-01 07:06:24",active
"Alexa Towne",aaron65@ward.net,Create,#,"2023-01-01 07:06:24",active
"Narciso Conroy",sarina.nienow@hotmail.com,"TV Cables",#,"2023-01-01 07:06:24",active
"Ibrahim Terry",ulises90@kuphal.com,"Advanced MP3 Players",#,"2023-01-01 07:06:24",active
"Stanton Fay",schneider.shayne@jones.com,"Vintage Wine Gifts",#,"2023-01-01 07:06:24",active
"Ivah Cremin",bswaniawski@zboncak.com,Buyagift.co.uk,#,"2023-01-01 07:06:24",active
"Cydney Mraz",ewell29@bayer.biz,"Chocolate Trading Company",#,"2023-01-01 07:06:24",active
"Stone Hayes",megane.tromp@yahoo.com,Post-a-Rose,#,"2023-01-01 07:06:24",active
"Adrianna Heller",wklocko@yahoo.com,"Scottsdale Golf",#,"2023-01-01 07:06:24",active
"Esmeralda Ernser",chaya62@yahoo.com,"Cadbury Gifts Direct",#,"2023-01-01 07:06:24",active
"Maritza Kunze",evans.rath@gmail.com,"Appliance City",#,"2023-01-01 07:06:24",active
"Theron Harber",fnolan@gmail.com,"Vintage Wine Gifts",#,"2023-01-01 07:06:24",active
"Johnathan Miller",misty.mayer@yahoo.com,TheDrinkShop,#,"2023-01-01 07:06:24",active
"Marley Wunsch",freddie98@hotmail.com,e2save,#,"2023-01-01 07:06:24",active
"Eladio Baumbach",hillard07@gmail.com,Bunches.co.uk,#,"2023-01-01 07:06:24",active
"Jeromy Baumbach",morissette.anibal@hotmail.com,TheDrinkShop,#,"2023-01-01 07:06:24",active
"Hillard Miller",emma.swaniawski@yahoo.com,"Savile Row Company Ltd",#,"2023-01-01 07:06:24",active
"Kaylie Trantow",lmertz@blanda.com,"Fitness Options",#,"2023-01-01 07:06:24",active
"Emmy Kozey",kemmer.muriel@price.com,"Tooled Up",#,"2023-01-01 07:06:24",active
"Ambrose Kassulke",anais.robel@torp.com,Bunches.co.uk,#,"2023-01-01 07:06:24",active
"Ezra Ferry",roconnell@gmail.com,"Mankind UK",#,"2023-01-01 07:06:24",active
"Theodora Klocko",crawford.schowalter@hotmail.com,CartridgeMonkey,#,"2023-01-01 07:06:24",active
"Amanda Eichmann",kaycee.hermiston@krajcik.org,"Cast In Style",#,"2023-01-01 07:06:24",active
"Mariam Waters",johnston.jeffery@cartwright.net,"Fitness Options",#,"2023-01-01 07:06:24",active
"Antone Cartwright",roberts.sandy@fisher.com,Create,#,"2023-01-01 07:06:24",active
"Jasper Block",johnnie71@tillman.com,Buyagift.co.uk,#,"2023-01-01 07:06:24",active
"Hailey Schuster",antonina04@hotmail.com,Bunches.co.uk,#,"2023-01-01 07:06:24",active
"Vito Breitenberg",hagenes.freeman@yahoo.com,TheDrinkShop,#,"2023-01-01 07:06:24",active
"Deshaun Kuhn",ansel58@connelly.org,e2save,#,"2023-01-01 07:06:24",active
"Wilma Spinka",cicero.mann@lockman.net,"Cast In Style",#,"2023-01-01 07:06:24",active
"Valentin Toy",melvin33@moen.com,"Savile Row Company Ltd",#,"2023-01-01 07:06:24",active
"Kaleigh Raynor",boyer.andy@smith.com,Prezzybox,#,"2023-01-01 07:06:24",active
"Mathilde Purdy",schinner.wilford@hotmail.com,"TV Cables",#,"2023-01-01 07:06:24",active
"Piper Mayert",itzel.keebler@goodwin.com,"Dorothy Perkins UK",#,"2023-01-01 07:06:24",active
"Amanda Stracke",trystan.hane@mante.biz,"Bed Star Ltd",#,"2023-01-01 07:06:24",active
"Nelle Wehner",haley.viva@beier.com,Post-a-Rose,#,"2023-01-01 07:06:24",active
"Nyasia Hilpert",ebeier@berge.biz,TheDrinkShop,#,"2023-01-01 07:06:24",active
"Willis Cartwright",katelin28@kuhn.com,"Darlings of Chelsea",#,"2023-01-01 07:06:24",active
"Meta Treutel",davis.eldon@schroeder.biz,Create,#,"2023-01-01 07:06:24",active
"Frieda Fay",mmraz@bartoletti.org,"Vision Direct UK",#,"2023-01-01 07:06:24",active
"Bonnie Gerlach",agustina.goodwin@glover.com,"Bed Star Ltd",#,"2023-01-01 07:06:24",active
"Nelson Kemmer",casper.keagan@wilderman.com,e2save,#,"2023-01-01 07:06:24",active
"Mckayla Treutel",breanna56@hotmail.com,Awin,#,"2023-01-01 07:06:24",active
"Madisen Robel",shanon.bartoletti@hotmail.com,TheDrinkShop,#,"2023-01-01 07:06:24",active
"Tyshawn Metz",fkemmer@pagac.net,"Burton UK",#,"2023-01-01 07:06:24",active
"Elvie Hamill",rosemary69@yahoo.com,"Song Galaxy",#,"2023-01-01 07:06:24",active
"Leslie Thompson",willms.muhammad@yahoo.com,"B & Q",#,"2023-01-01 07:06:24",active
"Devon Renner",amills@hotmail.com,"Novatech Ltd",#,"2023-01-01 07:06:24",active
"Elbert Beer",kyler.lebsack@hotmail.com,"Cadbury Gifts Direct",#,"2023-01-01 07:06:24",active
"Elisha Roberts",hartmann.abigayle@hotmail.com,"Ink Factory",#,"2023-01-01 07:06:24",active
"Paula Schimmel",qzulauf@schuppe.biz,"The Safe Shop",#,"2023-01-01 07:06:24",active
"Laron Metz",imonahan@howell.com,Mobiles.co.uk,#,"2023-01-01 07:06:24",active
"Efrain Reichel",farrell.flavie@yahoo.com,Buyagift.co.uk,#,"2023-01-01 07:06:24",active
"Lorna Legros",devin.roob@gmail.com,Awin,#,"2023-01-01 07:06:24",active
"Michaela Davis",yschulist@hotmail.com,"Pharmacy2U Online Doctor",#,"2023-01-01 07:06:24",active
"Lia Beier",jaylin72@gmail.com,"Mankind UK",#,"2023-01-01 07:06:24",active
"Corbin Kreiger",maxwell.fadel@pfannerstill.info,"Tooled Up",#,"2023-01-01 07:06:24",active
"Bulah Boyer",chloe.ryan@bergstrom.biz,"Advanced MP3 Players",#,"2023-01-01 07:06:24",active
"Holly Smitham",aiyana94@hotmail.com,e2save,#,"2023-01-01 07:06:24",active
"Pearline Roberts",marjory27@brekke.com,"B & Q",#,"2023-01-01 07:06:24",active
"Katlynn Cruickshank",kkutch@gmail.com,"Fitness Options",#,"2023-01-01 07:06:24",active
"Max Schmeler",clehner@hackett.com,"Savile Row Company Ltd",#,"2023-01-01 07:06:24",active
"Alison Borer",delbert.harris@gmail.com,"Scottsdale Golf",#,"2023-01-01 07:06:24",active
"Annabell Will",tbartoletti@yahoo.com,Buyagift.co.uk,#,"2023-01-01 07:06:24",active
"Clint Murphy",pdavis@gmail.com,Post-a-Rose,#,"2023-01-01 07:06:24",active
"Kaela Powlowski",alejandra94@tromp.net,Fragrancedirect,#,"2023-01-01 07:06:24",active
"Tyshawn Metz",fkemmer@pagac.net,Post-a-Rose,#,"2023-01-01 07:06:24",active
"Myriam Abbott",smraz@cassin.net,"Song Galaxy",#,"2023-01-01 07:06:24",active
"Tia Leannon",amaya.lesch@gmail.com,"Mankind UK",#,"2023-01-01 07:06:24",active
"Clifford Murazik",pschumm@oconner.info,Buyagift.co.uk,#,"2023-01-01 07:06:24",active
"Michelle Klein",elaina.quitzon@wunsch.biz,"Scottsdale Golf",#,"2023-01-01 07:06:24",active
"Jaydon Nicolas",simeon.hammes@yahoo.com,"Fitness Options",#,"2023-01-01 07:06:24",active
"Dewitt Gaylord",rosendo96@kerluke.com,"Cadbury Gifts Direct",#,"2023-01-01 07:06:24",active
"Sam Klocko",pweissnat@grimes.com,"TV Cables",#,"2023-01-01 07:06:24",active
"Donny Bartoletti",jeramie28@waters.info,Post-a-Rose,#,"2023-01-01 07:06:24",active
"Timmy Dickinson",ian.cartwright@yahoo.com,CartridgeMonkey,#,"2023-01-01 07:06:24",active
"Anika Stark",robel.carol@goodwin.com,Names.co.uk,#,"2023-01-01 07:06:24",active
"Mercedes Schuster",berge.woodrow@hotmail.com,"Novatech Ltd",#,"2023-01-01 07:06:24",active
"Bart Leannon",hfritsch@yahoo.com,"Burton UK",#,"2023-01-01 07:06:24",active
"Stanford Koelpin",abernathy.oleta@hotmail.com,"Pharmacy2U Online Doctor",#,"2023-01-01 07:06:24",active
"Elisha Roberts",hartmann.abigayle@hotmail.com,"Scottsdale Golf",#,"2023-01-01 07:06:24",active
"Paolo Bosco",vernon41@ruecker.net,InterRose,#,"2023-01-01 07:06:24",active
"Evans Daniel",hrowe@gmail.com,Awin,#,"2023-01-01 07:06:24",active
"Garnett Roberts",marisa39@yahoo.com,Mobiles.co.uk,#,"2023-01-01 07:06:24",active
"Watson Lemke",pdamore@hotmail.com,Fragrancedirect,#,"2023-01-01 07:06:24",active
"Bailee O'Reilly",gschamberger@brown.com,Prezzybox,#,"2023-01-01 07:06:24",active
"Shana Kuhlman",kcrooks@veum.info,"Vintage Wine Gifts",#,"2023-01-01 07:06:24",active
"Hiram Stark",romaine.gorczany@hotmail.com,"Serenata Flowers",#,"2023-01-01 07:06:24",active
"Violette Goodwin",cora.haley@gmail.com,"Song Galaxy",#,"2023-01-01 07:06:24",active
"Jeromy Baumbach",morissette.anibal@hotmail.com,Post-a-Rose,#,"2023-01-01 07:06:24",active
"Onie Strosin",brekke.cierra@gmail.com,"Serenata Flowers",#,"2023-01-01 07:06:24",active
"Alisa Huels",stanton.kaitlyn@yahoo.com,"Burton UK",#,"2023-01-01 07:06:24",active
"Maureen Parker",braun.tiffany@yahoo.com,"Beauty Expert UK",#,"2023-01-01 07:06:24",active
"Carleton Rolfson",amya05@gmail.com,"Burton UK",#,"2023-01-01 07:06:24",active
"Bridget Senger",claudie.ullrich@yahoo.com,"Pharmacy2U Online Doctor",#,"2023-01-01 07:06:24",active
"Winona Lakin",klein.madge@schneider.info,"The Safe Shop",#,"2023-01-01 07:06:24",active
"Amaya Prosacco",lewis25@gmail.com,e2save,#,"2023-01-01 07:06:24",active
"Oscar Wilderman",talon15@yahoo.com,"B & Q",#,"2023-01-01 07:06:24",active
"Zoila Dooley",toni.russel@smith.com,"The Safe Shop",#,"2023-01-01 07:06:24",active
"Marvin Jacobs",rogahn.joshua@dicki.com,"Tooled Up",#,"2023-01-01 07:06:24",active
"Frederik Cummings",shany.hirthe@hotmail.com,"Cadbury Gifts Direct",#,"2023-01-01 07:06:24",active
"Mikel Barrows",lavonne80@hotmail.com,"Serenata Flowers",#,"2023-01-01 07:06:24",active
"Maurine Quitzon",jany69@hayes.com,"Cast In Style",#,"2023-01-01 07:06:24",active
"Efren Hickle",gorczany.fae@thompson.biz,"Scottsdale Golf",#,"2023-01-01 07:06:24",active
"Winston Kuhn",pbernhard@hotmail.com,"Cadbury Gifts Direct",#,"2023-01-01 07:06:24",active
"Camren Ziemann",gkling@mohr.com,"Mankind UK",#,"2023-01-01 07:06:24",active
"Cordelia Medhurst",diana.moore@yahoo.com,"Bed Star Ltd",#,"2023-01-01 07:06:24",active
"Lamont Morissette",rullrich@yahoo.com,"Novatech Ltd",#,"2023-01-01 07:06:24",active
"Ike Pfannerstill",jakubowski.marcelino@dickens.net,Awin,#,"2023-01-01 07:06:24",active
"Rachelle Kling",grunolfsson@hotmail.com,Fragrancedirect,#,"2023-01-01 07:06:24",active
"Kelley Bernier",casimir.cummings@mccullough.com,"B & Q",#,"2023-01-01 07:06:24",active
"Morgan Willms",kwisozk@hegmann.com,"Bed Star Ltd",#,"2023-01-01 07:06:24",active
"Lowell Balistreri",kiana45@hotmail.com,"TV Cables",#,"2023-01-01 07:06:24",active
"Donny Bartoletti",jeramie28@waters.info,"Savile Row Company Ltd",#,"2023-01-01 07:06:24",active
"Novella Schaden",oleuschke@rempel.com,"Ink Factory",#,"2023-01-01 07:06:24",active
"Lily Waters",winona08@hotmail.com,Prezzybox,#,"2023-01-01 07:06:24",active
"Elda Reynolds",kevon.becker@hotmail.com,Mobiles.co.uk,#,"2023-01-01 07:06:24",active
"Roman Reynolds",alta.borer@hotmail.com,Prezzybox,#,"2023-01-01 07:06:24",active
"Brandy Welch",lurline60@runolfsdottir.net,"Dorothy Perkins UK",#,"2023-01-01 07:06:24",active
"Myrtle Roberts",trudie89@crooks.com,"Ink Factory",#,"2023-01-01 07:06:24",active
"Fredrick Murphy",mertz.nasir@conn.biz,"Dorothy Perkins UK",#,"2023-01-01 07:06:24",active
"Serenity Runte",bertha.skiles@weimann.info,"Darlings of Chelsea",#,"2023-01-01 07:06:24",active
"Letitia Ratke",lbatz@gmail.com,"Appliance City",#,"2023-01-01 07:06:24",active
"Buddy Ritchie",dcarter@greenfelder.biz,"Cast In Style",#,"2023-01-01 07:06:24",active
"Clare Ullrich",rolfson.jeffrey@corkery.org,"Bed Star Ltd",#,"2023-01-01 07:06:24",active
"Arvel Feil",derrick15@abbott.com,"Vintage Wine Gifts",#,"2023-01-01 07:06:24",active
"Mitchell Beer",coralie.walker@hotmail.com,Names.co.uk,#,"2023-01-01 07:06:24",active
"Marlen Quitzon",lockman.kendra@hotmail.com,"A Quarter Of...",#,"2023-01-01 07:06:24",active
"Kaylie Trantow",lmertz@blanda.com,"Mankind UK",#,"2023-01-01 07:06:24",active
"Julia Wiza",watsica.anastasia@kunde.com,"Scottsdale Golf",#,"2023-01-01 07:06:24",active
"Lucile Russel",ujakubowski@yahoo.com,CartridgeMonkey,#,"2023-01-01 07:06:24",active
"Sam Gutkowski",rkovacek@gusikowski.com,"The Safe Shop",#,"2023-01-01 07:06:24",active
"Fleta Brown",glover.ricardo@hotmail.com,Names.co.uk,#,"2023-01-01 07:06:24",active
"Korbin Rippin",benton22@heathcote.com,"Pharmacy2U Online Doctor",#,"2023-01-01 07:06:24",active
"Agustin Bruen",kcormier@gmail.com,"Mankind UK",#,"2023-01-01 07:06:24",active
"Devyn Beier",johnston.isadore@heller.net,"Tooled Up",#,"2023-01-01 07:06:24",active
"Nickolas Frami",jacobson.tillman@bahringer.net,"Appliance City",#,"2023-01-01 07:06:24",active
"Fletcher Weissnat",ischimmel@feeney.com,"Mankind UK",#,"2023-01-01 07:06:24",active
"Max Schmeler",clehner@hackett.com,"Mankind UK",#,"2023-01-01 07:06:24",active
"Dion Mante",hbashirian@kub.info,"Ink Factory",#,"2023-01-01 07:06:24",active
"Cathy O'Connell",olson.abraham@yahoo.com,Awin,#,"2023-01-01 07:06:24",active
"Kamryn Hill",karina97@smitham.com,"Toffs Ltd",#,"2023-01-01 07:06:24",active
"Brandi Crona",elisha.blick@kemmer.com,"The Safe Shop",#,"2023-01-01 07:06:24",active
"Clair Franecki",darby.bednar@yahoo.com,Awin,#,"2023-01-01 07:06:24",active
"Mariano Altenwerth",schaefer.cora@weimann.com,"Bed Star Ltd",#,"2023-01-01 07:06:24",active
"Yazmin Luettgen",ntorp@quigley.com,Buyagift.co.uk,#,"2023-01-01 07:06:24",active
"Carolyn Lockman",eladio.casper@gmail.com,"Darlings of Chelsea",#,"2023-01-01 07:06:24",active
"Haylee Morar",hettie11@yahoo.com,"Burton UK",#,"2023-01-01 07:06:24",active
"Maryam Mitchell",waldo.mcglynn@wolf.com,"Savile Row Company Ltd",#,"2023-01-01 07:06:24",active
"Baylee Swift",yazmin85@konopelski.com,"Scottsdale Golf",#,"2023-01-01 07:06:24",active
"Ivy Auer",lolita66@hauck.info,"Scottsdale Golf",#,"2023-01-01 07:06:24",active
"Lessie Gusikowski",austin69@stokes.com,"A Quarter Of...",#,"2023-01-01 07:06:24",active
"Bailee Graham",wherman@gmail.com,"Burton UK",#,"2023-01-01 07:06:24",active
"Cassandre Batz",naomie.halvorson@yahoo.com,TheDrinkShop,#,"2023-01-01 07:06:24",active
"Belle Bosco",ystamm@yahoo.com,e2save,#,"2023-01-01 07:06:24",active
"Estrella Hane",pkrajcik@barton.com,e2save,#,"2023-01-01 07:06:24",active
"Paxton Kuhlman",zbogan@gmail.com,"Mankind UK",#,"2023-01-01 07:06:24",active
"Lea Grimes",pfeffer.ebony@stanton.com,"Mankind UK",#,"2023-01-01 07:06:24",active
"Lew Stehr",kendall18@gmail.com,"B & Q",#,"2023-01-01 07:06:24",active
"Andre Wyman",wisoky.cielo@gmail.com,"Novatech Ltd",#,"2023-01-01 07:06:24",active
"Harmony Trantow",jevon.ferry@berge.com,TheDrinkShop,#,"2023-01-01 07:06:24",active
"Valentine O'Reilly",pwitting@mckenzie.com,"The Safe Shop",#,"2023-01-01 07:06:24",active
"Timmothy Harris",myrna.dach@yahoo.com,Bunches.co.uk,#,"2023-01-01 07:06:24",active
"Gus Mraz",heather70@mcdermott.net,"Tooled Up",#,"2023-01-01 07:06:24",active
"Chelsey Swaniawski",roob.ruthie@gmail.com,CartridgeMonkey,#,"2023-01-01 07:06:24",active
"Jeromy Baumbach",morissette.anibal@hotmail.com,Names.co.uk,#,"2023-01-01 07:06:24",active
"Araceli Gutkowski",skiles.brenna@wiza.info,InterRose,#,"2023-01-01 07:06:24",active
"Florine Cruickshank",kilback.kamille@quitzon.info,"Song Galaxy",#,"2023-01-01 07:06:24",active
"Fleta Brown",glover.ricardo@hotmail.com,Bunches.co.uk,#,"2023-01-01 07:06:24",active
"Elisa Hayes",schulist.drew@gmail.com,e2save,#,"2023-01-01 07:06:24",active
"Mariam Waters",johnston.jeffery@cartwright.net,Mobiles.co.uk,#,"2023-01-01 07:06:24",active
"Kamryn Hill",karina97@smitham.com,"Toffs Ltd",#,"2023-01-01 07:06:24",active
"Casandra Jast",keeling.frederic@hotmail.com,"Dorothy Perkins UK",#,"2023-01-01 07:06:24",active
"Linda Parisian",colby63@johnson.com,"Cast In Style",#,"2023-01-01 07:06:24",active
"Jennings Bernier",alvena41@king.com,"Serenata Flowers",#,"2023-01-01 07:06:24",active
"Georgianna Bernier",jude.terry@hotmail.com,"Vision Direct UK",#,"2023-01-01 07:06:24",active
"Sherwood DuBuque",emraz@huels.com,"Dorothy Perkins UK",#,"2023-01-01 07:06:24",active
"Sage Schoen",hills.douglas@gmail.com,TheDrinkShop,#,"2023-01-01 07:06:24",active
"Maurine Frami",bosco.taurean@hotmail.com,"Cadbury Gifts Direct",#,"2023-01-01 07:06:24",active
"Jakayla Heathcote",fthompson@heathcote.com,"Tooled Up",#,"2023-01-01 07:06:24",active
"Easton Zboncak",sincere.renner@walker.com,TheDrinkShop,#,"2023-01-01 07:06:24",active
"Laney Ryan",sage.klocko@hotmail.com,"Dorothy Perkins UK",#,"2023-01-01 07:06:24",active
"Anjali Kozey",orlo.lakin@mueller.com,Fragrancedirect,#,"2023-01-01 07:06:24",active
"Tiffany Huels",dietrich.golden@yahoo.com,"Vision Direct UK",#,"2023-01-01 07:06:24",active
"Timmothy Harris",myrna.dach@yahoo.com,"Savile Row Company Ltd",#,"2023-01-01 07:06:24",active
"Cletus Schimmel",aswaniawski@yahoo.com,Awin,#,"2023-01-01 07:06:24",active
"Eleanora Goldner",jreichel@yahoo.com,"Vintage Wine Gifts",#,"2023-01-01 07:06:24",active
"Maritza Kunze",evans.rath@gmail.com,"Novatech Ltd",#,"2023-01-01 07:06:24",active
"Estrella Hane",pkrajcik@barton.com,Fragrancedirect,#,"2023-01-01 07:06:24",active
"Marilyne Lindgren",adaline.dibbert@gmail.com,CartridgeMonkey,#,"2023-01-01 07:06:24",active
"Friedrich Smith",ngulgowski@haag.com,Create,#,"2023-01-01 07:06:24",active
"Estel Schuster",destiney.ankunding@hotmail.com,Awin,#,"2023-01-01 07:06:24",active
"Geoffrey Jenkins",jackeline.franecki@deckow.biz,Mobiles.co.uk,#,"2023-01-01 07:06:24",active
"Keira Swaniawski",hschinner@hane.net,Fragrancedirect,#,"2023-01-01 07:06:24",active
"Cynthia Reinger",cfriesen@hotmail.com,Buyagift.co.uk,#,"2023-01-01 07:06:24",active
"Elwyn Yundt",yasmine.lind@wolff.com,CartridgeMonkey,#,"2023-01-01 07:06:24",active
"Norbert Wolff",hahn.manuel@koepp.com,"Serenata Flowers",#,"2023-01-01 07:06:24",active
"Dereck Marquardt",meggie24@kerluke.com,"Song Galaxy",#,"2023-01-01 07:06:24",active
"Kelley O'Keefe",kessler.osvaldo@schultz.org,"Song Galaxy",#,"2023-01-01 07:06:24",active
"Tito O'Reilly",sven.reichel@gutkowski.com,"B & Q",#,"2023-01-01 07:06:24",active
"Yessenia Streich",wdare@yahoo.com,"Fitness Options",#,"2023-01-01 07:06:24",active
"Joseph Jenkins",leola.tromp@shanahan.com,CartridgeMonkey,#,"2023-01-01 07:06:24",active
"Rhett Kshlerin",mckenzie.junior@bechtelar.net,"Cast In Style",#,"2023-01-01 07:06:24",active
"Lesley Beatty",amara61@yahoo.com,"Pharmacy2U Online Doctor",#,"2023-01-01 07:06:24",active
"Arne Carter",lucas54@hotmail.com,Fragrancedirect,#,"2023-01-01 07:06:24",active
"Jammie Legros",antoinette.daugherty@hotmail.com,"Serenata Flowers",#,"2023-01-01 07:06:24",active
"Sean Leuschke",rice.leta@hotmail.com,e2save,#,"2023-01-01 07:06:24",active
"Ashlynn Swaniawski",deshawn.nienow@gmail.com,"Vision Direct UK",#,"2023-01-01 07:06:24",active
"Erick Tromp",gage51@yahoo.com,"Tooled Up",#,"2023-01-01 07:06:24",active
"Bruce Gaylord",zoconner@spinka.com,Awin,#,"2023-01-01 07:06:24",active
"Ofelia Jacobson",blanda.edmund@hotmail.com,"Darlings of Chelsea",#,"2023-01-01 07:06:24",active
"Ike O'Connell",shany.bayer@hotmail.com,Create,#,"2023-01-01 07:06:24",active
"Trenton Ratke",elliot41@ward.net,CartridgeMonkey,#,"2023-01-01 07:06:24",active
"Ryder Toy",elinore35@hotmail.com,"Serenata Flowers",#,"2023-01-01 07:06:24",active
"Evans Daniel",hrowe@gmail.com,"Pharmacy2U Online Doctor",#,"2023-01-01 07:06:24",active
"Joannie Frami",oferry@kulas.info,InterRose,#,"2023-01-01 07:06:24",active
"Floy Heidenreich",mariah.hagenes@hotmail.com,"Cast In Style",#,"2023-01-01 07:06:24",active
"Chelsey Swaniawski",roob.ruthie@gmail.com,"Cadbury Gifts Direct",#,"2023-01-01 07:06:24",active
"Braden Jacobson",gboehm@ernser.net,"The Safe Shop",#,"2023-01-01 07:06:24",active
"Queenie Farrell",xkuhic@ratke.org,"Burton UK",#,"2023-01-01 07:06:24",active
"Vernie Olson",rhackett@yahoo.com,Fragrancedirect,#,"2023-01-01 07:06:24",active
"Norbert Wolff",hahn.manuel@koepp.com,"Vintage Wine Gifts",#,"2023-01-01 07:06:24",active
"Golda Gottlieb",oreilly.jace@corkery.com,"TV Cables",#,"2023-01-01 07:06:24",active
"Annetta Senger",velma.gottlieb@gmail.com,"Cast In Style",#,"2023-01-01 07:06:24",active
"Crawford Berge",alva25@bayer.com,"Vision Direct UK",#,"2023-01-01 07:06:24",active
"Madalyn Daniel",champlin.rigoberto@schneider.com,CartridgeMonkey,#,"2023-01-01 07:06:24",active
"Zoie Jacobs",rath.emil@gmail.com,"Savile Row Company Ltd",#,"2023-01-01 07:06:24",active
"Emie Wisozk",sreinger@gmail.com,"Serenata Flowers",#,"2023-01-01 07:06:24",active
"Helmer Blick",jenkins.edd@kessler.com,CartridgeMonkey,#,"2023-01-01 07:06:24",active
"Kelley Bernier",casimir.cummings@mccullough.com,"Bed Star Ltd",#,"2023-01-01 07:06:24",active
"Oliver Johnston",leannon.jaquelin@hotmail.com,"Dorothy Perkins UK",#,"2023-01-01 07:06:24",active
"Declan Corkery",sgutkowski@hotmail.com,"A Quarter Of...",#,"2023-01-01 07:06:24",active
"Neil Mertz",trisha.walker@welch.biz,"Beauty Expert UK",#,"2023-01-01 07:06:24",active
"Paula Schimmel",qzulauf@schuppe.biz,Create,#,"2023-01-01 07:06:24",active
"Kamryn Hill",karina97@smitham.com,Fragrancedirect,#,"2023-01-01 07:06:24",active
"Pink Kautzer",marks.jace@koss.com,Bunches.co.uk,#,"2023-01-01 07:06:24",active
"Kamryn Hill",karina97@smitham.com,"TV Cables",#,"2023-01-01 07:06:24",active
"Andreane Marks",cecilia.spinka@ziemann.org,"Darlings of Chelsea",#,"2023-01-01 07:06:24",active
"Yessenia Streich",wdare@yahoo.com,"B & Q",#,"2023-01-01 07:06:24",active
"Georgianna Bernier",jude.terry@hotmail.com,TheDrinkShop,#,"2023-01-01 07:06:24",active
"Bobbie Wolff",haley93@hotmail.com,"Cast In Style",#,"2023-01-01 07:06:24",active
"Buddy Ritchie",dcarter@greenfelder.biz,"Fitness Options",#,"2023-01-01 07:06:24",active
"Marshall Reynolds",bernier.isidro@gmail.com,TheDrinkShop,#,"2023-01-01 07:06:24",active
"Cathrine Gottlieb",bmoore@kohler.com,"Serenata Flowers",#,"2023-01-01 07:06:24",active
"Rodger Bayer",orpha.koepp@gmail.com,Create,#,"2023-01-01 07:06:24",active
"Helmer Senger",mohammad.auer@yahoo.com,Names.co.uk,#,"2023-01-01 07:06:24",active
"Lavina Christiansen",owilderman@gmail.com,"Pharmacy2U Online Doctor",#,"2023-01-01 07:06:24",active
"Monroe Bernier",vglover@ohara.com,"Dorothy Perkins UK",#,"2023-01-01 07:06:24",active
"Merle Leuschke",pkrajcik@daniel.com,Awin,#,"2023-01-01 07:06:24",active
"Ottis Thiel",fcruickshank@moore.com,"Cadbury Gifts Direct",#,"2023-01-01 07:06:24",active
"Mauricio Medhurst",nathanael74@sipes.info,"Scottsdale Golf",#,"2023-01-01 07:06:24",active
"Hope Lind",little.hope@yahoo.com,CartridgeMonkey,#,"2023-01-01 07:06:24",active
"Dolores Reichert",braxton.gleason@yahoo.com,Mobiles.co.uk,#,"2023-01-01 07:06:24",active
"Sam Klocko",pweissnat@grimes.com,CartridgeMonkey,#,"2023-01-01 07:06:24",active
"Nona Stroman",lwilkinson@harris.com,e2save,#,"2023-01-01 07:06:24",active
"Shanna Osinski",gabe46@gmail.com,"Appliance City",#,"2023-01-01 07:06:24",active
"Stone King",pokon@dach.com,"Savile Row Company Ltd",#,"2023-01-01 07:06:24",active
"Ike Pfannerstill",jakubowski.marcelino@dickens.net,Prezzybox,#,"2023-01-01 07:06:24",active
"Maynard Dickinson",kareem.brekke@wolff.org,"Ink Factory",#,"2023-01-01 07:06:24",active
"Baylee Swift",yazmin85@konopelski.com,"Toffs Ltd",#,"2023-01-01 07:06:24",active
"Arvid Cruickshank",carmen46@gmail.com,"Pharmacy2U Online Doctor",#,"2023-01-01 07:06:24",active
"Leanna Heidenreich",luis.leannon@yahoo.com,InterRose,#,"2023-01-01 07:06:24",active
"Merlin McKenzie",bertram.stanton@feest.com,Buyagift.co.uk,#,"2023-01-01 07:06:24",active
"Leta Kozey",betsy54@gmail.com,Bunches.co.uk,#,"2023-01-01 07:06:24",active
"Peter Cummings",bednar.cathy@yahoo.com,"A Quarter Of...",#,"2023-01-01 07:06:24",active
"Demarco Denesik",feil.lucie@dickinson.com,"Vision Direct UK",#,"2023-01-01 07:06:24",active
"Wilfrid Friesen",pollich.destany@homenick.com,"Ink Factory",#,"2023-01-01 07:06:24",active
"Fanny Maggio",mkemmer@langosh.biz,"Fitness Options",#,"2023-01-01 07:06:24",active
"Tia Grimes",nheller@dach.com,"Serenata Flowers",#,"2023-01-01 07:06:24",active
"Maya Mitchell",sigrid.greenfelder@runolfsdottir.com,InterRose,#,"2023-01-01 07:06:23",active
"Shania Weimann",alexandria.schinner@farrell.info,"Cadbury Gifts Direct",#,"2023-01-01 07:06:23",active
"Carolyn Lockman",eladio.casper@gmail.com,"Serenata Flowers",#,"2023-01-01 07:06:23",active
"Brianne Lueilwitz",lynn.bins@yahoo.com,"Song Galaxy",#,"2023-01-01 07:06:23",active
"Cecelia Murphy",sierra63@gulgowski.com,"TV Cables",#,"2023-01-01 07:06:23",active
"Constantin O'Keefe",myrtie.lynch@yahoo.com,"Vision Direct UK",#,"2023-01-01 07:06:23",active
"Orie Quigley",rhoda66@yahoo.com,"Novatech Ltd",#,"2023-01-01 07:06:23",active
"Rosemarie Schimmel",avonrueden@rippin.com,CartridgeMonkey,#,"2023-01-01 07:06:23",active
"Mallory Gibson",ckeebler@miller.com,"TV Cables",#,"2023-01-01 07:06:23",active
"Paolo Hudson",emitchell@corkery.net,Bunches.co.uk,#,"2023-01-01 07:06:23",active
"Peter Cummings",bednar.cathy@yahoo.com,"Scottsdale Golf",#,"2023-01-01 07:06:23",active
"Braden Klocko",regan.franecki@ferry.net,Create,#,"2023-01-01 07:06:23",active
"Orval Reynolds",shannon.zieme@gmail.com,"Serenata Flowers",#,"2023-01-01 07:06:23",active
"Aurelia Bosco",susan60@hotmail.com,"The Safe Shop",#,"2023-01-01 07:06:23",active
"Viva Schneider",westley.vandervort@yahoo.com,"Cast In Style",#,"2023-01-01 07:06:23",active
"Jada Sporer",kailey44@yahoo.com,"Savile Row Company Ltd",#,"2023-01-01 07:06:23",active
"Kelley O'Keefe",kessler.osvaldo@schultz.org,"Darlings of Chelsea",#,"2023-01-01 07:06:23",active
"Reina Botsford",pfannerstill.margarette@schultz.net,"Appliance City",#,"2023-01-01 07:06:23",active
"Leora Altenwerth",reichel.giovanna@yahoo.com,"Serenata Flowers",#,"2023-01-01 07:06:23",active
"Oswald Buckridge",koelpin.orion@padberg.com,"Vintage Wine Gifts",#,"2023-01-01 07:06:23",active
"Selina Larkin",balistreri.vernice@yahoo.com,Names.co.uk,#,"2023-01-01 07:06:23",active
"Bettye Satterfield",jamaal.sawayn@torp.com,"Cast In Style",#,"2023-01-01 07:06:23",active
"Al O'Reilly",schmeler.emmy@hotmail.com,"Scottsdale Golf",#,"2023-01-01 07:06:23",active
"Alexa Towne",aaron65@ward.net,"Ink Factory",#,"2023-01-01 07:06:23",active
"Mariam Waters",johnston.jeffery@cartwright.net,"The Safe Shop",#,"2023-01-01 07:06:23",active
"Donny Bartoletti",jeramie28@waters.info,"Song Galaxy",#,"2023-01-01 07:06:23",active
"Demond Runolfsdottir",koepp.estelle@hotmail.com,Awin,#,"2023-01-01 07:06:23",active
"Mariano Altenwerth",schaefer.cora@weimann.com,Fragrancedirect,#,"2023-01-01 07:06:23",active
"Darrin Bauch",dicki.erin@hotmail.com,"Cadbury Gifts Direct",#,"2023-01-01 07:06:23",active
"Quincy Walsh",trinity.ritchie@hotmail.com,"Tooled Up",#,"2023-01-01 07:06:23",active
"Filomena Bernier",jessy.macejkovic@osinski.com,"Burton UK",#,"2023-01-01 07:06:23",active
"Anastacio Beahan",enrico.grimes@sauer.com,CartridgeMonkey,#,"2023-01-01 07:06:23",active
"Ludie Bruen",adaline37@gmail.com,TheDrinkShop,#,"2023-01-01 07:06:23",active
"Bridget Senger",claudie.ullrich@yahoo.com,"Bed Star Ltd",#,"2023-01-01 07:06:23",active
"Georgianna Bernier",jude.terry@hotmail.com,"Pharmacy2U Online Doctor",#,"2023-01-01 07:06:23",active
"Kiera Keeling",xcorwin@fisher.net,"Mankind UK",#,"2023-01-01 07:06:23",active
"Evans Daniel",hrowe@gmail.com,"Vision Direct UK",#,"2023-01-01 07:06:23",active
"Delilah Bernhard",rkuvalis@dooley.com,Names.co.uk,#,"2023-01-01 07:06:23",active
"Piper Mayert",itzel.keebler@goodwin.com,"Appliance City",#,"2023-01-01 07:06:23",active
"Selina Larkin",balistreri.vernice@yahoo.com,Mobiles.co.uk,#,"2023-01-01 07:06:23",active
"Syble Legros",domenick51@lebsack.net,"Ink Factory",#,"2023-01-01 07:06:23",active
"Milo D'Amore",haylie84@smith.com,"Savile Row Company Ltd",#,"2023-01-01 07:06:23",active
"Alayna Goyette",durward.kling@yahoo.com,"Serenata Flowers",#,"2023-01-01 07:06:23",active
"Haylee Morar",hettie11@yahoo.com,Awin,#,"2023-01-01 07:06:23",active
"Laurianne Kirlin",michele.olson@hotmail.com,"Dorothy Perkins UK",#,"2023-01-01 07:06:23",active
"Kamille Jerde",cecile.wisoky@hotmail.com,TheDrinkShop,#,"2023-01-01 07:06:23",active
"Georgianna Bernier",jude.terry@hotmail.com,"Appliance City",#,"2023-01-01 07:06:23",active
"Tiffany Huels",dietrich.golden@yahoo.com,"Song Galaxy",#,"2023-01-01 07:06:23",active
"Keaton Emmerich",gorn@satterfield.biz,"B & Q",#,"2023-01-01 07:06:23",active
"Carson Friesen",bashirian.elwin@yahoo.com,"Toffs Ltd",#,"2023-01-01 07:06:23",active
"Zoey O'Connell",klein.jeromy@goodwin.com,"The Safe Shop",#,"2023-01-01 07:06:23",active
"Annette Wiegand",carrie.baumbach@gmail.com,Buyagift.co.uk,#,"2023-01-01 07:06:23",active
"Tyshawn Little",enola.klocko@skiles.biz,"Cadbury Gifts Direct",#,"2023-01-01 07:06:23",active
"Coy Swaniawski",quitzon.wava@hotmail.com,"Serenata Flowers",#,"2023-01-01 07:06:23",active
"Ofelia Jacobson",blanda.edmund@hotmail.com,"Novatech Ltd",#,"2023-01-01 07:06:23",active
"Price Harvey",elmer72@toy.com,"Beauty Expert UK",#,"2023-01-01 07:06:23",active
"Anjali Kozey",orlo.lakin@mueller.com,Names.co.uk,#,"2023-01-01 07:06:23",active
"Kamryn Kohler",bruce27@wunsch.com,Buyagift.co.uk,#,"2023-01-01 07:06:23",active
"Charlie Johnston",karlie00@hotmail.com,"Scottsdale Golf",#,"2023-01-01 07:06:23",active
"Ross Haley",jkoelpin@gaylord.org,"The Safe Shop",#,"2023-01-01 07:06:23",active
"Christophe D'Amore",oral.treutel@hill.com,Post-a-Rose,#,"2023-01-01 07:06:23",active
"Alison Borer",delbert.harris@gmail.com,"Serenata Flowers",#,"2023-01-01 07:06:23",active
"Iliana Schmeler",qblock@huel.com,"Bed Star Ltd",#,"2023-01-01 07:06:23",active
"Savanna Thompson",crystal05@hotmail.com,"Mankind UK",#,"2023-01-01 07:06:23",active
"Wava Moore",waters.teagan@yahoo.com,"Darlings of Chelsea",#,"2023-01-01 07:06:23",active
"Ervin Mante",toy.bryana@luettgen.com,"TV Cables",#,"2023-01-01 07:06:23",active
"Sasha Lehner",runte.katelin@gmail.com,"Beauty Expert UK",#,"2023-01-01 07:06:23",active
"Lauriane Lesch",genevieve48@rippin.net,"Serenata Flowers",#,"2023-01-01 07:06:23",active
"Hugh O'Reilly",arvel.bergstrom@windler.com,InterRose,#,"2023-01-01 07:06:23",active
"Juston Thiel",rosalia.wolf@hotmail.com,"Song Galaxy",#,"2023-01-01 07:06:23",active
"Kaela Powlowski",alejandra94@tromp.net,"Song Galaxy",#,"2023-01-01 07:06:23",active
"Karen Schiller",mjast@gmail.com,"Fitness Options",#,"2023-01-01 07:06:23",active
"Stephania Grady",niko.gottlieb@gmail.com,Mobiles.co.uk,#,"2023-01-01 07:06:23",active
"Erick Tromp",gage51@yahoo.com,"Advanced MP3 Players",#,"2023-01-01 07:06:23",active
"Crystel Nader",winona.cremin@gmail.com,"Advanced MP3 Players",#,"2023-01-01 07:06:23",active
"Dahlia Greenfelder",moen.cruz@yahoo.com,"Scottsdale Golf",#,"2023-01-01 07:06:23",active
"Mariano Altenwerth",schaefer.cora@weimann.com,Prezzybox,#,"2023-01-01 07:06:23",active
"Toney Huel",rkub@hotmail.com,Awin,#,"2023-01-01 07:06:23",active
"Gus Mraz",heather70@mcdermott.net,"The Safe Shop",#,"2023-01-01 07:06:23",active
"Odessa Rowe",devon54@harris.com,"Appliance City",#,"2023-01-01 07:06:23",active
"Clint Murphy",pdavis@gmail.com,"The Safe Shop",#,"2023-01-01 07:06:23",active
"Leslie Thompson",willms.muhammad@yahoo.com,Names.co.uk,#,"2023-01-01 07:06:23",active
"Amari Flatley",sjenkins@hegmann.com,"Advanced MP3 Players",#,"2023-01-01 07:06:23",active
"Beaulah Crist",cronin.mariam@mccullough.info,"Novatech Ltd",#,"2023-01-01 07:06:23",active
"Cale Rolfson",natasha41@gmail.com,"Advanced MP3 Players",#,"2023-01-01 07:06:23",active
"Tania Kerluke",xbatz@wyman.org,"Song Galaxy",#,"2023-01-01 07:06:23",active
"Darron Hessel",calista62@runolfsdottir.net,Mobiles.co.uk,#,"2023-01-01 07:06:23",active
"Antone Parker",gregory55@kilback.info,InterRose,#,"2023-01-01 07:06:23",active
"Kip Fay",hugh.marks@gmail.com,"A Quarter Of...",#,"2023-01-01 07:06:23",active
"Devon Renner",amills@hotmail.com,e2save,#,"2023-01-01 07:06:23",active
"Kaylee Lowe",mariano67@hotmail.com,"Cadbury Gifts Direct",#,"2023-01-01 07:06:23",active
"Carlee Stiedemann",eherman@boyle.com,"Beauty Expert UK",#,"2023-01-01 07:06:23",active
"Lori Runte",wolf.jay@yahoo.com,"Mankind UK",#,"2023-01-01 07:06:23",active
"Ottis Thiel",fcruickshank@moore.com,TheDrinkShop,#,"2023-01-01 07:06:23",active
"Brent Goyette",champlin.zelma@gmail.com,Fragrancedirect,#,"2023-01-01 07:06:23",active
"Mathew Barrows",gmarvin@yahoo.com,Prezzybox,#,"2023-01-01 07:06:23",active
"Haylee Morar",hettie11@yahoo.com,Fragrancedirect,#,"2023-01-01 07:06:23",active
"Lily Nicolas",winona16@price.com,"Cadbury Gifts Direct",#,"2023-01-01 07:06:23",active
"Emerald Keebler",goodwin.deanna@hotmail.com,"Vision Direct UK",#,"2023-01-01 07:06:23",active
"Lowell Balistreri",kiana45@hotmail.com,Bunches.co.uk,#,"2023-01-01 07:06:23",active
"Miles Oberbrunner",maxwell.rippin@walter.net,Mobiles.co.uk,#,"2023-01-01 07:06:23",active
"Torrey Lang",hosea.gleichner@gmail.com,"Chocolate Trading Company",#,"2023-01-01 07:06:23",active
"Cynthia Reinger",cfriesen@hotmail.com,"Chocolate Trading Company",#,"2023-01-01 07:06:23",active
"Evalyn Ernser",haley.rahsaan@mills.com,"Scottsdale Golf",#,"2023-01-01 07:06:23",active
"Jadyn Stiedemann",waldo84@gmail.com,"Pharmacy2U Online Doctor",#,"2023-01-01 07:06:23",active
"Keaton Emmerich",gorn@satterfield.biz,TheDrinkShop,#,"2023-01-01 07:06:23",active
"Katharina Johnston",ofelia.funk@swaniawski.com,"TV Cables",#,"2023-01-01 07:06:23",active
"Kelsi Hartmann",geoffrey.wyman@mcclure.info,Names.co.uk,#,"2023-01-01 07:06:23",active
"Darrell Reilly",dwindler@armstrong.com,Create,#,"2023-01-01 07:06:23",active
"Marquise Crist",xwolff@hotmail.com,"Appliance City",#,"2023-01-01 07:06:23",active
"Ceasar Collier",rebekah.upton@gmail.com,"Cast In Style",#,"2023-01-01 07:06:23",active
"Marquise Crist",xwolff@hotmail.com,"Advanced MP3 Players",#,"2023-01-01 07:06:23",active
"Lorna Legros",devin.roob@gmail.com,"Pharmacy2U Online Doctor",#,"2023-01-01 07:06:23",active
"Keenan Murazik",dudley76@gmail.com,"Cast In Style",#,"2023-01-01 07:06:23",active
"Zachery Robel",kristoffer34@bartell.com,"Toffs Ltd",#,"2023-01-01 07:06:23",active
"Linda Parisian",colby63@johnson.com,"Serenata Flowers",#,"2023-01-01 07:06:23",active
"Lia Beier",jaylin72@gmail.com,"Fitness Options",#,"2023-01-01 07:06:23",active
"Finance Manager",finance@trs.com,"Cast In Style",#,"2023-01-01 07:06:23",active
"Zetta Vandervort",purdy.daren@gmail.com,Mobiles.co.uk,#,"2023-01-01 07:06:23",active
"Paolo Bosco",vernon41@ruecker.net,InterRose,#,"2023-01-01 07:06:23",active
"Cale Rolfson",natasha41@gmail.com,"B & Q",#,"2023-01-01 07:06:23",active
"Jada Sporer",kailey44@yahoo.com,"Cast In Style",#,"2023-01-01 07:06:23",active
"Jalen Kulas",bherman@hotmail.com,"Burton UK",#,"2023-01-01 07:06:23",active
"Piper Mayert",itzel.keebler@goodwin.com,"Serenata Flowers",#,"2023-01-01 07:06:23",active
"Braden Klocko",regan.franecki@ferry.net,"Scottsdale Golf",#,"2023-01-01 07:06:23",active
"Cassandre Batz",naomie.halvorson@yahoo.com,"Bed Star Ltd",#,"2023-01-01 07:06:23",active
"Orville Stark",juston.leuschke@gmail.com,"Beauty Expert UK",#,"2023-01-01 07:06:23",active
"Deshaun Rodriguez",orpha53@rippin.com,"Fitness Options",#,"2023-01-01 07:06:23",active
"Abelardo Schuppe",dustin.koepp@cremin.com,TheDrinkShop,#,"2023-01-01 07:06:23",active
"Alisa Huels",stanton.kaitlyn@yahoo.com,CartridgeMonkey,#,"2023-01-01 07:06:23",active
"Ceasar O'Keefe",oreilly.cade@yahoo.com,"A Quarter Of...",#,"2023-01-01 07:06:23",active
"Presley Gorczany",auer.laurie@gmail.com,"Fitness Options",#,"2023-01-01 07:06:23",active
"Florence Treutel",raheem29@marvin.com,e2save,#,"2023-01-01 07:06:23",active
"Evalyn Ernser",haley.rahsaan@mills.com,"Ink Factory",#,"2023-01-01 07:06:23",active
"Madisen Robel",shanon.bartoletti@hotmail.com,e2save,#,"2023-01-01 07:06:23",active
"Marley Wunsch",freddie98@hotmail.com,"Beauty Expert UK",#,"2023-01-01 07:06:23",active
"Rick Prohaska",vivien.reinger@ledner.com,"Pharmacy2U Online Doctor",#,"2023-01-01 07:06:23",active
"Lucy Franecki",alang@gmail.com,"Ink Factory",#,"2023-01-01 07:06:23",active
"Maye Schmeler",ewolff@hotmail.com,"Advanced MP3 Players",#,"2023-01-01 07:06:23",active
"Elaina Bruen",hoppe.retta@bayer.net,"Cadbury Gifts Direct",#,"2023-01-01 07:06:23",active
"Darrin Bauch",dicki.erin@hotmail.com,"A Quarter Of...",#,"2023-01-01 07:06:23",active
"Garth Gaylord",nia38@cummerata.net,"Chocolate Trading Company",#,"2023-01-01 07:06:23",active
"Filomena Bernier",jessy.macejkovic@osinski.com,Prezzybox,#,"2023-01-01 07:06:23",active
"Merle Leuschke",pkrajcik@daniel.com,"Pharmacy2U Online Doctor",#,"2023-01-01 07:06:23",active
"Carlos Kshlerin",npredovic@gmail.com,"Darlings of Chelsea",#,"2023-01-01 07:06:23",active
"Harmony Spencer",heidenreich.shad@renner.info,"The Safe Shop",#,"2023-01-01 07:06:23",active
"Henriette Berge",vmedhurst@sanford.com,"Cast In Style",#,"2023-01-01 07:06:23",active
"Winston Kuhn",pbernhard@hotmail.com,"Appliance City",#,"2023-01-01 07:06:23",active
"Bonnie Gerlach",agustina.goodwin@glover.com,"Serenata Flowers",#,"2023-01-01 07:06:23",active
"Jamie Wintheiser",drolfson@gmail.com,"Dorothy Perkins UK",#,"2023-01-01 07:06:23",active
"Vidal Kuhlman",marielle84@flatley.net,Buyagift.co.uk,#,"2023-01-01 07:06:23",active
"Garnett Roberts",marisa39@yahoo.com,"Novatech Ltd",#,"2023-01-01 07:06:23",active
"Ryder Toy",elinore35@hotmail.com,Mobiles.co.uk,#,"2023-01-01 07:06:23",active
"Queen Buckridge",frida.johnson@gorczany.info,"Vision Direct UK",#,"2023-01-01 07:06:23",active
"Cynthia Reinger",cfriesen@hotmail.com,"Savile Row Company Ltd",#,"2023-01-01 07:06:23",active
"Neil Mertz",trisha.walker@welch.biz,Create,#,"2023-01-01 07:06:23",active
"Ofelia Jacobson",blanda.edmund@hotmail.com,Names.co.uk,#,"2023-01-01 07:06:23",active
"Grayce Pfeffer",heaney.walker@hotmail.com,"TV Cables",#,"2023-01-01 07:06:23",active
"Roberta Lueilwitz",mkling@zboncak.com,TheDrinkShop,#,"2023-01-01 07:06:23",active
"Georgette Armstrong",lou.cormier@yahoo.com,"Ink Factory",#,"2023-01-01 07:06:23",active
"Savannah Davis",kgoldner@wyman.net,"Advanced MP3 Players",#,"2023-01-01 07:06:23",active
"Paolo Wehner",alec64@mills.info,"TV Cables",#,"2023-01-01 07:06:23",active
"Fredrick Murphy",mertz.nasir@conn.biz,"Burton UK",#,"2023-01-01 07:06:23",active
"Maynard Rohan",dicki.kamille@yahoo.com,"Vision Direct UK",#,"2023-01-01 07:06:23",active
"Maximilian Wisozk",benny.stark@murphy.com,"Chocolate Trading Company",#,"2023-01-01 07:06:23",active
"Letitia Upton",mraz.kristina@white.com,Mobiles.co.uk,#,"2023-01-01 07:06:23",active
"Tyshawn Little",enola.klocko@skiles.biz,"The Safe Shop",#,"2023-01-01 07:06:23",active
"Laurence Stroman",emelie.medhurst@yahoo.com,"Cast In Style",#,"2023-01-01 07:06:23",active
"Newell Hand",kaelyn98@glover.com,"Vision Direct UK",#,"2023-01-01 07:06:23",active
"Sandra Kling",jmann@braun.net,Mobiles.co.uk,#,"2023-01-01 07:06:23",active
"Aurelia Friesen",courtney37@hotmail.com,"Chocolate Trading Company",#,"2023-01-01 07:06:23",active
"Madelynn Pouros",lreinger@gmail.com,"Mankind UK",#,"2023-01-01 07:06:23",active
"Brendon Rohan",okeefe.caroline@yahoo.com,"Savile Row Company Ltd",#,"2023-01-01 07:06:23",active
"Rosie Lockman",aileen.gislason@hotmail.com,"Savile Row Company Ltd",#,"2023-01-01 07:06:23",active
"Liliane McLaughlin",efren.fisher@dooley.net,CartridgeMonkey,#,"2023-01-01 07:06:23",active
"Andre Wyman",wisoky.cielo@gmail.com,Awin,#,"2023-01-01 07:06:23",active
"Michael Watsica",danika.strosin@gmail.com,InterRose,#,"2023-01-01 07:06:23",active
"Meggie Bartoletti",hammes.elenor@yahoo.com,"TV Cables",#,"2023-01-01 07:06:23",active
"Gerson Graham",rstiedemann@schmeler.net,TheDrinkShop,#,"2023-01-01 07:06:23",active
"Greta Swift",misael.kozey@gmail.com,"Chocolate Trading Company",#,"2023-01-01 07:06:23",active
"Vince Heathcote",olson.regan@gmail.com,"Cast In Style",#,"2023-01-01 07:06:23",active
"Jordy Wyman",darren52@yahoo.com,"Tooled Up",#,"2023-01-01 07:06:23",active
"Timmothy Harris",myrna.dach@yahoo.com,"TV Cables",#,"2023-01-01 07:06:23",active
"Jeffery Price",bobbie.quigley@frami.com,"Pharmacy2U Online Doctor",#,"2023-01-01 07:06:23",active
"Monserrat Keebler",wwaters@gmail.com,"Fitness Options",#,"2023-01-01 07:06:23",active
"Winona Lakin",klein.madge@schneider.info,Awin,#,"2023-01-01 07:06:23",active
"Beaulah Crist",cronin.mariam@mccullough.info,"The Safe Shop",#,"2023-01-01 07:06:23",active
"Madyson Eichmann",crunolfsson@mckenzie.org,TheDrinkShop,#,"2023-01-01 07:06:23",active
"Arvel Feil",derrick15@abbott.com,"Burton UK",#,"2023-01-01 07:06:23",active
"Kaylie Trantow",lmertz@blanda.com,"Cadbury Gifts Direct",#,"2023-01-01 07:06:23",active
"Piper Romaguera",modesta.bins@yahoo.com,"Tooled Up",#,"2023-01-01 07:06:23",active
"Sasha Lehner",runte.katelin@gmail.com,"Toffs Ltd",#,"2023-01-01 07:06:23",active
"Dena Stamm",flossie.pacocha@hotmail.com,"Mankind UK",#,"2023-01-01 07:06:23",active
"Rachelle Kling",grunolfsson@hotmail.com,"Appliance City",#,"2023-01-01 07:06:23",active
"Jacques White",vveum@price.com,Prezzybox,#,"2023-01-01 07:06:23",active
"Vance Waters",dschaden@gmail.com,"Song Galaxy",#,"2023-01-01 07:06:23",active
"Janis Stanton",obartoletti@gmail.com,"Darlings of Chelsea",#,"2023-01-01 07:06:23",active
"Brandi Bogisich",jheidenreich@jacobson.info,"Darlings of Chelsea",#,"2023-01-01 07:06:23",active
"Fernando Waters",padberg.veronica@hotmail.com,"Cast In Style",#,"2023-01-01 07:06:23",active
"Emilia Bailey",hudson14@oberbrunner.com,"Pharmacy2U Online Doctor",#,"2023-01-01 07:06:23",active
"Rhett Kshlerin",mckenzie.junior@bechtelar.net,"Vintage Wine Gifts",#,"2023-01-01 07:06:23",active
"Ambrose Kassulke",anais.robel@torp.com,"B & Q",#,"2023-01-01 07:06:23",active
"Michale Jenkins",rjohnston@wilkinson.info,Bunches.co.uk,#,"2023-01-01 07:06:23",active
"Stanton Fay",schneider.shayne@jones.com,"Cast In Style",#,"2023-01-01 07:06:23",active
"Elvis Botsford",kmertz@gmail.com,Create,#,"2023-01-01 07:06:23",active
"Ole Batz",gorczany.kane@yahoo.com,"Advanced MP3 Players",#,"2023-01-01 07:06:23",active
"Fannie Adams",stella01@wiza.net,"Ink Factory",#,"2023-01-01 07:06:23",active
"Shania Weimann",alexandria.schinner@farrell.info,"Novatech Ltd",#,"2023-01-01 07:06:23",active
"Alysson Hyatt",vicente.johnston@shields.com,Bunches.co.uk,#,"2023-01-01 07:06:23",active
"Nelle Wehner",haley.viva@beier.com,"Ink Factory",#,"2023-01-01 07:06:23",active
"Dexter Bergstrom",streich.ashley@gmail.com,"A Quarter Of...",#,"2023-01-01 07:06:23",active
"Lempi Schroeder",gottlieb.liliana@wiegand.org,"Appliance City",#,"2023-01-01 07:06:23",active
"Myriam Abbott",smraz@cassin.net,"Advanced MP3 Players",#,"2023-01-01 07:06:23",active
"Timmy Dickinson",ian.cartwright@yahoo.com,Buyagift.co.uk,#,"2023-01-01 07:06:23",active
"Queen Vandervort",corkery.rosanna@conn.net,"Vintage Wine Gifts",#,"2023-01-01 07:06:23",active
"Fredrick Murphy",mertz.nasir@conn.biz,"Advanced MP3 Players",#,"2023-01-01 07:06:23",active
"Tiara Stanton",nnikolaus@hotmail.com,"Vintage Wine Gifts",#,"2023-01-01 07:06:23",active
"Cecil Rice",bashirian.rosalyn@hotmail.com,"Advanced MP3 Players",#,"2023-01-01 07:06:23",active
"Danyka Zboncak",qlakin@hotmail.com,"Serenata Flowers",#,"2023-01-01 07:06:23",active
"Vivianne Quigley",ybode@gorczany.com,"Chocolate Trading Company",#,"2023-01-01 07:06:23",active
"William Predovic",jbradtke@jacobson.biz,Mobiles.co.uk,#,"2023-01-01 07:06:23",active
"Solon Swift",oren53@yahoo.com,"Ink Factory",#,"2023-01-01 07:06:23",active
"Ole Batz",gorczany.kane@yahoo.com,"Ink Factory",#,"2023-01-01 07:06:23",active
"Ilene Toy",faye.collier@abernathy.biz,InterRose,#,"2023-01-01 07:06:23",active
"Mercedes Schuster",berge.woodrow@hotmail.com,Post-a-Rose,#,"2023-01-01 07:06:23",active
"Syble Legros",domenick51@lebsack.net,"A Quarter Of...",#,"2023-01-01 07:06:23",active
"Jodie Champlin",patricia76@yahoo.com,"Burton UK",#,"2023-01-01 07:06:23",active
"Zoila Dooley",toni.russel@smith.com,Awin,#,"2023-01-01 07:06:23",active
"Meggie Gutmann",boris.ullrich@hotmail.com,"The Safe Shop",#,"2023-01-01 07:06:23",active
"Jamie Wintheiser",drolfson@gmail.com,"Tooled Up",#,"2023-01-01 07:06:23",active
"Aurelia Bosco",susan60@hotmail.com,"Tooled Up",#,"2023-01-01 07:06:23",active
"Giovanna Cummings",hill.myrtis@wunsch.net,Awin,#,"2023-01-01 07:06:23",active
"Jalen Kulas",bherman@hotmail.com,"Song Galaxy",#,"2023-01-01 07:06:23",active
"Gerson Graham",rstiedemann@schmeler.net,"A Quarter Of...",#,"2023-01-01 07:06:23",active
"Lempi Schroeder",gottlieb.liliana@wiegand.org,Bunches.co.uk,#,"2023-01-01 07:06:23",active
"Adolph Russel",arnaldo.gerhold@ruecker.com,"Serenata Flowers",#,"2023-01-01 07:06:23",active
"Edwina Bayer",oschaefer@block.com,"Beauty Expert UK",#,"2023-01-01 07:06:23",active
"Tomasa Klocko",zupton@klocko.com,"Burton UK",#,"2023-01-01 07:06:23",active
"Kamryn Kohler",bruce27@wunsch.com,"Fitness Options",#,"2023-01-01 07:06:23",active
"Judy Friesen",rruecker@doyle.org,Create,#,"2023-01-01 07:06:23",active
"Juliet Prosacco",nolson@hegmann.info,e2save,#,"2023-01-01 07:06:23",active
"Gene Ratke",elias23@gmail.com,"Fitness Options",#,"2023-01-01 07:06:23",active
"Quincy Walsh",trinity.ritchie@hotmail.com,"The Safe Shop",#,"2023-01-01 07:06:23",active
"Kristofer Welch",okeefe.dewayne@goldner.biz,"Song Galaxy",#,"2023-01-01 07:06:23",active
"Timmy Schulist",destinee.reynolds@denesik.com,"Toffs Ltd",#,"2023-01-01 07:06:23",active
"Savannah Davis",kgoldner@wyman.net,"Serenata Flowers",#,"2023-01-01 07:06:23",active
"Obie Goldner",clementine57@stokes.com,InterRose,#,"2023-01-01 07:06:23",active
"Celestino Cormier",rogahn.otha@nitzsche.biz,"Scottsdale Golf",#,"2023-01-01 07:06:23",active
"Devyn Beier",johnston.isadore@heller.net,InterRose,#,"2023-01-01 07:06:23",active
"Elvis Goyette",merl28@hotmail.com,"The Safe Shop",#,"2023-01-01 07:06:23",active
"Roselyn Christiansen",weldon.stiedemann@kertzmann.com,Mobiles.co.uk,#,"2023-01-01 07:06:23",active
"Kendra Feeney",stoltenberg.jalyn@barrows.com,"Song Galaxy",#,"2023-01-01 07:06:23",active
"Zoila Dooley",toni.russel@smith.com,"TV Cables",#,"2023-01-01 07:06:23",active
"Laverne Bechtelar",miguel16@gmail.com,"Ink Factory",#,"2023-01-01 07:06:23",active
"Harmony Spencer",heidenreich.shad@renner.info,Create,#,"2023-01-01 07:06:23",active
"Willis Cartwright",katelin28@kuhn.com,"Fitness Options",#,"2023-01-01 07:06:23",active
"Seamus Berge",soledad.donnelly@hayes.com,"TV Cables",#,"2023-01-01 07:06:23",active
"Sylvia Bailey",kub.hailey@yahoo.com,"TV Cables",#,"2023-01-01 07:06:23",active
"Tre Mills",vhuels@yahoo.com,"Chocolate Trading Company",#,"2023-01-01 07:06:23",active
"Larissa Considine",bobby54@schneider.biz,"Song Galaxy",#,"2023-01-01 07:06:23",active
"Katharina Johnston",ofelia.funk@swaniawski.com,"Cast In Style",#,"2023-01-01 07:06:23",active
"Evangeline Gorczany",wbeahan@upton.biz,Bunches.co.uk,#,"2023-01-01 07:06:23",active
"Tiffany Huels",dietrich.golden@yahoo.com,"Savile Row Company Ltd",#,"2023-01-01 07:06:23",active
"Nadia Turner",bettie73@gmail.com,Bunches.co.uk,#,"2023-01-01 07:06:23",active
"Erich Hickle",reffertz@tromp.com,"Scottsdale Golf",#,"2023-01-01 07:06:23",active
"Amelie Bergstrom",raynor.betty@yahoo.com,"Vision Direct UK",#,"2023-01-01 07:06:23",active
"Hugh O'Reilly",arvel.bergstrom@windler.com,"Mankind UK",#,"2023-01-01 07:06:23",active
"Christian Moen",onienow@gibson.net,InterRose,#,"2023-01-01 07:06:23",active
"Letitia Kerluke",rnicolas@carroll.biz,Names.co.uk,#,"2023-01-01 07:06:23",active
"Zachery Robel",kristoffer34@bartell.com,Mobiles.co.uk,#,"2023-01-01 07:06:23",active
"Deven Treutel",kconroy@gmail.com,"Burton UK",#,"2023-01-01 07:06:23",active
"Helmer Blick",jenkins.edd@kessler.com,"Cadbury Gifts Direct",#,"2023-01-01 07:06:23",active
"Nadia Deckow",giles.schoen@lesch.com,Names.co.uk,#,"2023-01-01 07:06:23",active
"Cathy O'Connell",olson.abraham@yahoo.com,"Bed Star Ltd",#,"2023-01-01 07:06:23",active
"Arnold Torp",darrick.kihn@gmail.com,"Beauty Expert UK",#,"2023-01-01 07:06:23",active
"Kaylee Lowe",mariano67@hotmail.com,"Pharmacy2U Online Doctor",#,"2023-01-01 07:06:23",active
"Micheal Maggio",jodie64@yahoo.com,"Chocolate Trading Company",#,"2023-01-01 07:06:23",active
"Emmanuelle Jaskolski",austen41@gmail.com,"Vision Direct UK",#,"2023-01-01 07:06:23",active
"Laurence Stroman",emelie.medhurst@yahoo.com,Post-a-Rose,#,"2023-01-01 07:06:23",active
"Amanda Stracke",trystan.hane@mante.biz,"TV Cables",#,"2023-01-01 07:06:23",active
"Carlee Stiedemann",eherman@boyle.com,"Vision Direct UK",#,"2023-01-01 07:06:23",active
"Jaqueline Schneider",gerlach.brant@frami.com,"Serenata Flowers",#,"2023-01-01 07:06:23",active
"Luisa Marquardt",bernhard.ruthe@kulas.info,Prezzybox,#,"2023-01-01 07:06:23",active
"Dawson Smith",baby68@hotmail.com,"A Quarter Of...",#,"2023-01-01 07:06:23",active
"Tia Grimes",nheller@dach.com,"Serenata Flowers",#,"2023-01-01 07:06:23",active
"Lauriane Lesch",genevieve48@rippin.net,"Savile Row Company Ltd",#,"2023-01-01 07:06:23",active
"Bret Hoppe",jacklyn97@maggio.com,"Cadbury Gifts Direct",#,"2023-01-01 07:06:23",active
"Ashlynn Swaniawski",deshawn.nienow@gmail.com,"Vision Direct UK",#,"2023-01-01 07:06:23",active
"Jakayla Heathcote",fthompson@heathcote.com,"Beauty Expert UK",#,"2023-01-01 07:06:23",active
"Aletha Hayes",lambert.gottlieb@hotmail.com,"The Safe Shop",#,"2023-01-01 07:06:23",active
"Lucy Franecki",alang@gmail.com,Create,#,"2023-01-01 07:06:23",active
"Waylon Shanahan",nvonrueden@goodwin.com,"Beauty Expert UK",#,"2023-01-01 07:06:23",active
"Cole Thiel",wkessler@hotmail.com,"Fitness Options",#,"2023-01-01 07:06:23",active
"Eveline Price",pdeckow@oconnell.org,"Vintage Wine Gifts",#,"2023-01-01 07:06:23",active
"Corbin Kreiger",maxwell.fadel@pfannerstill.info,Create,#,"2023-01-01 07:06:23",active
"Emie Wisozk",sreinger@gmail.com,"TV Cables",#,"2023-01-01 07:06:23",active
"Anibal Koepp",maggio.jesse@hotmail.com,"Dorothy Perkins UK",#,"2023-01-01 07:06:23",active
"Jamie Wintheiser",drolfson@gmail.com,"The Safe Shop",#,"2023-01-01 07:06:23",active
"Amanda Lubowitz",marques.yundt@homenick.com,InterRose,#,"2023-01-01 07:06:23",active
"Laron Metz",imonahan@howell.com,Awin,#,"2023-01-01 07:06:23",active
"Elaina Bruen",hoppe.retta@bayer.net,Awin,#,"2023-01-01 07:06:23",active
"Camren Ziemann",gkling@mohr.com,CartridgeMonkey,#,"2023-01-01 07:06:23",active
"Ricardo Stamm",vivienne12@lebsack.info,Create,#,"2023-01-01 07:06:23",active
"Clint Murphy",pdavis@gmail.com,"Vision Direct UK",#,"2023-01-01 07:06:23",active
"Pasquale Cremin",aleffler@yahoo.com,"Novatech Ltd",#,"2023-01-01 07:06:23",active
"Erich Jaskolski",jonatan.schneider@yahoo.com,"Mankind UK",#,"2023-01-01 07:06:23",active
"Stephen Aufderhar",johnson.domenico@hotmail.com,"B & Q",#,"2023-01-01 07:06:23",active
"Weldon Turcotte",florida.dickens@hotmail.com,"The Safe Shop",#,"2023-01-01 07:06:23",active
"Shany Shanahan",wisozk.raphael@crist.com,"Dorothy Perkins UK",#,"2023-01-01 07:06:23",active
"Amie Howell",ubaldo61@schmitt.com,TheDrinkShop,#,"2023-01-01 07:06:23",active
"Carleton Fahey",megane46@predovic.info,"Advanced MP3 Players",#,"2023-01-01 07:06:23",active
"Coy Swaniawski",quitzon.wava@hotmail.com,Names.co.uk,#,"2023-01-01 07:06:23",active
"Janet Lynch",tbecker@gusikowski.com,"Chocolate Trading Company",#,"2023-01-01 07:06:23",active
"Duane Collins",brenna48@luettgen.com,"Serenata Flowers",#,"2023-01-01 07:06:23",active
"Bart Leannon",hfritsch@yahoo.com,"Song Galaxy",#,"2023-01-01 07:06:23",active
"Sage Schoen",hills.douglas@gmail.com,"TV Cables",#,"2023-01-01 07:06:23",active
"Fleta Brown",glover.ricardo@hotmail.com,Names.co.uk,#,"2023-01-01 07:06:23",active
"Juston Thiel",rosalia.wolf@hotmail.com,"Mankind UK",#,"2023-01-01 07:06:23",active
"Taya Connelly",roxane.koss@friesen.com,Mobiles.co.uk,#,"2023-01-01 07:06:23",active
"Jacques White",vveum@price.com,Fragrancedirect,#,"2023-01-01 07:06:23",active
"Edgar Jacobi",pshanahan@borer.com,"Novatech Ltd",#,"2023-01-01 07:06:23",active
"Madalyn Daniel",champlin.rigoberto@schneider.com,"Mankind UK",#,"2023-01-01 07:06:23",active
"Brendon Rohan",okeefe.caroline@yahoo.com,Prezzybox,#,"2023-01-01 07:06:23",active
"Arvel Feil",derrick15@abbott.com,"Ink Factory",#,"2023-01-01 07:06:23",active
"Jazlyn Davis",wyman.lionel@gmail.com,"Ink Factory",#,"2023-01-01 07:06:23",active
"Wilma Spinka",cicero.mann@lockman.net,"Vintage Wine Gifts",#,"2023-01-01 07:06:23",active
"Vladimir Bernier",maximo09@sipes.com,"Pharmacy2U Online Doctor",#,"2023-01-01 07:06:22",active
"Georgette Armstrong",lou.cormier@yahoo.com,Awin,#,"2023-01-01 07:06:22",active
"Ron Rogahn",domenica.von@huel.com,"Beauty Expert UK",#,"2023-01-01 07:06:22",active
"Monserrat Keebler",wwaters@gmail.com,Names.co.uk,#,"2023-01-01 07:06:22",active
"Lester Doyle",lowell.kerluke@gmail.com,"Toffs Ltd",#,"2023-01-01 07:06:22",active
"Kaleigh Raynor",boyer.andy@smith.com,Bunches.co.uk,#,"2023-01-01 07:06:22",active
"Gaston Nikolaus",jnienow@blanda.info,"Dorothy Perkins UK",#,"2023-01-01 07:06:22",active
"Leonor Haag",jaquelin.reilly@gmail.com,"Dorothy Perkins UK",#,"2023-01-01 07:06:22",active
"Vernon Maggio",andres.conn@mertz.net,"Cast In Style",#,"2023-01-01 07:06:22",active
"Oliver Johnston",leannon.jaquelin@hotmail.com,e2save,#,"2023-01-01 07:06:22",active
"Paolo Wehner",alec64@mills.info,"Ink Factory",#,"2023-01-01 07:06:22",active
"Baylee Swift",yazmin85@konopelski.com,CartridgeMonkey,#,"2023-01-01 07:06:22",active
"Easton Zboncak",sincere.renner@walker.com,"Savile Row Company Ltd",#,"2023-01-01 07:06:22",active
"Brent Goyette",champlin.zelma@gmail.com,Create,#,"2023-01-01 07:06:22",active
"Super Admin",admin@trs.com,"Serenata Flowers",#,"2023-01-01 07:06:22",active
"Blake Ernser",tyrell81@hotmail.com,"Advanced MP3 Players",#,"2023-01-01 07:06:22",active
"Cecil Rice",bashirian.rosalyn@hotmail.com,"Fitness Options",#,"2023-01-01 07:06:22",active
"Coty Abernathy",dalton95@hotmail.com,Prezzybox,#,"2023-01-01 07:06:22",active
"Jaida Harvey",manuela84@kemmer.com,"Fitness Options",#,"2023-01-01 07:06:22",active
"Bernardo Mraz",wdaugherty@yahoo.com,"Mankind UK",#,"2023-01-01 07:06:22",active
"Darron Hessel",calista62@runolfsdottir.net,"Novatech Ltd",#,"2023-01-01 07:06:22",active
"Aleen Kassulke",leuschke.cleo@veum.org,"Darlings of Chelsea",#,"2023-01-01 07:06:22",active
"Zachery Robel",kristoffer34@bartell.com,"Chocolate Trading Company",#,"2023-01-01 07:06:22",active
"Dell Feest",hyatt.jayce@marvin.com,Fragrancedirect,#,"2023-01-01 07:06:22",active
"Emmy Kozey",kemmer.muriel@price.com,Mobiles.co.uk,#,"2023-01-01 07:06:22",active
"Shanon Nader",thilpert@gmail.com,Mobiles.co.uk,#,"2023-01-01 07:06:22",active
"Albertha Leannon",eli.quitzon@keeling.com,"Serenata Flowers",#,"2023-01-01 07:06:22",active
"Marquis Wolff",ugoyette@gmail.com,e2save,#,"2023-01-01 07:06:22",active
"Rodger Bayer",orpha.koepp@gmail.com,"Darlings of Chelsea",#,"2023-01-01 07:06:22",active
"Laisha Wuckert",dgleason@graham.com,"Scottsdale Golf",#,"2023-01-01 07:06:22",active
"Darrell Reilly",dwindler@armstrong.com,"Chocolate Trading Company",#,"2023-01-01 07:06:22",active
"Jada Sporer",kailey44@yahoo.com,"Novatech Ltd",#,"2023-01-01 07:06:22",active
"Aleen Emard",santos.mosciski@schmeler.com,"A Quarter Of...",#,"2023-01-01 07:06:22",active
"Donnie Shields",glover.jazmyn@hill.biz,Awin,#,"2023-01-01 07:06:22",active
"Ottis Thiel",fcruickshank@moore.com,"Pharmacy2U Online Doctor",#,"2023-01-01 07:06:22",active
"Golda Gottlieb",oreilly.jace@corkery.com,"TV Cables",#,"2023-01-01 07:06:22",active
"Camylle Heathcote",cpaucek@braun.org,"Darlings of Chelsea",#,"2023-01-01 07:06:22",active
"Kariane Braun",purdy.carolyn@robel.com,"The Safe Shop",#,"2023-01-01 07:06:22",active
"Anibal Koepp",maggio.jesse@hotmail.com,Buyagift.co.uk,#,"2023-01-01 07:06:22",active
"Riley Hauck",marley65@schuppe.com,"Pharmacy2U Online Doctor",#,"2023-01-01 07:06:22",active
"Rosie Lockman",aileen.gislason@hotmail.com,"Dorothy Perkins UK",#,"2023-01-01 07:06:22",active
"Alexa Towne",aaron65@ward.net,"Bed Star Ltd",#,"2023-01-01 07:06:22",active
"Letitia Upton",mraz.kristina@white.com,"Beauty Expert UK",#,"2023-01-01 07:06:22",active
"Mariano Wyman",baumbach.aimee@yahoo.com,"Tooled Up",#,"2023-01-01 07:06:22",active
"Abdul Schaden",ibailey@gmail.com,"Toffs Ltd",#,"2023-01-01 07:06:22",active
"Rickey Gusikowski",selena.roberts@walsh.org,"Cast In Style",#,"2023-01-01 07:06:22",active
"Verda Lowe",ebba99@heaney.com,Buyagift.co.uk,#,"2023-01-01 07:06:22",active
"Joe Cummings",chanel48@gmail.com,"Ink Factory",#,"2023-01-01 07:06:22",active
"Luigi Mitchell",gusikowski.patsy@hotmail.com,"Ink Factory",#,"2023-01-01 07:06:22",active
"Darrin Glover",norris.rutherford@harris.info,Mobiles.co.uk,#,"2023-01-01 07:06:22",active
"Theron Harber",fnolan@gmail.com,"Appliance City",#,"2023-01-01 07:06:22",active
"Selina Larkin",balistreri.vernice@yahoo.com,"Tooled Up",#,"2023-01-01 07:06:22",active
"Conor Ratke",schumm.breana@gutkowski.com,"Advanced MP3 Players",#,"2023-01-01 07:06:22",active
"Ryann Kuhic",bonita75@gmail.com,CartridgeMonkey,#,"2023-01-01 07:06:22",active
"Stephen Reinger",loyce.bogisich@hotmail.com,"Cadbury Gifts Direct",#,"2023-01-01 07:06:22",active
"Carole Jast",tlowe@yahoo.com,"A Quarter Of...",#,"2023-01-01 07:06:22",active
"Aletha Hayes",lambert.gottlieb@hotmail.com,"Fitness Options",#,"2023-01-01 07:06:22",active
"Brian Dibbert",skautzer@gmail.com,"Vintage Wine Gifts",#,"2023-01-01 07:06:22",active
"Daron Runte",salma.monahan@boyle.com,e2save,#,"2023-01-01 07:06:22",active
"Bernardo Mraz",wdaugherty@yahoo.com,"Novatech Ltd",#,"2023-01-01 07:06:22",active
"Finance Manager",finance@trs.com,"Scottsdale Golf",#,"2023-01-01 07:06:22",active
"Johnpaul Conn",niko.pollich@cummerata.org,"Vision Direct UK",#,"2023-01-01 07:06:22",active
"Dedric Doyle",lenna.daugherty@yahoo.com,Buyagift.co.uk,#,"2023-01-01 07:06:22",active
"Edwina Bayer",oschaefer@block.com,"Novatech Ltd",#,"2023-01-01 07:06:22",active
"Amelie Bergstrom",raynor.betty@yahoo.com,Mobiles.co.uk,#,"2023-01-01 07:06:22",active
"Alysson Hyatt",vicente.johnston@shields.com,"Savile Row Company Ltd",#,"2023-01-01 07:06:22",active
"Luz Goodwin",dominique45@yahoo.com,e2save,#,"2023-01-01 07:06:22",active
"Chance Kerluke",andreane.hirthe@gmail.com,Create,#,"2023-01-01 07:06:22",active
"Charlie Johnston",karlie00@hotmail.com,"Novatech Ltd",#,"2023-01-01 07:06:22",active
"Brandy Welch",lurline60@runolfsdottir.net,Prezzybox,#,"2023-01-01 07:06:22",active
"Meta Treutel",davis.eldon@schroeder.biz,Fragrancedirect,#,"2023-01-01 07:06:22",active
"Arvid Boyer",miles.krajcik@yahoo.com,"Song Galaxy",#,"2023-01-01 07:06:22",active
"Barbara Goyette",franecki.anastacio@hotmail.com,"Mankind UK",#,"2023-01-01 07:06:22",active
"Elaina Bruen",hoppe.retta@bayer.net,"Vision Direct UK",#,"2023-01-01 07:06:22",active
"Maurine Quitzon",jany69@hayes.com,"Appliance City",#,"2023-01-01 07:06:22",active
"Laurence Stroman",emelie.medhurst@yahoo.com,"Scottsdale Golf",#,"2023-01-01 07:06:22",active
"Caroline Bayer",vernie.ritchie@cronin.com,Bunches.co.uk,#,"2023-01-01 07:06:22",active
"Onie Strosin",brekke.cierra@gmail.com,"Appliance City",#,"2023-01-01 07:06:22",active
"Israel Kuvalis",johnson17@yahoo.com,"Tooled Up",#,"2023-01-01 07:06:22",active
"Ursula Rice",jquigley@reichert.net,"Appliance City",#,"2023-01-01 07:06:22",active
"Dee Hammes",garett07@bergnaum.net,"Pharmacy2U Online Doctor",#,"2023-01-01 07:06:22",active
"Barton Larson",ricky39@gmail.com,"Novatech Ltd",#,"2023-01-01 07:06:22",active
"Jalen Kulas",bherman@hotmail.com,TheDrinkShop,#,"2023-01-01 07:06:22",active
"Joannie Frami",oferry@kulas.info,"Darlings of Chelsea",#,"2023-01-01 07:06:22",active
"Dane Runolfsson",schmeler.turner@yahoo.com,InterRose,#,"2023-01-01 07:06:22",active
"Neil Mertz",trisha.walker@welch.biz,Fragrancedirect,#,"2023-01-01 07:06:22",active
"Camren Hand",favian73@quigley.net,"Novatech Ltd",#,"2023-01-01 07:06:22",active
"Asa Koch",will.weissnat@yahoo.com,Mobiles.co.uk,#,"2023-01-01 07:06:22",active
"Ben Hermiston",josh.kessler@hotmail.com,"Fitness Options",#,"2023-01-01 07:06:22",active
"Ike O'Connell",shany.bayer@hotmail.com,Post-a-Rose,#,"2023-01-01 07:06:22",active
"Amari Flatley",sjenkins@hegmann.com,CartridgeMonkey,#,"2023-01-01 07:06:22",active
"Darrin Bauch",dicki.erin@hotmail.com,"The Safe Shop",#,"2023-01-01 07:06:22",active
"Clint Murphy",pdavis@gmail.com,"Tooled Up",#,"2023-01-01 07:06:22",active
"Cooper Brown",avery23@satterfield.biz,"Cadbury Gifts Direct",#,"2023-01-01 07:06:22",active
"Tony Kulas",aschimmel@yahoo.com,"Scottsdale Golf",#,"2023-01-01 07:06:22",active
"Lew Stehr",kendall18@gmail.com,"Burton UK",#,"2023-01-01 07:06:22",active
"Elliot Bernier",omills@ankunding.com,TheDrinkShop,#,"2023-01-01 07:06:22",active
"Pearlie Waelchi",heber51@torphy.info,"Fitness Options",#,"2023-01-01 07:06:22",active
"Roselyn Christiansen",weldon.stiedemann@kertzmann.com,Post-a-Rose,#,"2023-01-01 07:06:22",active
"Mathilde Purdy",schinner.wilford@hotmail.com,"Mankind UK",#,"2023-01-01 07:06:22",active
"Lucile Russel",ujakubowski@yahoo.com,"Ink Factory",#,"2023-01-01 07:06:22",active
"Paxton Kuhlman",zbogan@gmail.com,"Savile Row Company Ltd",#,"2023-01-01 07:06:22",active
"Tiara Stanton",nnikolaus@hotmail.com,"Vintage Wine Gifts",#,"2023-01-01 07:06:22",active
"Lowell Balistreri",kiana45@hotmail.com,Mobiles.co.uk,#,"2023-01-01 07:06:22",active
"Bonnie Gerlach",agustina.goodwin@glover.com,"Scottsdale Golf",#,"2023-01-01 07:06:22",active
"Dorris Deckow",devon71@yahoo.com,"A Quarter Of...",#,"2023-01-01 07:06:22",active
"Zetta Miller",skulas@yahoo.com,"Fitness Options",#,"2023-01-01 07:06:22",active
"Madison Flatley",preichert@conn.com,"Scottsdale Golf",#,"2023-01-01 07:06:22",active
"Lia Beier",jaylin72@gmail.com,"B & Q",#,"2023-01-01 07:06:22",active
"Lucile Russel",ujakubowski@yahoo.com,CartridgeMonkey,#,"2023-01-01 07:06:22",active
"Asha Mosciski",milford14@white.biz,Prezzybox,#,"2023-01-01 07:06:22",active
"Nickolas Frami",jacobson.tillman@bahringer.net,CartridgeMonkey,#,"2023-01-01 07:06:22",active
"Bryce Barrows",ubogan@gmail.com,"Bed Star Ltd",#,"2023-01-01 07:06:22",active
"Kaylie Trantow",lmertz@blanda.com,"Advanced MP3 Players",#,"2023-01-01 07:06:22",active
"Merl Gaylord",lilian27@mcglynn.com,"Scottsdale Golf",#,"2023-01-01 07:06:22",active
"Chelsea Lesch",cristal.rosenbaum@bahringer.com,"Vintage Wine Gifts",#,"2023-01-01 07:06:22",active
"Janet Lynch",tbecker@gusikowski.com,Awin,#,"2023-01-01 07:06:22",active
"Katharina Johnston",ofelia.funk@swaniawski.com,"The Safe Shop",#,"2023-01-01 07:06:22",active
"Carter Hahn",felipe.corwin@hotmail.com,"Toffs Ltd",#,"2023-01-01 07:06:22",active
"Daron Ankunding",russel.theodore@yahoo.com,"Chocolate Trading Company",#,"2023-01-01 07:06:22",active
"Candice Herman",dolly36@durgan.com,"Scottsdale Golf",#,"2023-01-01 07:06:22",active
"Milan Breitenberg",lkshlerin@kunde.com,e2save,#,"2023-01-01 07:06:22",active
"Keely Ledner",treutel.luther@hotmail.com,"TV Cables",#,"2023-01-01 07:06:22",active
"Lavinia Barrows",fahey.emmy@yahoo.com,"Song Galaxy",#,"2023-01-01 07:06:22",active
"Watson Heidenreich",eloy36@hotmail.com,"Cast In Style",#,"2023-01-01 07:06:22",active
"Sylvia Bailey",kub.hailey@yahoo.com,Buyagift.co.uk,#,"2023-01-01 07:06:22",active
"Arne Carter",lucas54@hotmail.com,CartridgeMonkey,#,"2023-01-01 07:06:22",active
"Sage Schoen",hills.douglas@gmail.com,"Ink Factory",#,"2023-01-01 07:06:22",active
"Kelley O'Keefe",kessler.osvaldo@schultz.org,"Scottsdale Golf",#,"2023-01-01 07:06:22",active
"Carole Jast",tlowe@yahoo.com,"Song Galaxy",#,"2023-01-01 07:06:22",active
"Letitia Kerluke",rnicolas@carroll.biz,"Serenata Flowers",#,"2023-01-01 07:06:22",active
"Stone Hayes",megane.tromp@yahoo.com,"Scottsdale Golf",#,"2023-01-01 07:06:22",active
"Aric McKenzie",spinka.karson@kling.com,e2save,#,"2023-01-01 07:06:22",active
"Piper Romaguera",modesta.bins@yahoo.com,"Vision Direct UK",#,"2023-01-01 07:06:22",active
"Shania Weimann",alexandria.schinner@farrell.info,Names.co.uk,#,"2023-01-01 07:06:22",active
"Kane Nikolaus",brianne.simonis@grady.com,Mobiles.co.uk,#,"2023-01-01 07:06:22",active
"Monica Terry",kilback.adrian@shanahan.com,"Burton UK",#,"2023-01-01 07:06:22",active
"Ardella Langosh",margret04@yahoo.com,CartridgeMonkey,#,"2023-01-01 07:06:22",active
"Price Harvey",elmer72@toy.com,"Toffs Ltd",#,"2023-01-01 07:06:22",active
"Asha Mosciski",milford14@white.biz,"Vision Direct UK",#,"2023-01-01 07:06:22",active
"Emmy Kozey",kemmer.muriel@price.com,CartridgeMonkey,#,"2023-01-01 07:06:22",active
"Odessa Rowe",devon54@harris.com,Mobiles.co.uk,#,"2023-01-01 07:06:22",active
"Verlie McLaughlin",barrows.mandy@hauck.com,"Mankind UK",#,"2023-01-01 07:06:22",active
"Beaulah Crist",cronin.mariam@mccullough.info,"A Quarter Of...",#,"2023-01-01 07:06:22",active
"Corene Sawayn",kathlyn.kuvalis@hotmail.com,"TV Cables",#,"2023-01-01 07:06:22",active
"Lessie Gusikowski",austin69@stokes.com,Prezzybox,#,"2023-01-01 07:06:22",active
"Ambrose Kassulke",anais.robel@torp.com,"Ink Factory",#,"2023-01-01 07:06:22",active
"Esmeralda Ernser",chaya62@yahoo.com,"Serenata Flowers",#,"2023-01-01 07:06:22",active
"Greta Swift",misael.kozey@gmail.com,"Serenata Flowers",#,"2023-01-01 07:06:22",active
"Newell Hand",kaelyn98@glover.com,Create,#,"2023-01-01 07:06:22",active
"Zaria Kautzer",marianne36@paucek.net,"Toffs Ltd",#,"2023-01-01 07:06:22",active
"Jaydon Nicolas",simeon.hammes@yahoo.com,"The Safe Shop",#,"2023-01-01 07:06:22",active
"Marta Kunze",harrison48@hotmail.com,InterRose,#,"2023-01-01 07:06:22",active
"Hilton Weissnat",beahan.eugenia@hills.com,"A Quarter Of...",#,"2023-01-01 07:06:22",active
"Darrin Bauch",dicki.erin@hotmail.com,"Burton UK",#,"2023-01-01 07:06:22",active
"Alysson Hyatt",vicente.johnston@shields.com,Create,#,"2023-01-01 07:06:22",active
"Sam Gutkowski",rkovacek@gusikowski.com,Names.co.uk,#,"2023-01-01 07:06:22",active
"Alison Borer",delbert.harris@gmail.com,"Song Galaxy",#,"2023-01-01 07:06:22",active
"Lula Krajcik",clair.beier@koch.com,"A Quarter Of...",#,"2023-01-01 07:06:22",active
"Fae O'Connell",anibal50@yahoo.com,"The Safe Shop",#,"2023-01-01 07:06:22",active
"Jaren DuBuque",torp.jacklyn@beer.biz,"B & Q",#,"2023-01-01 07:06:22",active
"Roberta Lueilwitz",mkling@zboncak.com,Prezzybox,#,"2023-01-01 07:06:22",active
"Amanda Lubowitz",marques.yundt@homenick.com,"Beauty Expert UK",#,"2023-01-01 07:06:22",active
"Landen Ankunding",casper.jeremie@hotmail.com,"Serenata Flowers",#,"2023-01-01 07:06:22",active
"Celestino Cormier",rogahn.otha@nitzsche.biz,e2save,#,"2023-01-01 07:06:22",active
"Cooper Brown",avery23@satterfield.biz,"Vintage Wine Gifts",#,"2023-01-01 07:06:22",active
"Eve Casper",rconsidine@treutel.com,Buyagift.co.uk,#,"2023-01-01 07:06:22",active
"Valentin Toy",melvin33@moen.com,"TV Cables",#,"2023-01-01 07:06:22",active
"Verlie McLaughlin",barrows.mandy@hauck.com,"Tooled Up",#,"2023-01-01 07:06:22",active
"Hailie Treutel",vickie53@doyle.biz,TheDrinkShop,#,"2023-01-01 07:06:22",active
"Syble Roob",deborah72@koepp.com,InterRose,#,"2023-01-01 07:06:22",active
"Sam Gutkowski",rkovacek@gusikowski.com,"Vision Direct UK",#,"2023-01-01 07:06:22",active
"Carlee Haag",hcarter@hotmail.com,"Mankind UK",#,"2023-01-01 07:06:22",active
"Ole Batz",gorczany.kane@yahoo.com,Prezzybox,#,"2023-01-01 07:06:22",active
"Kelvin Jacobi",francesca07@yahoo.com,Mobiles.co.uk,#,"2023-01-01 07:06:22",active
"Isabella Rowe",easton36@hintz.biz,Awin,#,"2023-01-01 07:06:22",active
"Maureen Parker",braun.tiffany@yahoo.com,"Song Galaxy",#,"2023-01-01 07:06:22",active
"Edythe Swaniawski",stark.noelia@yahoo.com,"Vintage Wine Gifts",#,"2023-01-01 07:06:22",active
"Nelle Wehner",haley.viva@beier.com,"Advanced MP3 Players",#,"2023-01-01 07:06:22",active
"Kaleigh Raynor",boyer.andy@smith.com,CartridgeMonkey,#,"2023-01-01 07:06:22",active
"Leonor Haag",jaquelin.reilly@gmail.com,"Toffs Ltd",#,"2023-01-01 07:06:22",active
"Charley Friesen",edward.greenfelder@predovic.com,Prezzybox,#,"2023-01-01 07:06:22",active
"Emerald Keebler",goodwin.deanna@hotmail.com,"Darlings of Chelsea",#,"2023-01-01 07:06:22",active
"Jodie Champlin",patricia76@yahoo.com,e2save,#,"2023-01-01 07:06:22",active
"Joy Flatley",gusikowski.leland@boyer.com,"Vision Direct UK",#,"2023-01-01 07:06:22",active
"Wilson Streich",vtorphy@kassulke.com,"Dorothy Perkins UK",#,"2023-01-01 07:06:22",active
"Marquise Crist",xwolff@hotmail.com,"Dorothy Perkins UK",#,"2023-01-01 07:06:22",active
"Verda Lowe",ebba99@heaney.com,"Song Galaxy",#,"2023-01-01 07:06:22",active
"Alisa Huels",stanton.kaitlyn@yahoo.com,"Novatech Ltd",#,"2023-01-01 07:06:22",active
"Princess Mante",reichel.elouise@oreilly.info,"Dorothy Perkins UK",#,"2023-01-01 07:06:22",active
"Jaida Harvey",manuela84@kemmer.com,"Savile Row Company Ltd",#,"2023-01-01 07:06:22",active
"Kimberly Leannon",hudson.raquel@yahoo.com,Create,#,"2023-01-01 07:06:22",active
"Sherwood Nader",rkreiger@gmail.com,InterRose,#,"2023-01-01 07:06:22",active
