Title,store,description,"sale commission","click url",destination,"link id","link type","coupon code","promotion type","promotion start date","promotion end date"
"Wang Brooks","Heimdal Security Affiliate Program","<p>In id, et et laborio.</p>",50%,#,#,545454,,dddd,coupon,"2021-04-14 00:00:00","2021-04-30 00:00:00"
"10% off on web development service",TRS,,10%,https://therightsw.com,https://therightsw.com,252444,,Ramzan,coupon,"2021-04-15 00:00:00","2021-04-30 00:00:00"
"Save EXTRA on AC: Valhalla with -6% OFF code!",Kinguin,,"2.50% - 5.00%",https://www.tkqlhce.com/click-100179843-14368920-1610369434000,https://www.kinguin.net/cjaffiliate/index/index/ref/cj/?URL=https://www.kinguin.net/category/79123/assassin-s-creed-valhalla-eu-uplay-cd-key,14368920,"Text Link",VALHALLA,Coupon,"2020-11-02 01:05:00","2021-04-15 00:00:00"
"⚽ Save on FIFA 21 & Get 6-month discount on FUT points!",Kinguin,"New FIFA is here! Start Your Road to Stardom. Extra -3% code: WINASONE + BONUS: 6-month discount on FUT points with your FIFA 21 order! Save on FIFA 21, get FUT points for less. Get 4% OFF on FUT points for 6 months with FIFA 21!","2.50% - 5.00%",https://www.kqzyfj.com/click-100179843-14343689-1610367016000,https://www.kinguin.net/cjaffiliate/index/index/ref/cj/?URL=https://www.kinguin.net/category/77692/fifa-21-origin-cd-key,14343689,"Text Link",WINASONE,Coupon,"2020-10-08 01:05:00","2021-06-01 14:55:00"
"🤑 Get up to 90% off on best games, extra 8% code: SAVER",Kinguin,"Buy best selling games at a great price with instant delivery. Hot gamedeals for PC and console, extra 8% code: SAVER
","2.50% - 5.00%",https://www.anrdoezrs.net/click-100179843-14328805-1610366637000,https://www.kinguin.net/cjaffiliate/index/index/ref/cj/?URL=https://www.kinguin.net/,14328805,"Text Link",SAVER,Coupon,"2020-09-18 01:05:00","2021-06-01 14:55:00"
"✨ Save up to 30% on Cyberpunk 2077 - Instant Delivery! ",Kinguin,"Cyberpunk 2077 game. No more waiting! Cyberpunk 2077 has arrived. You're a minute away from owning the #1 awaited game of all time. Save up to 30% today and buy it with a 6% discount code: CYBERPUNK.

Check out our other special Cyberpunk 2077 deals: https://deal.kinguin.net","2.50% - 5.00%",https://www.kqzyfj.com/click-100179843-14408218-1610370126000,https://www.kinguin.net/cjaffiliate/index/index/ref/cj/?URL=https://www.kinguin.net/category/64435/cyberpunk-2077-gog-cd-key,14408218,"Text Link",CYBERPUNK,Coupon,"2020-12-04 01:05:00","2021-06-01 14:55:00"
"❤️ Playstation Network Card €12 DE PSN for €9,19 with code",Kinguin,"Cheap Playstation Network Card €12 DE PSN for €9,19 with code: SAVER","2.50% - 5.00%",https://www.tkqlhce.com/click-100179843-14398284-1610369706000,https://www.kinguin.net/cjaffiliate/index/index/ref/cj/?URL=https://www.kinguin.net/category/76875/playstation-network-card-a-12-de,14398284,"Text Link",SAVER,Coupon,"2020-11-25 04:05:00","2021-06-01 14:55:00"
"15% Off Stiewide Easter Super Sale",Knowfashionstyle.com,"15% Off Coupon Code Eas15 For Easter Sale",11.00%,https://www.jdoqocy.com/click-100179843-14487745-1616405478000,https://www.knowfashionstyle.com/Easter-0319-AFF-tp16388.html,14487745,"Text Link",Eas15,Coupon,"2021-03-22 02:30:00","2021-04-30 01:00:00"
"Up To 45% Off Backless Slit Halter Sleeveless Dress",Knowfashionstyle.com,"Up To 45% Off Backless Slit Halter Sleeveless Dress",11.00%,https://www.tkqlhce.com/click-100179843-14486471-1616137578000,https://www.knowfashionstyle.com/Red-Fashion-Sexy-Plus-Size-Print-Backless-Slit-Halter-Sleeveless-Dress-p1381839.html,14486471,Banner,Plus,Coupon,"2021-03-19 00:00:00","2021-06-30 01:00:00"
"12% OFF Category Coupon for Tops",Knowfashionstyle.com,"12% OFF Coupon for All kinds of Women  Tops.",11.00%,https://www.jdoqocy.com/click-100179843-14082289-1611631255000,https://www.knowfashionstyle.com/TOPS-c9121.html,14082289,"Text Link",Tops,Coupon,"2020-06-28 02:44:00","2021-05-30 09:00:00"
"15% OFF Category Coupon for Plus Size",Knowfashionstyle.com,"Women's Fashion, extra 15% OFF for all kinds of Plus Size.",11.00%,https://www.jdoqocy.com/click-100179843-14082277-1611631236000,https://www.knowfashionstyle.com/PLUS-SIZE-c36277.html,14082277,"Text Link",Plus,Coupon,"2020-06-28 00:16:00","2021-05-30 09:00:00"
"45% Off Hot Sale V Neck Plus Size Two Pieces",Knowfashionstyle.com,"<LINK>45% Off<</LINK> Hot Sale V Neck Plus Size Two Pieces",11.00%,https://www.dpbolvw.net/click-100179843-14486470-1616137278000,https://www.knowfashionstyle.com/Black-Fashion-Casual-Solid-Slit-V-Neck-Plus-Size-Two-Pieces-p1382753.html,14486470,Banner,Plus,Coupon,"2021-03-19 00:00:00","2021-06-30 01:00:00"
"15% OFF Coupon for Orders Over $150",Knowfashionstyle.com,"15% OFF Coupon Code SAVE15 for Orders Over $150+
at www.knowfashionstyle.com",11.00%,https://www.jdoqocy.com/click-100179843-14444055-1611633600000,https://www.knowfashionstyle.com/,14444055,"Text Link",Save15,Coupon,"2021-01-25 20:00:00","2021-05-30 09:00:00"
"12% OFF Category Coupon for Bottoms",Knowfashionstyle.com,"12% OFF Coupon for All kinds of Women Bottoms",11.00%,https://www.kqzyfj.com/click-100179843-14082290-1611631279000,https://www.knowfashionstyle.com/BOTTOMS-c9120.html,14082290,"Text Link",Bottom,Coupon,"2020-06-28 02:52:00","2021-05-30 09:00:00"
"12% OFF Category Coupon for Shoes",Knowfashionstyle.com,"12% OFF Coupon for All kinds of Women  Shoes.",11.00%,https://www.jdoqocy.com/click-100179843-14498396-1617355803000,https://www.knowfashionstyle.com/SHOES-c42442.html,14498396,"Text Link",Shoes,Coupon,"2021-04-02 02:30:00","2021-12-31 08:00:00"
"Easter Special Offer 45% Off Fashion Jeans",Knowfashionstyle.com,"Easter Special Offer <LINK>45% Off</LINK> Fashion Jeans",11.00%,https://www.dpbolvw.net/click-100179843-14493734-1616828408000,https://www.knowfashionstyle.com/Fashion-Casual-Stitching-Blue-Ripped-Jeans-p1173102.html,14493734,Banner,Eas15,Coupon,"2021-03-27 00:00:00","2021-04-30 01:00:00"
"5% OFF Coupon for Orders Over $50",Knowfashionstyle.com,"Get 5% OFF when orders over $50 for all kinds of products.",11.00%,https://www.tkqlhce.com/click-100179843-14082291-1611631310000,https://www.knowfashionstyle.com,14082291,"Text Link",SAVE5,Coupon,"2020-06-28 02:59:00","2021-05-30 09:00:00"
"LovelyWholesale Clearance - Buy $50+ Get 50% OFF",LovelyWholesale,"Buy $50+ Get 50% OFF",10.00%,https://www.anrdoezrs.net/click-100179843-14429474-1614289648000,https://www.lovelywholesale.com/LW%20Clearance%20-%20down%20to%20$3.99-vc-1485.html,14429474,Banner,SALE50,Coupon,"2021-01-05 19:10:00","2021-05-28 09:00:00"
"LovelyWholesale Clearance - Buy $50+ Get 50% OFF",LovelyWholesale,"Buy $50+ Get 50% OFF",10.00%,https://www.kqzyfj.com/click-100179843-14429475-1614289648000,https://www.lovelywholesale.com/LW%20Clearance%20-%20down%20to%20$3.99-vc-1485.html,14429475,Banner,SALE50,Coupon,"2021-01-05 19:10:00","2021-05-28 09:00:00"
"LovelyWholesale Clearance - Buy $50+ Get 50% OFF",LovelyWholesale,"Buy $50+ Get 50% OFF",10.00%,https://www.kqzyfj.com/click-100179843-14429472-1614289648000,https://www.lovelywholesale.com/LW%20Clearance%20-%20down%20to%20$3.99-vc-1485.html,14429472,Banner,SALE50,Coupon,"2021-01-05 19:10:00","2021-05-28 09:00:00"
"LovelyWholesale Clearance - Buy $50+ Get 50% OFF",LovelyWholesale,"Buy $50+ Get 50% OFF",10.00%,https://www.jdoqocy.com/click-100179843-14429470-1614289648000,https://www.lovelywholesale.com/LW%20Clearance%20-%20down%20to%20$3.99-vc-1485.html,14429470,Banner,SALE50,Coupon,"2021-01-05 19:10:00","2021-05-28 09:00:00"
"LovelyWholesale Clearance - Buy $50+ Get 50% OFF",LovelyWholesale,"Buy $50+ Get 50% OFF",10.00%,https://www.anrdoezrs.net/click-100179843-14429471-1614289648000,https://www.lovelywholesale.com/LW%20Clearance%20-%20down%20to%20$3.99-vc-1485.html,14429471,Banner,SALE50,Coupon,"2021-01-05 19:10:00","2021-05-28 09:00:00"
"LovelyWholesale Clearance - Buy $50+ Get 50% OFF",LovelyWholesale,"Buy $50+ Get 50% OFF",10.00%,https://www.kqzyfj.com/click-100179843-14429469-1614289648000,https://www.lovelywholesale.com/LW%20Clearance%20-%20down%20to%20$3.99-vc-1485.html,14429469,Banner,SALE50,Coupon,"2021-01-05 19:10:00","2021-05-28 09:00:00"
"Subscribe to Our Newsletters & Get 10% Off Your First Order!",Mahabis,"Subscribe to Our Newsletters & Get 10% Off Your First Order!",7.50%,https://www.anrdoezrs.net/click-100179843-13956822-1580148856000,https://www.mahabis.com/?&a=0,13956822,"Text Link",,Coupon,"2019-12-18 00:00:00","2024-12-31 00:00:00"
"Refer a Friend & You Both Receive a 10% Coupon!",Mahabis,"Refer a Friend & You Both Receive a 10% Coupon!",7.50%,https://www.anrdoezrs.net/click-100179843-13956818-1580148891000,https://mahabis.com/pages/refer-a-friend-us/?&a=0,13956818,"Text Link",,Coupon,"2020-01-27 10:11:00","2024-06-27 00:00:00"
"Recycle Your Old Mahabis & Get 15% Off Your Next Pair (UK Only)!",Mahabis,"Recycle Your Old Mahabis & Get 15% Off Your Next Pair (UK Only)!",7.50%,https://www.tkqlhce.com/click-100179843-13956824-1601924912000,https://mahabis.com/pages/recycle-your-old-mahabis/?&a=0,13956824,"Text Link",,Coupon,"2020-01-27 10:11:00","2024-06-27 00:00:00"
"5% off £150 spend","Maison Threads","5% off £150 spend",6.00%,https://www.jdoqocy.com/click-100179843-14487964-1616423075000,https://www.threadsmenswear.com/,14487964,"Text Link",MTHREADS5,Coupon,"2021-03-22 07:24:00","2021-06-27 16:00:00"
"15% off cosmetics with code 15NOTINO",Notino.co.uk,"15% off cosmetics with code 15NOTINO",4.00%,https://www.jdoqocy.com/click-100179843-14503621-1618089682000,https://www.notino.co.uk/,14503621,"Text Link",15NOTINO,Coupon,"2021-04-11 15:00:00","2021-04-18 14:59:00"
"15% off coupon code: Tenorshare WhatsApp Transfer",Tenorshare/PassFab,"The coupon code is lifetime valid.
",50.00%,https://www.anrdoezrs.net/click-100179843-13933562-1597744041000,https://www.tenorshare.com/products/icarefone.html,13933562,"Text Link",H89S-F5PA,Coupon,"2019-12-24 08:00:00","2100-12-26 01:03:00"
"15% off storewide discount",Tenorshare/PassFab,"This coupon code is available for all our language sites, en, jp, ar, pt, es, ru, it, fr.
",50.00%,https://www.dpbolvw.net/click-100179843-14029047-1597744538000,https://www.passfab.com,14029047,"Text Link",D59A3P,Coupon,"2020-04-15 20:00:00","2080-04-15 20:00:00"
"PassFab Product Key Recovery, 10% off",Tenorshare/PassFab,"This coupon code is available for all our language sites, en, jp, ar, pt, es, ru, it, fr.
",50.00%,https://www.anrdoezrs.net/click-100179843-14029032-1592933670000,https://www.passfab.com/products/product-key-recovery.html,14029032,"Text Link",D2P-8LZ,Coupon,"2020-04-15 19:30:00","2080-04-15 09:00:00"
"10% off iOS Password Manager",Tenorshare/PassFab,"10% off iOS Password Manager
",50.00%,https://www.dpbolvw.net/click-100179843-14029045-1592933670000,https://www.passfab.com/products/ios-password-manager.html,14029045,"Text Link",7E4C8F,Coupon,"2020-04-15 20:00:00","2080-04-15 20:00:00"
"5% off coupon code: Tenorshare TunesCare, iTunes repair",Tenorshare/PassFab,"The coupon code is lifetime valid.
",50.00%,https://www.anrdoezrs.net/click-100179843-13933572-1592933670000,https://www.tenorshare.com/products/tunescare.html,13933572,"Text Link",H68S-P2G4,Coupon,"2019-12-24 08:00:00","2100-12-25 08:00:00"
"10% off coupon code: Tenorshare UltData, Android data recovery",Tenorshare/PassFab,"The coupon code is lifetime valid.
",50.00%,https://www.jdoqocy.com/click-100179843-13933567-1597744199000,https://www.tenorshare.com/products/android-data-recovery.html,13933567,"Text Link",DF78-H3P6,Coupon,"2019-12-24 08:00:00","2100-12-25 08:00:00"
"15% off PassFab iPhone Screen PassCode Unlocker",Tenorshare/PassFab,"This coupon code is available for all our language sites, en, jp, ar, pt, es, ru, it, fr.
",50.00%,https://www.dpbolvw.net/click-100179843-14029043-1592933670000,https://www.passfab.com/products/iphone-unlocker.html,14029043,"Text Link",F7PT59,Coupon,"2020-04-15 19:30:00","2080-04-15 19:30:00"
"PassFab for PDF, 10% off",Tenorshare/PassFab,"This coupon code is available for all our language sites, en, jp, ar, pt, es, ru, it, fr.
",50.00%,https://www.tkqlhce.com/click-100179843-14029038-1592933670000,https://www.passfab.com/products/pdf-password-recovery.html,14029038,"Text Link",S8P-H7Q,Coupon,"2020-04-15 19:30:00","2080-04-15 19:30:00"
"PassFab for PPT, 10% off",Tenorshare/PassFab,"This coupon code is available for all our language sites, en, jp, ar, pt, es, ru, it, fr.
",50.00%,https://www.jdoqocy.com/click-100179843-14029036-1592933670000,https://www.passfab.com/products/powerpoint-password-recovery.html,14029036,"Text Link",7XC-S5H,Coupon,"2020-04-15 19:30:00","2080-04-15 19:30:00"
"Tenorshare iAnyGo， 10% off",Tenorshare/PassFab,"Change iPhone GPS location",50.00%,https://www.anrdoezrs.net/click-100179843-14305595-1598001283000,https://www.tenorshare.com/products/ianygo-change-gps-location-iphone.html,14305595,"Text Link",A3P2D,Coupon,"2020-08-18 02:00:00","2100-01-17 08:00:00"
"Tenorshare 4MeKey, 10% off",Tenorshare/PassFab,"Tenorshare 4MeKey, Remove iCloud Activation Lock",50.00%,https://www.anrdoezrs.net/click-100179843-14091070-1595814615000,https://www.tenorshare.com/products/4mekey-activation-unlocker.html,14091070,"Text Link",KJ8U6T3,Coupon,"2020-07-10 03:00:00","2120-10-09 09:00:00"
"10% off coupon code: Tenorshare All software",Tenorshare/PassFab,"The coupon code is lifetime valid.
",50.00%,https://www.kqzyfj.com/click-100179843-13933580-1592933670000,https://www.tenorshare.com/,13933580,"Text Link",DFT28A8,Coupon,"2019-12-23 08:00:00","2100-12-25 08:00:00"
"10% off coupon code: Tenorshare ReiBoot, Android system repair",Tenorshare/PassFab,"The coupon code is lifetime valid.
",50.00%,https://www.jdoqocy.com/click-100179843-13933568-1597744449000,https://www.tenorshare.com/products/reiboot-for-android.html,13933568,"Text Link",DF78-H3P6,Coupon,"2019-12-24 08:00:00","2100-12-25 08:00:00"
"10% off coupon code: Tenorshare ReiBoot, iOS system repair",Tenorshare/PassFab,"The coupon code is lifetime valid.
",50.00%,https://www.jdoqocy.com/click-100179843-13933565-1597743701000,https://www.tenorshare.com/products/reiboot.html,13933565,"Text Link",DF78-H3P6,Coupon,"2019-12-24 08:00:00","2100-12-26 01:05:00"
"10% off coupon code: Tenorshare iTransGo, phone to phone transfer",Tenorshare/PassFab,"The coupon code is lifetime valid.
",50.00%,https://www.anrdoezrs.net/click-100179843-13933571-1592933670000,https://www.tenorshare.com/products/phone-to-phone-transfer.html,13933571,"Text Link",DF78-H3P6,Coupon,"2019-12-24 08:00:00","2100-12-25 08:00:00"
"15% Off PassFab Android Unlocker",Tenorshare/PassFab,"This coupon code is available for all our language sites, en, jp, ar, pt, es, ru, it, fr.
",50.00%,https://www.tkqlhce.com/click-100179843-14029042-1592933670000,https://www.passfab.com/products/android-unlocker.html,14029042,"Text Link",X6F4T8,Coupon,"2020-04-15 19:30:00","2080-04-15 19:30:00"
"PassFab for Word, 10% off",Tenorshare/PassFab,"This coupon code is available for all our language sites, en, jp, ar, pt, es, ru, it, fr.
",50.00%,https://www.tkqlhce.com/click-100179843-14029035-1592933670000,https://www.passfab.com/products/word-password-recovery.html,14029035,"Text Link",S7P-FCW,Coupon,"2020-04-15 19:30:00","2080-04-15 19:30:00"
"PassFab for Excel, 10% off",Tenorshare/PassFab,"This coupon code is available for all our language sites, en, jp, ar, pt, es, ru, it, fr.
",50.00%,https://www.jdoqocy.com/click-100179843-14029034-1592933670000,https://www.passfab.com/products/excel-password-recovery.html,14029034,"Text Link",X6S-9PJ,Coupon,"2020-04-15 19:30:00","2080-04-15 19:30:00"
"PassFab ToolKit, 15% off",Tenorshare/PassFab,"This coupon code is available for all our language sites, en, jp, ar, pt, es, ru, it, fr.
",50.00%,https://www.tkqlhce.com/click-100179843-14029033-1592933670000,https://www.passfab.com/products/passfab-toolkit.html,14029033,"Text Link",QP5-8KX,Coupon,"2020-04-15 19:30:00","2080-04-15 19:30:00"
"10% off coupon code: Tenorshare 4uKey, iPhone passcode unlocker",Tenorshare/PassFab,"The coupon code is lifetime valid.
",50.00%,https://www.jdoqocy.com/click-100179843-13933566-1597742419000,https://www.tenorshare.com/products/4ukey-unlocker.html,13933566,"Text Link",DF78-H3P6,Coupon,"2019-12-24 08:00:00","2100-12-26 01:06:00"
"10% off coupon code: Tenorshare Windows Boot Genius",Tenorshare/PassFab,"The coupon code is lifetime valid.
",50.00%,https://www.anrdoezrs.net/click-100179843-13933569-1592933670000,https://www.tenorshare.com/products/windows-boot-genius.html,13933569,"Text Link",DF78-H3P6,Coupon,"2019-12-24 08:00:00","2100-12-25 08:00:00"
"15% off coupon code: Tenorshare iCareFone, iOS backup tool",Tenorshare/PassFab,"The coupon code is lifetime valid.
",50.00%,https://www.jdoqocy.com/click-100179843-13933561-1597744268000,https://www.tenorshare.com/products/icarefone.html,13933561,"Text Link",H89S-F5PA,Coupon,"2019-12-25 01:02:00","2100-12-26 01:02:00"
"PassFab for ZIP, 10% off",Tenorshare/PassFab,"This coupon code is available for all our language sites, en, jp, ar, pt, es, ru, it, fr.
",50.00%,https://www.dpbolvw.net/click-100179843-14029040-1592933670000,https://www.passfab.com/products/zip-password-recovery.html,14029040,"Text Link",3PA-8WZ,Coupon,"2020-04-15 19:30:00","2080-04-15 19:30:00"
"10% off iOS Password Manager",Tenorshare/PassFab,"This coupon code is available for all our language sites, en, jp, ar, pt, es, ru, it, fr.
",50.00%,https://www.jdoqocy.com/click-100179843-14029046-1592933670000,https://www.passfab.com/products/ios-password-manager.html,14029046,"Text Link",7E4C8F,Coupon,"2020-04-15 20:00:00","2080-04-15 20:00:00"
"PassFab for RAR, 10% off",Tenorshare/PassFab,"This coupon code is available for all our language sites, en, jp, ar, pt, es, ru, it, fr.
",50.00%,https://www.tkqlhce.com/click-100179843-14029039-1592933670000,https://www.passfab.com/products/rar-password-recovery.html,14029039,"Text Link",Z8M-ND9,Coupon,"2020-04-15 19:30:00","2080-04-15 19:30:00"
"PassFab for Office, 15% off",Tenorshare/PassFab,"This coupon code is available for all our language sites, en, jp, ar, pt, es, ru, it, fr.
",50.00%,https://www.dpbolvw.net/click-100179843-14029037-1592933670000,https://www.passfab.com/products/office-password-recovery.html,14029037,"Text Link",S4Q-AP2,Coupon,"2020-04-15 19:30:00","2080-04-15 19:30:00"
"15% off storewide discount",Tenorshare/PassFab,"15% off storewide discount
",50.00%,https://www.jdoqocy.com/click-100179843-14029041-1592933670000,https://www.passfab.com,14029041,"Text Link",D59A3P,Coupon,"2020-04-15 19:30:00","2080-04-15 19:30:00"
"PassFab 4WinKey, 10% off",Tenorshare/PassFab,"This coupon code is available for all our language sites, en, jp, ar, pt, es, ru, it, fr.
",50.00%,https://www.kqzyfj.com/click-100179843-14029029-1592933670000,https://www.passfab.com/products/windows-password-recovery.html,14029029,"Text Link",XDF-24F,Coupon,"2020-04-15 19:30:00","2080-04-15 09:00:00"
"15% off coupon code: Tenorshare iPhone Backup Unlocker ",Tenorshare/PassFab,"The coupon code is lifetime valid.
",50.00%,https://www.jdoqocy.com/click-100179843-13933563-1592933670000,https://www.tenorshare.com/products/iphone-backup-unlocker.html,13933563,"Text Link",H89S-F5PA,Coupon,"2019-12-24 08:00:00","2100-12-26 01:04:00"
"20% off coupon code: Tenorshare UltData Windows and Mac data recovery",Tenorshare/PassFab,"The coupon code is lifetime valid.
",50.00%,https://www.tkqlhce.com/click-100179843-13933564-1597744126000,https://www.tenorshare.com/products/any-data-recovery.html,13933564,"Text Link",F45H-P8AA,Coupon,"2019-12-24 08:00:00","2100-12-26 01:04:00"
"15% off coupon code: Tenorshare UltData, iPhone data recovery",Tenorshare/PassFab,"The coupon code is lifetime valid.",50.00%,https://www.jdoqocy.com/click-100179843-13933560-1597743014000,https://www.tenorshare.com/products/iphone-data-recovery.html,13933560,"Text Link",H89S-F5PA,Coupon,"2019-12-24 08:00:00","2100-12-26 00:59:00"
"10% off coupon code: Tenorshare 4uKey, Android screen unlocker",Tenorshare/PassFab,"The coupon code is lifetime valid.
",50.00%,https://www.anrdoezrs.net/click-100179843-13933570-1597742390000,https://www.tenorshare.com/products/android-password-reset-tool.html,13933570,"Text Link",DF78-H3P6,Coupon,"2019-12-24 08:00:00","2100-12-25 08:00:00"
"15% off PassFab iPhone Backup Unlocker",Tenorshare/PassFab,"This coupon code is available for all our language sites, en, jp, ar, pt, es, ru, it, fr.",50.00%,https://www.jdoqocy.com/click-100179843-14029044-1592933670000,https://www.passfab.com/products/iphone-backup-unlocker.html,14029044,"Text Link",T5D8EP,Coupon,"2020-04-15 19:30:00","2080-04-15 19:30:00"
"PassFab Wifi Key, 10% off",Tenorshare/PassFab,"This coupon code is available for all our language sites, en, jp, ar, pt, es, ru, it, fr.
",50.00%,https://www.jdoqocy.com/click-100179843-14029031-1592933670000,https://www.passfab.com/products/wifi-key.html,14029031,"Text Link",6HP-5G9,Coupon,"2020-04-15 19:30:00","2080-04-15 09:00:00"
"Happy Mother's Day! Get $5 Off Orders $60+ With Code MUM5!",Sobelia,"Happy Mother's Day! Get $5 Off Orders $60+ With Code MUM5!","1.00% - 3.00%",https://www.anrdoezrs.net/click-100179843-14043981-1588721769000,https://www.sobelia.com/us/,14043981,"Text Link",MUM5,Coupon,"2020-04-28 00:00:00","2050-04-28 00:00:00"
"Get the Perfect Mother's Day Gift! Get $5 Off Orders $60+ With Code MUM5!",Sobelia,"Get the Perfect Mother's Day Gift! Get $5 Off Orders $60+ With Code MUM5!","1.00% - 3.00%",https://www.tkqlhce.com/click-100179843-14043984-1588721833000,https://www.sobelia.com/us/,14043984,"Text Link",MUM5,Coupon,"2020-04-28 00:00:00","2050-04-28 00:00:00"
"Get the Perfect Mother's Day Gift! Get $10 Off Orders $100+ With Code MUM10!",Sobelia,"Get the Perfect Mother's Day Gift! Get $10 Off Orders $100+ With Code MUM10!","1.00% - 3.00%",https://www.tkqlhce.com/click-100179843-14043983-1588721818000,https://www.sobelia.com/us/,14043983,"Text Link",MUM10,Coupon,"2020-04-28 00:00:00","2050-04-28 00:00:00"
"Happy Mother's Day! Get $10 Off Orders $100+ With Code MUM10!",Sobelia,"Happy Mother's Day! Get $10 Off Orders $100+ With Code MUM10!","1.00% - 3.00%",https://www.dpbolvw.net/click-100179843-14043982-1588721795000,https://www.sobelia.com/us/,14043982,"Text Link",MUM10,Coupon,"2020-04-28 00:00:00","2050-04-28 00:00:00"
"Save 15% Everything V1 - 728 x 90",SuperJeweler,"15% Off Everything with Promo Code SJ15. Shop Now at SuperJeweler.com!","3.00% - 6.00%",https://www.jdoqocy.com/click-100179843-14087588-1610744403000,https://www.superjewelryc.om,14087588,Banner,SJ15,Coupon,"2020-07-06 12:00:00","2021-04-30 20:59:00"
"Get 15% off everything on the SuperJeweler site with code SJSUPER15",SuperJeweler,"Get 15% off everything on the SuperJeweler site with code SJSUPER15","3.00% - 6.00%",https://www.jdoqocy.com/click-100179843-14427101-1610744404000,https://www.superjeweler.com,14427101,"Text Link",SJSUPER15,Coupon,"2020-11-18 09:26:00","2025-12-31 23:59:00"
"Save 15% Everything V2 - 125 x 125",SuperJeweler,"15% Off Everything with Promo Code SJ15. Shop Now at SuperJeweler.com!","3.00% - 6.00%",https://www.tkqlhce.com/click-100179843-14087589-1610744403000,https://www.superjeweler.com,14087589,Banner,SJ15,Coupon,"2020-07-06 12:00:00","2021-04-30 20:59:00"
"Save 15% Everything V1 - 300 x 250",SuperJeweler,"15% Off Everything with Promo Code SJ15. Shop Now at SuperJeweler.com!","3.00% - 6.00%",https://www.jdoqocy.com/click-100179843-14087578-1610744403000,https://www.superjeweler.com,14087578,Banner,SJ15,Coupon,"2020-07-06 12:00:00","2021-04-30 20:59:00"
"Save 15% Everything V1 - 468 x 60",SuperJeweler,"15% Off Everything with Promo Code SJ15. Shop Now at SuperJeweler.com!","3.00% - 6.00%",https://www.dpbolvw.net/click-100179843-14087579-1610744403000,https://www.superjewelryc.om,14087579,Banner,SJ15,Coupon,"2020-07-06 12:00:00","2021-04-30 20:59:00"
"Save 15% Everything V2 - 468 x 60",SuperJeweler,"15% Off Everything with Promo Code SJ15. Shop Now at SuperJeweler.com!","3.00% - 6.00%",https://www.dpbolvw.net/click-100179843-14087591-1610744403000,https://www.superjewelryc.om,14087591,Banner,SJ15,Coupon,"2020-07-06 12:00:00","2021-04-30 20:59:00"
"Save 15% Everything V2 - 300 x 250",SuperJeweler,"15% Off Everything with Promo Code SJ15. Shop Now at SuperJeweler.com!","3.00% - 6.00%",https://www.kqzyfj.com/click-100179843-14087590-1610744403000,https://www.superjeweler.com,14087590,Banner,SJ15,Coupon,"2020-07-06 12:00:00","2021-04-30 20:59:00"
"Save 15% Everything V1 - 125 x 125",SuperJeweler,"15% Off Everything with Promo Code SJ15. Shop Now at SuperJeweler.com!","3.00% - 6.00%",https://www.tkqlhce.com/click-100179843-14087576-1610744403000,https://www.superjeweler.com,14087576,Banner,SJ15,Coupon,"2020-07-06 12:00:00","2021-04-30 20:59:00"
"Save 15% Everything V2 - 728 x 90",SuperJeweler,"15% Off Everything with Promo Code SJ15. Shop Now at SuperJeweler.com!","3.00% - 6.00%",https://www.tkqlhce.com/click-100179843-14087592-1610744403000,https://www.superjewelryc.om,14087592,Banner,SJ15,Coupon,"2020-07-06 12:00:00","2021-04-30 20:59:00"
"Earth Day Sale 30% OFF site wide",TheApolloBox.com,"Earth Day Sale 30% OFF site wide. Use code ONEEARTH at checkout. Valid on 04/22 one day only.","3.00% - 5.00%",https://www.tkqlhce.com/click-100179843-14498230-1617346426000,https://theapollobox.com/,14498230,"Text Link",ONEEARTH,Coupon,"2021-04-22 00:00:00","2021-04-22 23:59:00"
"Mother's Day Sale 25% OFF site wide",TheApolloBox.com,"Mother's Day Sale 25% OFF site wide. Use code LOVEMOM at checkout. Valid from 04/16 to 04/18.","3.00% - 5.00%",https://www.anrdoezrs.net/click-100179843-14498229-1617346096000,https://theapollobox.com/,14498229,"Text Link",LOVEMOM,Coupon,"2021-04-16 00:00:00","2021-04-18 23:59:00"
"Special April Discount: 15% off sitewide",TheApolloBox.com,"Special April Discount: 15% off sitewide. Use code APRFUN at checkout. Valid from 04/01 to 04/30.","3.00% - 5.00%",https://www.tkqlhce.com/click-100179843-14498227-1617345661000,https://theapollobox.com/,14498227,"Text Link",APRFUN,Coupon,"2021-04-01 23:40:00","2021-04-30 23:59:00"
"End of April Sale 25% OFF",TheApolloBox.com,"End of April Sale 25% OFF site wide. Use code ENDAPR at checkout. Valid from 04/30 to 05/02.","3.00% - 5.00%",https://www.tkqlhce.com/click-100179843-14498240-1617346576000,https://theapollobox.com/,14498240,"Text Link",ENDAPR,Coupon,"2021-04-30 00:00:00","2021-05-02 23:59:00"
"Zaful FR: 59€-20%",Zaful,"Zaful FR: 59€-20%
Code: FR20
Expire: 10/09/2021","8.00% - 16.00%",https://www.kqzyfj.com/click-100179843-14385563-1605771671000,https://fr.zaful.com/,14385563,"Text Link",FR20,Coupon,"2020-11-18 23:40:00","2021-10-08 09:00:00"
"Extra 18% off sitewide (Valid till 2022)",Zaful,"Extra 18% off sitewide (Valid till 2022)
Code: FUN18
Expire: Jan 1st, 2022","8.00% - 16.00%",https://www.tkqlhce.com/click-100179843-14435575-1610619211000,https://www.zaful.com/,14435575,"Text Link",FUN18,Coupon,"2021-01-14 02:12:00","2021-12-31 08:00:00"
"Zaful ES: 65€-25%",Zaful,"Zaful ES: 65€-25%
Code: ES25
Expire: 10/09/2021","8.00% - 16.00%",https://www.tkqlhce.com/click-100179843-14385555-1605771340000,https://es.zaful.com/,14385555,"Text Link",ES25,Coupon,"2020-11-18 23:34:00","2021-10-08 09:00:00"
"ZAFUL EUR / FR / DE / IT: 45€-10%, 65€-12%, 95€-15%",Zaful,"ZAFUL EUR / FR / DE / IT: 45€-10%, 65€-12%, 95€-15%
Code: SS10
Expire: Apr 30th, 2021","8.00% - 16.00%",https://www.jdoqocy.com/click-100179843-14495363-1617159836000,https://eur.zaful.com/promotion/2021-easter-day-dale.html,14495363,"Text Link",SS10,Coupon,"2021-03-30 20:03:00","2021-04-29 09:00:00"
"Extra 18% off sitewide (Valid till 2022)",Zaful,"Extra 18% off sitewide (Valid till 2022)
Code: 18FALL
Expire: Jan 1st, 2022","8.00% - 16.00%",https://www.tkqlhce.com/click-100179843-14435577-1610619300000,https://www.zaful.com/,14435577,"Text Link",18FALL,Coupon,"2021-01-14 02:13:00","2021-12-31 08:00:00"
"Zaful FR: 65€-25%",Zaful,"Zaful FR: 65€-25%
Code: FR25
Expire: 10/09/2021","8.00% - 16.00%",https://www.dpbolvw.net/click-100179843-14385562-1605771612000,https://fr.zaful.com/,14385562,"Text Link",FR25,Coupon,"2020-11-18 23:39:00","2021-10-08 09:00:00"
"Zaful UK: £65-25%",Zaful,"Zaful UK: £65-25%
Code: POP25
Expire: 08/31/2021","8.00% - 16.00%",https://www.jdoqocy.com/click-100179843-14385560-1605771495000,https://uk.zaful.com/,14385560,"Text Link",POP25,Coupon,"2020-11-18 23:37:00","2021-08-30 09:00:00"
"Zaful ES: 59€-20%",Zaful,"Zaful ES: 59€-20%
Code: EP20
Expire: 10/09/2021","8.00% - 16.00%",https://www.dpbolvw.net/click-100179843-14385557-1605771409000,https://es.zaful.com/,14385557,"Text Link",EP20,Coupon,"2020-11-18 23:36:00","2021-10-08 09:00:00"
"20% discount","Just Host","This coupon code entitles customers to 20% off our 12 and 24 month plans.","USD 60.00",https://www.dpbolvw.net/click-100179843-10589817-1500382138000,http://justhost.com,10589817,"Text Link",,Coupon,"2010-02-24 00:00:00",
"15% Off for Hystou Mini Fanless Industrial PC Core i3 i5 and i7 CPU",HYSTOU,"Mini Fanless Industrial PC Core i3 i5 and i7 CPU. 15% Off. Coupon Code is AIO15OF",8.00%,https://www.kqzyfj.com/click-100179843-14351786-1610760583000,https://www.hystou.com/Mini-Fanless-Industrial-PC-Core-i3-i5-and-i7-CPU-p449646.html,14351786,"Text Link",AIO15OF,Coupon,"2020-10-18 09:00:00","2021-04-28 05:10:00"
"15% Off for HYSTOU All-in-One Desktop PC 23.8 and 27 Intel Core i7-9700F Processor",HYSTOU," HYSTOU All-in-One Desktop PC 23.8 and 27 Intel Core i7-9700F Processor. 15% Off. ",8.00%,https://www.dpbolvw.net/click-100179843-14351788-1610760583000,https://www.hystou.com/HYSTOU-All-in-One-Desktop-PC-23-8-and-27-Intel-Core-i7-9700F-Processor-p419572.html,14351788,"Text Link",AIO15OF,Coupon,"2020-10-18 09:00:00","2021-06-17 09:00:00"
"15% Off of Hystou All In One Desktop Core i5 i7 ",HYSTOU,"All In One Desktop Core i5 and i7. 15% Off discount. ",8.00%,https://www.anrdoezrs.net/click-100179843-14351789-1610760583000,https://www.hystou.com/All-In-One-Desktop-Core-i5-i7-p407125.html,14351789,"Text Link",AIO15OF,Coupon,"2020-10-18 09:00:00","2021-05-17 09:00:00"
"Get 15% Off Orders of £200! Use Code: PARADIGM15","Life in Paradigm","Get 15% Off Orders of £200! Use Code: PARADIGM15",12.00%,https://www.jdoqocy.com/click-100179843-14471392-1614395447000,https://lifeinparadigm.com/,14471392,"Text Link",PARADIGM15,Coupon,"2021-02-26 19:10:00","2023-01-01 00:00:00"
"Switzerland 5% Discount on Chart","VitaminExpress INT","Switzerland 5% Discount on Chart",20.00%,https://www.dpbolvw.net/click-100179843-14301212-1611928642000,https://www.vitaminexpress.org/ch-de/,14301212,"Text Link",71245,Coupon,"2020-08-11 08:00:00","2021-12-30 15:00:00"
"France 5% Discount on Chart","VitaminExpress INT","France 5% Discount on Chart",20.00%,https://www.dpbolvw.net/click-100179843-14301216-1611928642000,https://www.vitaminexpress.org/fr/,14301216,"Text Link",71245,Coupon,"2020-08-11 08:00:00","2021-12-30 15:00:00"
"Germany 5% Discount on Chart","VitaminExpress INT","Germany 5% Discount on Chart",20.00%,https://www.jdoqocy.com/click-100179843-14301207-1611928642000,https://www.vitaminexpress.org/de/,14301207,"Text Link",71245,Coupon,"2020-08-11 08:00:00","2021-12-30 15:00:00"
"Rest of Europe 5% Discount on Chart","VitaminExpress INT","Rest of Europe 5% Discount on Chart",20.00%,https://www.tkqlhce.com/click-100179843-14301042-1611928642000,https://www.vitaminexpress.org/en/,14301042,"Text Link",71245,Coupon,"2020-08-11 08:00:00","2021-12-30 15:00:00"
"United Kingdom 5% Discount on Chart","VitaminExpress INT","United Kingdom 5% Discount on Chart",20.00%,https://www.kqzyfj.com/click-100179843-14301214-1611928642000,https://www.vitaminexpress.org/uk/,14301214,"Text Link",71245,Coupon,"2020-08-11 08:00:00","2021-12-30 15:00:00"
"Italy 5% Discount on Chart","VitaminExpress INT","Italy 5% Discount on Chart",20.00%,https://www.kqzyfj.com/click-100179843-14301219-1611928642000,https://www.vitaminexpress.org/it/,14301219,"Text Link",71245,Coupon,"2020-08-11 08:00:00","2021-12-30 15:00:00"
"Austria 5% Discount on Chart","VitaminExpress INT","Austria 5% Discount on Chart",20.00%,https://www.jdoqocy.com/click-100179843-14301209-1611928642000,https://www.vitaminexpress.org/at/,14301209,"Text Link",71245,Coupon,"2020-08-11 08:00:00","2021-12-30 15:00:00"
"Get 20% OFF ","Intolerance Lab","Get 20% OFF on all the Intolerance tests ",15.00%,https://www.tkqlhce.com/click-100179843-13944775-1582027926000,https://www.intolerancelab.co.uk/share/,13944775,Banner,YPMK9C8FAXF3,Coupon,"2020-01-13 01:51:00","2021-05-12 11:30:00"
"Get 50% off iolo's System Mechanic® Ultimate Defense™; Total Performance, Protection & Privacy In One Convenient Interface.","Iolo System Mechanic","Get 50% off iolo's System Mechanic® Ultimate Defense™; Total Performance, Protection & Privacy In One Convenient Interface.","10.00% - 40.00%",https://www.tkqlhce.com/click-100179843-13228236-1606820013000,https://www.iolo.com/products/system-mechanic-ultimate-defense/?coupon=p360af&SRC=AFFILIATES_CJ&isc=smud_aff_p_075,13228236,"Text Link",p360af,Coupon,"2018-02-05 22:56:00","2021-12-31 08:59:00"
"50_Off_300x600 [System Mechanic]","Iolo System Mechanic","50_Off_300x600 [System Mechanic]","10.00% - 40.00%",https://www.dpbolvw.net/click-100179843-12851287-1606818119000,https://www.iolo.com/coupon/af50iolo/products/system-mechanic/?SRC=AFFILIATES_CJ&isc=sm_aff_p_074,12851287,Banner,AF50iolo,Coupon,"2017-02-19 17:51:00","2021-12-31 08:59:00"
"Get 50% off System Mechanic Pro, System Mechanic, or System Mechanic Business. Coupon code: AF50iolo","Iolo System Mechanic","Get 50% off System Mechanic Pro, System Mechanic, or System Mechanic Business. Coupon code: AF50iolo","10.00% - 40.00%",https://www.jdoqocy.com/click-100179843-12471071-1606819808000,https://www.iolo.com/coupon/af50iolo/products/system-mechanic/?SRC=AFFILIATES_CJ&isc=sm_aff_p_074,12471071,"Text Link",AF50iolo,Coupon,"2016-01-11 00:54:00","2021-12-31 08:59:00"
"System Shield AntiVirus & AntiSpyware - 50% Off","Iolo System Mechanic","Get System Shield AntiVirus & AntiSpyware for $19.95. Save 50%!","10.00% - 40.00%",https://www.kqzyfj.com/click-100179843-11691772-1606819634000,https://www.iolo.com/coupon/AF50SS/products/system-shield/?SRC=AFFILIATES_CJ&isc=ss_aff_p_098,11691772,"Text Link",AF50SS,Coupon,"2014-02-12 10:00:00","2021-12-31 08:59:00"
"468x60 Full Banner","Iolo System Mechanic","468x60 Full Banner","10.00% - 40.00%",https://www.kqzyfj.com/click-100179843-10888698-1608699773000,https://www.iolo.com/coupon/af50iolo/products/system-mechanic-professional/?SRC=AFFILIATES_CJ&isc=smpro_aff_p_076,10888698,Banner,AF50iolo,Coupon,"2014-03-16 10:00:00","2021-12-31 08:59:00"
"Mega deal: Get 15 months of System Mechanic 21 for the price of 12. Plus get 50% off!","Iolo System Mechanic","Mega deal: Get 15 months of System Mechanic 21 for the price of 12. Plus get 50% off!","10.00% - 40.00%",https://www.tkqlhce.com/click-100179843-10855669-1608703614000,https://secure2.iolo.com/order/checkout.php?PRODS=4532680&COUPON=ENDTEN&SRC=AFFILIATES_CJ&ADDITIONAL_sc=sm_aff_p_074,10855669,"Text Link",ENDTEN,Coupon,"2012-12-31 00:00:00","2021-12-31 08:59:00"
SMUD60_336x280,"Iolo System Mechanic",SMUD60_336x280,"10.00% - 40.00%",https://www.kqzyfj.com/click-100179843-13995932-1617186728000,https://www.iolo.com/products/system-mechanic-ultimate-defense/?coupon=earthday&SRC=AFFILIATES_CJ&isc=smud_aff_p_075,13995932,Banner,earthday,Coupon,"2020-08-02 01:41:00","2021-04-30 09:59:00"
"250x250 Square Pop-Up","Iolo System Mechanic","250x250 Square Pop-Up","10.00% - 40.00%",https://www.kqzyfj.com/click-100179843-10785458-1606817579000,https://secure2.iolo.com/order/checkout.php?PRODS=4719164&QTY=1&CART=1&CARD=2&SHORT_FORM=1&DESIGN_TYPE=2&COUPON=p360af&SRC=AFFILIATES_CJ&ADDITIONAL_sc=smud_aff_p_075,10785458,Banner,p360af,Coupon,"2012-02-19 00:00:00","2021-12-31 08:59:00"
"Get the new System Mechanic 21 for only $29.95 [normally $49.95]. Coupon code: SM95.","Iolo System Mechanic","Get the new System Mechanic 21 for only $29.95 [normally $49.95]. Coupon code: SM95.","10.00% - 40.00%",https://www.jdoqocy.com/click-100179843-10380907-1608703076000,https://www.iolo.com/coupon/SM95/products/system-mechanic/?SRC=AFFILIATES_CJ&isc=sm_aff_p_074,10380907,"Text Link",SM95,Coupon,"2012-06-29 00:00:00","2021-12-31 08:59:00"
"468x60 Full Banner","Iolo System Mechanic","468x60 Full Banner","10.00% - 40.00%",https://www.jdoqocy.com/click-100179843-10380725-1606817547000,https://secure2.iolo.com/order/checkout.php?PRODS=4719164&QTY=1&CART=1&CARD=2&SHORT_FORM=1&DESIGN_TYPE=2&COUPON=p360af&SRC=AFFILIATES_CJ&ADDITIONAL_sc=smud_aff_p_075,10380725,Banner,p360af,Coupon,"2014-09-03 17:50:00","2021-12-31 08:59:00"
"Get a massive 60% off System Mechanic 21 Ultimate Defense. Coupon code: earthday","Iolo System Mechanic","Get a massive 60% off System Mechanic 21 Ultimate Defense. Coupon code: earthday","10.00% - 40.00%",https://www.jdoqocy.com/click-100179843-14490734-1617198832000,"https://secure2.iolo.com/order/checkout.php?QTY=1,1&PRODS=4719164,30812364&CROSS_SELL[30812364]=4719164&ORDERSTYLE=nLWsoJSpjHU%3D&CART=1&CARD=2&SHORT_FORM=1&COUPON=EARTHDAY&SRC=AFFILIATES_CJ&ADDITIONAL_sc=smud_aff_p_075",14490734,"Text Link",earthday,Coupon,"2021-03-31 10:00:00","2021-04-30 09:59:00"
SMUD60_300x250,"Iolo System Mechanic",SMUD60_300x250,"10.00% - 40.00%",https://www.dpbolvw.net/click-100179843-13995930-1617186596000,https://www.iolo.com/products/system-mechanic-ultimate-defense/?coupon=earthday&SRC=AFFILIATES_CJ&isc=smud_aff_p_075,13995930,Banner,earthday,Coupon,"2020-08-02 01:36:00","2021-04-30 09:59:00"
SMUD60_728x90,"Iolo System Mechanic",SMUD60_728x90,"10.00% - 40.00%",https://www.tkqlhce.com/click-100179843-13995934-1617186664000,https://www.iolo.com/products/system-mechanic-ultimate-defense/?coupon=earthday&SRC=AFFILIATES_CJ&isc=smud_aff_p_075,13995934,Banner,earthday,Coupon,"2020-08-02 01:39:00","2021-04-30 09:59:00"
SMUD60_120x600,"Iolo System Mechanic",SMUD60_120x600,"10.00% - 40.00%",https://www.tkqlhce.com/click-100179843-13995927-1617186628000,https://www.iolo.com/products/system-mechanic-ultimate-defense/?coupon=earthday&SRC=AFFILIATES_CJ&isc=smud_aff_p_075,13995927,Banner,earthday,Coupon,"2020-08-02 01:35:00","2021-04-30 09:59:00"
SMUD60_250x250,"Iolo System Mechanic",SMUD60_250x250,"10.00% - 40.00%",https://www.kqzyfj.com/click-100179843-13995929-1617186798000,https://www.iolo.com/products/system-mechanic-ultimate-defense/?coupon=earthday&SRC=AFFILIATES_CJ&isc=smud_aff_p_075,13995929,Banner,earthday,Coupon,"2020-08-02 01:34:00","2021-04-30 09:59:00"
"System Mechanic Business [SMB-50PT-PROMO] 160x600","Iolo System Mechanic","<link>System Mechanic Business [SMB-50PT-PROMO] 160x600</link>","10.00% - 40.00%",https://www.dpbolvw.net/click-100179843-13423919-1606818383000,https://secure2.iolo.com/order/checkout.php?PRODS=4595135&QTY=25&ORDERSTYLE=nLWs45WpkHU=&CURRENCY=USD&LANG=en&COUPON=SMB-50PT-PROMO&SRC=AFFILIATES_CJ&isc=sm_aff_p_074,13423919,Banner,SMB-50PT-PROMO,Coupon,"2020-09-01 21:18:00","2021-12-31 08:59:00"
"50_Off_250x250 [System Mechanic]","Iolo System Mechanic","50_Off_250x250 [System Mechanic]","10.00% - 40.00%",https://www.tkqlhce.com/click-100179843-12851284-1606818051000,https://www.iolo.com/coupon/af50iolo/products/system-mechanic/?SRC=AFFILIATES_CJ&isc=sm_aff_p_074,12851284,Banner,AF50iolo,Coupon,"2017-02-19 17:51:00","2021-12-31 08:59:00"
"50_Off_120x600 [System Mechanic]","Iolo System Mechanic","50_Off_120x600 [System Mechanic]","10.00% - 40.00%",https://www.kqzyfj.com/click-100179843-12851281-1606817964000,https://www.iolo.com/coupon/af50iolo/products/system-mechanic/?SRC=AFFILIATES_CJ&isc=sm_aff_p_074,12851281,Banner,AF50iolo,Coupon,"2017-02-19 17:51:00","2021-12-31 08:59:00"
"Get 50% Off Award-Winning  System Mechanic® Pro","Iolo System Mechanic","Get 50% Off Award-Winning 
System Mechanic® Pro","10.00% - 40.00%",https://www.tkqlhce.com/click-100179843-11896611-1606819749000,https://www.iolo.com/landing/system-mechanic-pro-offer/?SRC=AFFILIATES_CJ&isc=smpro_aff_p_076,11896611,"Text Link",50OFFP,Coupon,"2014-07-28 00:03:00","2021-12-31 08:59:00"
"250x250 Square Pop-Up","Iolo System Mechanic","250x250 Square Pop-Up","10.00% - 40.00%",https://www.anrdoezrs.net/click-100179843-11738391-1608699697000,https://www.iolo.com/coupon/af50iolo/products/system-mechanic-professional/?SRC=AFFILIATES_CJ&isc=smpro_aff_p_076,11738391,Banner,AF50iolo,Coupon,"2014-03-16 10:00:00","2021-12-31 08:59:00"
"Get System Mechanic 21 Pro for $39.95. Save $30! [Coupon code: pcutilityiolosm30off]","Iolo System Mechanic","Get System Mechanic 21 Pro for $39.95. Save $30! [Coupon code: pcutilityiolosm30off]","10.00% - 40.00%",https://www.tkqlhce.com/click-100179843-10766109-1608703358000,https://www.iolo.com/coupon/pcutilityiolosm30off/products/system-mechanic-professional/?SRC=AFFILIATES_CJ&isc=smpro_aff_p_076,10766109,"Text Link",pcutilityiolosm30off,Coupon,"2012-02-19 00:00:00","2021-12-31 08:59:00"
"Link Replacement","Iolo System Mechanic","Link Replacement","10.00% - 40.00%",https://www.anrdoezrs.net/click-100179843-11738383-1608703982000,https://www.iolo.com/coupon/af50iolo/products/system-mechanic-professional/?SRC=AFFILIATES_CJ&isc=smpro_aff_p_076,11738383,"Text Link",SPRING17,Coupon,"2012-02-19 00:00:00","2021-12-31 08:59:00"
"50_Off_468x60 [System Mechanic]","Iolo System Mechanic","50_Off_468x60 [System Mechanic]","10.00% - 40.00%",https://www.anrdoezrs.net/click-100179843-12851289-1606818184000,https://www.iolo.com/coupon/af50iolo/products/system-mechanic/?SRC=AFFILIATES_CJ&isc=sm_aff_p_074,12851289,Banner,AF50iolo,Coupon,"2017-02-19 17:51:00","2021-12-31 08:59:00"
"Buy System Mechanic 21, and get System Shield for FREE. [A $39.95 value!]","Iolo System Mechanic","Buy System Mechanic 21, and get System Shield for FREE. [A $39.95 value!]","10.00% - 40.00%",https://www.jdoqocy.com/click-100179843-12217866-1608704847000,https://secure2.iolo.com/order/checkout.php?PRODS=4645471&QTY=1&CART=1&CARD=1&SRC=AFFILIATES_CJ&ADDITIONAL_sc=sm_aff_p_074,12217866,"Text Link",,Coupon,"2015-05-13 10:00:00","2021-12-31 08:59:00"
"336x280 Large Rectangle","Iolo System Mechanic","336x280 Large Rectangle","10.00% - 40.00%",https://www.anrdoezrs.net/click-100179843-11738392-1608699672000,https://www.iolo.com/coupon/af50iolo/products/system-mechanic-professional/?SRC=AFFILIATES_CJ&isc=smpro_aff_p_076,11738392,Banner,AF50iolo,Coupon,"2014-03-16 10:00:00","2021-12-31 08:59:00"
"300x250 Medium Rectangle","Iolo System Mechanic","300x250 Medium Rectangle","10.00% - 40.00%",https://www.kqzyfj.com/click-100179843-10785008-1606817609000,https://secure2.iolo.com/order/checkout.php?PRODS=4719164&QTY=1&CART=1&CARD=2&SHORT_FORM=1&DESIGN_TYPE=2&COUPON=p360af&SRC=AFFILIATES_CJ&ADDITIONAL_sc=smud_aff_p_075,10785008,Banner,p360af,Coupon,"2012-02-19 00:00:00","2021-12-31 08:59:00"
"Get 50% off iolo's System Mechanic® Ultimate Defense™; Total Performance, Protection & Privacy In One Convenient Interface","Iolo System Mechanic","Get 50% off iolo's System Mechanic® Ultimate Defense™; Total Performance, Protection & Privacy In One Convenient Interface","10.00% - 40.00%",https://www.tkqlhce.com/click-100179843-10766620-1606819383000,https://secure2.iolo.com/order/checkout.php?PRODS=4719164&QTY=1&CART=1&CARD=2&SHORT_FORM=1&DESIGN_TYPE=2&COUPON=p360af&SRC=AFFILIATES_CJ&ADDITIONAL_sc=smud_aff_p_075,10766620,"Text Link",p360af,Coupon,"2012-02-19 00:00:00","2021-12-31 08:59:00"
"728x90 Large Banner","Iolo System Mechanic","728x90 Large Banner","10.00% - 40.00%",https://www.tkqlhce.com/click-100179843-10380694-1606817476000,https://secure2.iolo.com/order/checkout.php?PRODS=4719164&QTY=1&CART=1&CARD=2&SHORT_FORM=1&DESIGN_TYPE=2&COUPON=p360af&SRC=AFFILIATES_CJ&ADDITIONAL_sc=smud_aff_p_075,10380694,Banner,p360af,Coupon,"2012-02-19 00:00:00","2021-12-31 08:59:00"
"Get a massive 60% off System Mechanic 21. Coupon code: earthday","Iolo System Mechanic","Get a massive 60% off System Mechanic 21. Coupon code: earthday","10.00% - 40.00%",https://www.kqzyfj.com/click-100179843-14490731-1617198902000,"https://secure2.iolo.com/order/checkout.php?QTY=1,1&PRODS=4155797,30812364&CROSS_SELL[30812364]=4155797&ORDERSTYLE=nLWsoJSpjHU%3D&CART=1&CARD=2&SHORT_FORM=1&COUPON=EARTHDAY&SRC=AFFILIATES_CJ&ADDITIONAL_sc=sm_aff_p_074",14490731,"Text Link",earthday,Coupon,"2021-03-31 10:00:00","2021-04-30 09:59:00"
"Get a massive 60% off System Mechanic 21 Pro. Coupon code: earthday","Iolo System Mechanic","Get a massive 60% off System Mechanic 21 Pro. Coupon code: earthday","10.00% - 40.00%",https://www.tkqlhce.com/click-100179843-14490733-1617198874000,"https://secure2.iolo.com/order/checkout.php?QTY=1,1&PRODS=4223590,30812364&CROSS_SELL[30812364]=4223590&ORDERSTYLE=nLWsoJSpjHU%3D&CART=1&CARD=2&SHORT_FORM=1&COUPON=EARTHDAYSRC=AFFILIATES_CJ&ADDITIONAL_sc=smpro_aff_p_076",14490733,"Text Link",earthday,Coupon,"2021-03-31 10:00:00","2021-04-30 09:59:00"
"System Mechanic Business [SMB-50PT-PROMO] 300x250","Iolo System Mechanic","<link>System Mechanic Business [SMB-50PT-PROMO] 300x250</link>","10.00% - 40.00%",https://www.dpbolvw.net/click-100179843-13423921-1606818443000,https://secure2.iolo.com/order/checkout.php?PRODS=4595135&QTY=25&ORDERSTYLE=nLWs45WpkHU=&CURRENCY=USD&LANG=en&COUPON=SMB-50PT-PROMO&SRC=AFFILIATES_CJ&isc=sm_aff_p_074,13423921,Banner,SMB-50PT-PROMO,Coupon,"2020-09-01 21:15:00","2021-12-31 08:59:00"
"System Mechanic Business [SMB-50PT-PROMO] 468x60","Iolo System Mechanic","<link>System Mechanic Business [SMB-50PT-PROMO] 468x60</link>","10.00% - 40.00%",https://www.kqzyfj.com/click-100179843-13423924-1606818514000,https://secure2.iolo.com/order/checkout.php?PRODS=4595135&QTY=25&ORDERSTYLE=nLWs45WpkHU=&CURRENCY=USD&LANG=en&COUPON=SMB-50PT-PROMO&SRC=AFFILIATES_CJ&isc=sm_aff_p_074,13423924,Banner,SMB-50PT-PROMO,Coupon,"2020-09-01 21:23:00","2021-12-31 08:59:00"
"System Mechanic Business [SMB-50PT-PROMO] 250x250","Iolo System Mechanic","<link>System Mechanic Business [SMB-50PT-PROMO] 250x250</link>","10.00% - 40.00%",https://www.kqzyfj.com/click-100179843-13423920-1606818418000,https://secure2.iolo.com/order/checkout.php?PRODS=4595135&QTY=25&ORDERSTYLE=nLWs45WpkHU=&CURRENCY=USD&LANG=en&COUPON=SMB-50PT-PROMO&SRC=AFFILIATES_CJ&isc=sm_aff_p_074,13423920,Banner,SMB-50PT-PROMO,Coupon,"2020-09-01 21:17:00","2021-12-31 08:59:00"
"50_Off_240x400 [System Mechanic]","Iolo System Mechanic","50_Off_240x400 [System Mechanic]","10.00% - 40.00%",https://www.kqzyfj.com/click-100179843-12851283-1606818022000,https://www.iolo.com/coupon/af50iolo/products/system-mechanic/?SRC=AFFILIATES_CJ&isc=sm_aff_p_074,12851283,Banner,AF50iolo,Coupon,"2017-02-19 17:51:00","2021-12-31 08:59:00"
"728x90 Large Banner","Iolo System Mechanic","728x90 Large Banner","10.00% - 40.00%",https://www.dpbolvw.net/click-100179843-11738386-1608699740000,https://www.iolo.com/coupon/af50iolo/products/system-mechanic-professional/?SRC=AFFILIATES_CJ&isc=smpro_aff_p_076,11738386,Banner,AF50iolo,Coupon,"2014-03-16 10:00:00","2021-12-31 08:59:00"
"300x250 Medium Rectangle","Iolo System Mechanic","300x250 Medium Rectangle","10.00% - 40.00%",https://www.anrdoezrs.net/click-100179843-11738388-1608699719000,https://www.iolo.com/coupon/af50iolo/products/system-mechanic-professional/?SRC=AFFILIATES_CJ&isc=smpro_aff_p_076,11738388,Banner,AF50iolo,Coupon,"2014-03-16 10:00:00","2021-12-31 08:59:00"
"Get the new System Mechanic 21 Pro for only $34.97 [normally $69.95]. Save 50%!","Iolo System Mechanic","Get the new System Mechanic 21 Pro for only $34.97 [normally $69.95]. Save 50%!","10.00% - 40.00%",https://www.anrdoezrs.net/click-100179843-11633871-1608703842000,https://www.iolo.com/coupon/af50iolo/products/system-mechanic-professional/?SRC=AFFILIATES_CJ&isc=smpro_aff_p_076,11633871,"Text Link",AF50iolo,Coupon,"2013-12-08 10:00:00","2021-12-31 08:59:00"
"Get the new System Mechanic 21 for only $29.95 [normally $49.95]. Save $20! Coupon code: SM20","Iolo System Mechanic","Get the new System Mechanic 21 for only $29.95 [normally $49.95]. Save $20! Coupon code: SM20","10.00% - 40.00%",https://www.tkqlhce.com/click-100179843-11029328-1608703688000,https://www.iolo.com/coupon/SM20/products/system-mechanic/?SRC=AFFILIATES_CJ&isc=sm_aff_p_074,11029328,"Text Link",SM20,Coupon,"2016-06-27 00:43:00","2021-12-31 08:59:00"
"Get the new System Mechanic 21 for only $24.95 [normally $49.95]. Save 50%! Coupon code: TEN8","Iolo System Mechanic","Get the new System Mechanic 21 for only $24.95 [normally $49.95]. Save 50%! Coupon code: TEN8","10.00% - 40.00%",https://www.anrdoezrs.net/click-100179843-10806372-1608703464000,https://www.iolo.com/coupon/TEN8/products/system-mechanic/?SRC=AFFILIATES_CJ&isc=sm_aff_p_074,10806372,"Text Link",TEN8,Coupon,"2012-02-19 00:00:00","2021-12-31 08:59:00"
"Get the new System Mechanic Pro for only $34.97 [normally $69.95]. Coupon code: af50iolo","Iolo System Mechanic","Get the new System Mechanic Pro for only $34.97 [normally $69.95]. Coupon code: af50iolo","10.00% - 40.00%",https://www.dpbolvw.net/click-100179843-10737473-1616126630000,https://www.iolo.com/coupon/af50iolo/products/system-mechanic-professional/?SRC=AFFILIATES_CJ&isc=smpro_aff_p_076,10737473,"Text Link",SM95,Coupon,"2012-03-20 00:00:00","2021-12-31 08:59:00"
"50_Off_728x90 [System Mechanic]","Iolo System Mechanic","50_Off_728x90 [System Mechanic]","10.00% - 40.00%",https://www.anrdoezrs.net/click-100179843-12851290-1606818223000,https://www.iolo.com/coupon/af50iolo/products/system-mechanic/?SRC=AFFILIATES_CJ&isc=sm_aff_p_074,12851290,Banner,AF50iolo,Coupon,"2017-02-19 17:51:00","2021-12-31 08:59:00"
"Get DriveScrubber® 3 for only $19.95 [normally $29.95]. Save $10!","Iolo System Mechanic","Get DriveScrubber® 3 for only $19.95 [normally $29.95]. Save $10!","10.00% - 40.00%",https://www.anrdoezrs.net/click-100179843-10380909-1606819312000,https://www.iolo.com/landing/welcome/ds/?SRC=AFFILIATES_CJ&isc=ds_aff_p_100,10380909,"Text Link",,Coupon,"2013-08-05 10:00:00","2021-12-31 08:59:00"
SMUD60_300x600,"Iolo System Mechanic",SMUD60_300x600,"10.00% - 40.00%",https://www.tkqlhce.com/click-100179843-13995931-1617186925000,https://www.iolo.com/products/system-mechanic-ultimate-defense/?coupon=earthday&SRC=AFFILIATES_CJ&isc=smud_aff_p_075,13995931,Banner,earthday,Coupon,"2020-08-02 01:37:00","2021-04-30 09:59:00"
"160x600 Large Banner","Iolo System Mechanic","160x600 Large Banner","10.00% - 40.00%",https://www.kqzyfj.com/click-100179843-13569075-1606817502000,https://secure2.iolo.com/order/checkout.php?PRODS=4719164&QTY=1&CART=1&CARD=2&SHORT_FORM=1&DESIGN_TYPE=2&COUPON=p360af&SRC=AFFILIATES_CJ&ADDITIONAL_sc=smud_aff_p_075,13569075,Banner,p360af,Coupon,"2012-02-19 00:00:00","2021-12-31 08:59:00"
"System Mechanic Business [SMB-50PT-PROMO] 120x600","Iolo System Mechanic","<link>System Mechanic Business [SMB-50PT-PROMO] 120x600</link>","10.00% - 40.00%",https://www.anrdoezrs.net/click-100179843-13423918-1606818306000,https://secure2.iolo.com/order/checkout.php?PRODS=4595135&QTY=25&ORDERSTYLE=nLWs45WpkHU=&CURRENCY=USD&LANG=en&COUPON=SMB-50PT-PROMO&SRC=AFFILIATES_CJ&isc=sm_aff_p_074,13423918,Banner,SMB-50PT-PROMO,Coupon,"2020-09-01 21:20:00","2021-12-31 08:59:00"
"System Mechanic Business [SMB-50PT-PROMO] 728x90","Iolo System Mechanic","<link>System Mechanic Business [SMB-50PT-PROMO] 728x90</link>","10.00% - 40.00%",https://www.jdoqocy.com/click-100179843-13423925-1606818539000,https://secure2.iolo.com/order/checkout.php?PRODS=4595135&QTY=25&ORDERSTYLE=nLWs45WpkHU=&CURRENCY=USD&LANG=en&COUPON=SMB-50PT-PROMO&SRC=AFFILIATES_CJ&isc=sm_aff_p_074,13423925,Banner,SMB-50PT-PROMO,Coupon,"2020-09-01 21:24:00","2021-12-31 08:59:00"
"System Mechanic Business [SMB-50PT-PROMO] 300x600","Iolo System Mechanic","<link>System Mechanic Business [SMB-50PT-PROMO] 300x600</link>","10.00% - 40.00%",https://www.jdoqocy.com/click-100179843-13423922-1606818468000,https://secure2.iolo.com/order/checkout.php?PRODS=4595135&QTY=25&ORDERSTYLE=nLWs45WpkHU=&CURRENCY=USD&LANG=en&COUPON=SMB-50PT-PROMO&SRC=AFFILIATES_CJ&isc=sm_aff_p_074,13423922,Banner,SMB-50PT-PROMO,Coupon,"2020-09-01 21:22:00","2021-12-31 08:59:00"
"Get 50% off System Mechanic Business. Coupon code: SMB-50PT-PROMO","Iolo System Mechanic","Get 50% off System Mechanic Business. Coupon code: SMB-50PT-PROMO","10.00% - 40.00%",https://www.jdoqocy.com/click-100179843-12878075-1606819888000,https://secure2.iolo.com/order/checkout.php?PRODS=4595135&QTY=25&ORDERSTYLE=nLWs45WpkHU=&CURRENCY=USD&LANG=en&COUPON=SMB-50PT-PROMO&SRC=AFFILIATES_CJ&isc=sm_aff_p_074,12878075,"Text Link",SMB-50PT-PROMO,Coupon,"2020-09-01 21:31:00","2021-12-31 08:59:00"
"50_Off_300x250 [System Mechanic]","Iolo System Mechanic","50_Off_300x250 [System Mechanic]","10.00% - 40.00%",https://www.kqzyfj.com/click-100179843-12851286-1606818081000,https://www.iolo.com/coupon/af50iolo/products/system-mechanic/?SRC=AFFILIATES_CJ&isc=sm_aff_p_074,12851286,Banner,AF50iolo,Coupon,"2017-02-19 17:51:00","2021-12-31 08:59:00"
"50_Off_160x600 [System Mechanic]","Iolo System Mechanic","50_Off_160x600 [System Mechanic]","10.00% - 40.00%",https://www.anrdoezrs.net/click-100179843-12851282-1606817993000,https://www.iolo.com/coupon/af50iolo/products/system-mechanic/?SRC=AFFILIATES_CJ&isc=sm_aff_p_074,12851282,Banner,AF50iolo,Coupon,"2017-02-19 17:51:00","2021-12-31 08:59:00"
"160x600 Wide Skyscraper","Iolo System Mechanic","160x600 Wide Skyscraper","10.00% - 40.00%",https://www.dpbolvw.net/click-100179843-11738393-1608699644000,https://www.iolo.com/coupon/af50iolo/products/system-mechanic-professional/?SRC=AFFILIATES_CJ&isc=smpro_aff_p_076,11738393,Banner,AF50iolo,Coupon,"2014-03-16 10:00:00","2021-12-31 08:59:00"
"120x600 Skyscraper","Iolo System Mechanic","120x600 Skyscraper","10.00% - 40.00%",https://www.jdoqocy.com/click-100179843-11738394-1608699622000,https://www.iolo.com/coupon/af50iolo/products/system-mechanic-professional/?SRC=AFFILIATES_CJ&isc=smpro_aff_p_076,11738394,Banner,AF50iolo,Coupon,"2014-03-16 10:00:00","2021-12-31 08:59:00"
"Get the new System Mechanic 21 for only $29.95 [normally $49.95]. Save $20! Coupon code: SM95","Iolo System Mechanic","Get the new System Mechanic 21 for only $29.95 [normally $49.95]. Save $20! Coupon code: SM95","10.00% - 40.00%",https://www.dpbolvw.net/click-100179843-11116503-1608703759000,https://www.iolo.com/coupon/SM95/products/system-mechanic/?SRC=AFFILIATES_CJ&isc=sm_aff_p_074,11116503,"Text Link",ELEVEN,Coupon,"2012-07-30 10:00:00","2021-12-31 08:59:00"
"Link Replacement","Iolo System Mechanic","Link Replacement","10.00% - 40.00%",https://www.dpbolvw.net/click-100179843-10881829-1606819453000,https://www.iolo.com/coupon/af50iolo/products/system-mechanic/?SRC=AFFILIATES_CJ&isc=sm_aff_p_074,10881829,"Text Link",SPRING,Coupon,"2012-02-19 00:00:00","2021-12-31 08:59:00"
SMUD60_468x60,"Iolo System Mechanic",SMUD60_468x60,"10.00% - 40.00%",https://www.tkqlhce.com/click-100179843-13995933-1617186950000,https://www.iolo.com/products/system-mechanic-ultimate-defense/?coupon=earthday&SRC=AFFILIATES_CJ&isc=smud_aff_p_075,13995933,Banner,earthday,Coupon,"2020-08-02 01:40:00","2021-04-30 09:59:00"
SMUD60_160x600,"Iolo System Mechanic",SMUD60_160x600,"10.00% - 40.00%",https://www.kqzyfj.com/click-100179843-13995928-1617186829000,https://www.iolo.com/products/system-mechanic-ultimate-defense/?coupon=earthday&SRC=AFFILIATES_CJ&isc=smud_aff_p_075,13995928,Banner,earthday,Coupon,"2020-08-02 01:38:00","2021-04-30 09:59:00"
"System Mechanic Business [SMB-50PT-PROMO] 336x280","Iolo System Mechanic","<link>System Mechanic Business [SMB-50PT-PROMO] 336x280</link>","10.00% - 40.00%",https://www.jdoqocy.com/click-100179843-13423923-1606818493000,https://secure2.iolo.com/order/checkout.php?PRODS=4595135&QTY=25&ORDERSTYLE=nLWs45WpkHU=&CURRENCY=USD&LANG=en&COUPON=SMB-50PT-PROMO&SRC=AFFILIATES_CJ&isc=sm_aff_p_074,13423923,Banner,SMB-50PT-PROMO,Coupon,"2020-09-01 21:16:00","2021-12-31 08:59:00"
"50_Off_336x280 [System Mechanic]","Iolo System Mechanic","50_Off_336x280 [System Mechanic]","10.00% - 40.00%",https://www.tkqlhce.com/click-100179843-12851288-1606818149000,https://www.iolo.com/coupon/af50iolo/products/system-mechanic/?SRC=AFFILIATES_CJ&isc=sm_aff_p_074,12851288,Banner,AF50iolo,Coupon,"2017-02-19 17:51:00","2021-12-31 08:59:00"
"10% off all orders",Jamalon,"10% off all orders with worldwide delivery",10.00%,https://www.kqzyfj.com/click-100179843-14084492-1616921306000,https://jamalon.com/,14084492,"Text Link",Special10,Coupon,"2020-05-02 13:00:00","2021-04-30 13:00:00"
"😍 Get cheap AC: Valhalla with EXTRA code! ",Kinguin,"Valhalla is waiting, warrior! Claim your EXTRA 6% discount code: VALHALLA on Assassin's Creed. Take It Now!
","2.50% - 5.00%",https://www.tkqlhce.com/click-100179843-14370042-1610369472000,https://www.kinguin.net/cjaffiliate/index/index/ref/cj/?URL=https://www.kinguin.net/category/79123/assassin-s-creed-valhalla-eu-uplay-cd-key,14370042,"Text Link",VALHALLA,Coupon,"2020-11-06 01:05:00","2021-06-01 14:55:00"
"😱 Amnesia: Rebirth is OUT! EXTRA -8% use code: SAVER",Kinguin,"Amnesia: Rebirth. Amnesia is coming back, and we feel the dread already. The scariest horror game EVER now takes you to a strange, desolate land. We made it cheaper, but are you brave enough to try it? -8% EXTRA OFF code: SAVER","2.50% - 5.00%",https://www.jdoqocy.com/click-100179843-14352941-1610363739000,https://www.kinguin.net/cjaffiliate/index/index/ref/cj/?URL=https://www.kinguin.net/category/77001/amnesia-rebirth-eu-steam-altergift,14352941,"Text Link",SAVER,Coupon,"2020-10-19 01:05:00","2021-06-01 14:55:00"
"🛫 Star Wars Squadrons is OUT! Save EXTRA -8% use code: SAVER",Kinguin,"Save on the Game, Then Save the Galaxy! -8% EXTRA OFF code: SAVER","2.50% - 5.00%",https://www.dpbolvw.net/click-100179843-14331421-1610366500000,https://www.kinguin.net/cjaffiliate/index/index/ref/cj/?URL=https://www.kinguin.net/category/77579/star-wars-squadrons-origin-cd-key,14331421,"Text Link",SAVER,Coupon,"2020-09-22 01:05:00","2021-06-01 14:55:00"
"💓 Get cheap Valheim with EXTRA code!",Kinguin,"Valheim is waiting! Claim your EXTRA 8% discount code: SAVER on Valheim. Take It Now!
","2.50% - 5.00%",https://www.jdoqocy.com/click-100179843-14462016-1615809302000,https://www.kinguin.net/cjaffiliate/index/index/ref/cj/?URL=https://www.kinguin.net/category/81883/valheim-eu-steam-altergift,14462016,"Text Link",SAVER,Coupon,"2021-02-15 01:05:00","2021-06-01 14:55:00"
"💓 Get cheap Immortals Fenyx Rising with EXTRA code!",Kinguin,"Immortals Fenyx Rising is waiting! Claim your EXTRA 6% discount code: SAVER on Immortals Fenyx Rising. Take It Now!
","2.50% - 5.00%",https://www.jdoqocy.com/click-100179843-14414025-1610369785000,https://www.kinguin.net/cjaffiliate/index/index/ref/cj/?URL=https://www.kinguin.net/category/79853/immortals-fenyx-rising-eu-uplay-cd-key,14414025,"Text Link",SAVER,Coupon,"2020-12-10 01:05:00","2021-06-01 14:55:00"
"❤️ Save 3 times on World of Warcraft: Shadowlands!",Kinguin,"World of Warcraft Shadowlands - the most beloved MMORPG just got bigger! Unlock the Shadowlands. New quests await! Save 3 times with a lower base price, extra 6% off code: SHADOWLANDS, and a €3 off coupon on WoW pre-paid.","2.50% - 5.00%",https://www.tkqlhce.com/click-100179843-14388665-1610369090000,https://www.kinguin.net/cjaffiliate/index/index/ref/cj/?URL=https://www.kinguin.net/category/68942/world-of-warcraft-shadowlands-base-edition-eu-battle-net-cd-key,14388665,"Text Link",SHADOWLANDS,Coupon,"2020-11-19 04:05:00","2021-06-01 14:55:00"
"🎁 Great Gaming Weekend - dozens of game deals  ",Kinguin,"This weekend, we have a batch of new game deals to promote. We have our favorites, but ultimately it's up to you which you'll make your focus titles.Shop with Extra 6% Off Code: SPRINGFEST","2.50% - 5.00%",https://www.dpbolvw.net/click-100179843-14502883-1617970178000,https://www.kinguin.net/cjaffiliate/index/index/ref/cj/?URL=https://deal.kinguin.net/weekend,14502883,"Text Link",SPRINGFEST,Coupon,"2021-04-09 02:05:00","2021-04-12 14:55:00"
"⚽ Score a hattrick: save on FM2021!",Kinguin,"Football Manager 2021 game. Score a hattrick: save on FM2021, claim -10% on your next sports game, and get -10% on FUT points! Save with Kinguin.","2.50% - 5.00%",https://www.jdoqocy.com/click-100179843-14388781-1610367462000,https://www.kinguin.net/cjaffiliate/index/index/ref/cj/?URL=https://www.kinguin.net/category/77297/football-manager-2021-row-steam-cd-key,14388781,"Text Link",FM2021,Coupon,"2020-11-19 04:05:00","2021-06-01 14:55:00"
"💎 Save EXTRA on Destiny 2 - Beyond Light DLC with -8% OFF code!",Kinguin,"NEW Destiny 2 - Beyond Light DLC is out! Save by purchasing the DLC now! Use the code: SAVER for EXTRA 8% OFF.
","2.50% - 5.00%",https://www.kqzyfj.com/click-100179843-14378733-1610368419000,https://www.kinguin.net/cjaffiliate/index/index/ref/cj/?URL=https://www.kinguin.net/category/75144/destiny-2-beyond-light-dlc-steam-cd-key,14378733,"Text Link",SAVER,Coupon,"2020-11-02 01:05:00","2021-06-01 14:55:00"
"🌶️ CoD: Cold War, Hot Price! EXTRA 6 off code!",Kinguin,"Call of Duty: Black Ops Cold War game is OUT. Explore Call of Duty deals, incl. special offer on CoD Cold War. Extra -6% code: COLDWAR","2.50% - 5.00%",https://www.dpbolvw.net/click-100179843-14376779-1610369667000,https://www.kinguin.net/cjaffiliate/index/index/ref/cj/?URL=https://www.kinguin.net/category/78976/call-of-duty-black-ops-cold-war-green-gift-redemption-code,14376779,"Text Link",COLDWAR,Coupon,"2020-11-12 04:05:00","2021-06-01 14:55:00"
"Get Watch Dogs Legion cheaper! EXTRA -6% code: LEGION",Kinguin,"Get Watch Dogs: Legion with 6% EXTRA code: LEGION","2.50% - 5.00%",https://www.anrdoezrs.net/click-100179843-14360365-1610368757000,https://www.kinguin.net/cjaffiliate/index/index/ref/cj/?URL=https://www.kinguin.net/category/78559/watch-dogs-legion-eu-uplay-cd-key,14360365,"Text Link",LEGION,Coupon,"2020-10-28 02:05:00","2021-06-01 14:55:00"
"⚡ Save Money on Best Games! Up to 90% with code: GET8OFF",Kinguin,"Buy best games cheaper. Check the best offers on activation codes for Steam, Origin, Uplay and other platforms. Extra 8% code: GET8OFF","2.50% - 5.00%",https://www.kqzyfj.com/click-100179843-14356412-1610368812000,https://www.kinguin.net/cjaffiliate/index/index/ref/cj/?URL=https://www.kinguin.net/,14356412,"Text Link",GET8OFF,Coupon,"2020-10-23 01:05:00","2021-06-01 14:55:00"
"⚽ PES 2021 is here! Play Ball with a 8% discount: DEAL8",Kinguin,"PES 2021 is now available. The match is starting! Play Ball with a 8% discount: DEAL8","2.50% - 5.00%",https://www.anrdoezrs.net/click-100179843-14326480-1613549726000,https://www.kinguin.net/cjaffiliate/index/index/ref/cj/?URL=https://www.kinguin.net/category/75425/efootball-pes-2021-season-update-standard-edition-steam-altergift,14326480,"Text Link",DEAL8,Coupon,"2020-09-15 02:05:00","2021-06-01 14:55:00"
"👑 Crusader Kings III Available! Extra 8% off code: KING8",Kinguin,"The long-awaited Crusader Kings III is out and ready to play. Grab it with our special RELEASE DISCOUNT and test your strategic mind. Shop smart with 8% off code: KING8.","2.50% - 5.00%",https://www.tkqlhce.com/click-100179843-14315320-1613550264000,https://www.kinguin.net/cjaffiliate/index/index/ref/cj/?URL=https://www.kinguin.net/category/76436/crusader-kings-iii-eu-steam-cd-key,14315320,"Text Link",KING8,Coupon,"2020-08-31 01:05:00","2021-06-01 14:55:00"
"🏎️ Project CARS 3 is here! Drive Today with EXTRA -8% code!",Kinguin,"Drive Today! Get Project CARS 3 cheaper! Jump in right now for lightning-fast gameplay, stellar simulation, and beautiful visuals. Extra 8% off code: GAMESCOM8","2.50% - 5.00%",https://www.dpbolvw.net/click-100179843-14312033-1613549982000,https://www.kinguin.net/cjaffiliate/index/index/ref/cj/?URL=https://www.kinguin.net/category/75912/project-cars-3-steam-cd-key,14312033,"Text Link",GAMESCOM8,Coupon,"2020-08-28 02:05:00","2021-06-01 14:55:00"
"Lower base price & extra 8% OFF! Best deals on games 🔥",Kinguin,"Super games, super cheap. Get the best price on PC games, both new and classic. Choose any game you want and get 8% OFF with the promo code: DEAL8. Buy cheap, download instantly and play!","2.50% - 5.00%",https://www.kqzyfj.com/click-100179843-14098506-1610367694000,https://www.kinguin.net/cjaffiliate/index/index/ref/cj/?URL=https://kinguin.net/,14098506,"Text Link",DEAL8,Coupon,"2020-07-22 01:05:00","2021-06-01 14:55:00"
"🔥 Horizon Zero Dawn Available! Extra 8% off code: DEAL8",Kinguin,"Save, then Save Again! Get Horizon Zero Dawn cheaper! Extra 8% off code: DEAL8","2.50% - 5.00%",https://www.anrdoezrs.net/click-100179843-14098467-1612860398000,https://www.kinguin.net/cjaffiliate/index/index/ref/cj/?URL=https://www.kinguin.net/category/75648/horizon-zero-dawn-complete-edition-steam-cd-key,14098467,"Text Link",DEAL8,Coupon,"2020-07-22 01:05:00","2021-06-30 14:55:00"
"✂️ Up to 90% Off! Best Game Deals with code: KINGDEALS8",Kinguin,"Find Steam, Origin, Uplay, Xbox, PSN cd-keys and much more! Always in Low Prices. Save on Every Game. 24/7
","2.50% - 5.00%",https://www.tkqlhce.com/click-100179843-14078605-1610366713000,https://www.kinguin.net/cjaffiliate/index/index/ref/cj/?URL=https://www.kinguin.net/,14078605,"Text Link",KINGDEALS8,Coupon,"2020-06-23 01:05:00","2021-06-01 14:55:00"
"💰 Save up to 90% on PC Games with 8% OFF code: KING8",Kinguin,"Get the best price on PC games, both new and classic. Buy cheap, download instantly and play!
","2.50% - 5.00%",https://www.anrdoezrs.net/click-100179843-14060030-1610368100000,https://www.kinguin.net/cjaffiliate/index/index/ref/cj/?URL=https://www.kinguin.net/,14060030,"Text Link",KING8,Coupon,"2020-06-01 01:05:00","2021-06-01 14:55:00"
"New Hitman is here 🔫 Hitman 3 Special Premiere Sale",Kinguin,"Hitman 3 is right around the corner! Take on the most difficult missions in the most beautiful corners of the world. With a special premiere discount from Kinguin!
","2.50% - 5.00%",https://www.tkqlhce.com/click-100179843-14436862-1611230853000,https://www.kinguin.net/cjaffiliate/index/index/ref/cj/?URL=https://www.kinguin.net/category/81111/hitman-3-green-gift-redemption-code,14436862,"Text Link",AGENT47,Coupon,"2021-01-15 01:05:00","2021-06-01 14:55:00"
"⚔️ Save at least 8% on Age of Empires 3 Definitive Edition!",Kinguin,"Welcome back Age of Empires 3 in its upgraded Definitive Edition! Use extra code: SAVER for 8% discount.","2.50% - 5.00%",https://www.kqzyfj.com/click-100179843-14347988-1610366182000,https://www.kinguin.net/cjaffiliate/index/index/ref/cj/?URL=https://www.kinguin.net/category/77411/age-of-empires-iii-definitive-edition-steam-cd-key,14347988,"Text Link",SAVER,Coupon,"2020-10-13 01:05:00","2021-06-01 14:55:00"
"🦸‍♂️ Save on Marvel's Avengers with -8% code: DEAL8",Kinguin,"Marvel's Avengers is OUT. Only now, save on Marvel's Avengers with -8% code: DEAL8. Discover Marvel game deals!","2.50% - 5.00%",https://www.anrdoezrs.net/click-100179843-14319121-1610363447000,https://www.kinguin.net/cjaffiliate/index/index/ref/cj/?URL=https://www.kinguin.net/category/76440/marvel-s-avengers-steam-cd-key,14319121,"Text Link",DEAL8,Coupon,"2020-09-04 01:05:00","2021-06-01 14:55:00"
"❤️ Playstation Network Card €18 DE PSN for €13,79 with code",Kinguin,"Cheap Playstation Network Card €18 DE PSN for €13,79 with code: SAVER","2.50% - 5.00%",https://www.jdoqocy.com/click-100179843-14398238-1612790647000,https://www.kinguin.net/cjaffiliate/index/index/ref/cj/?URL=https://www.kinguin.net/category/76873/playstation-network-card-a-18-de,14398238,"Text Link",SAVER,Coupon,"2020-11-25 04:05:00","2021-06-01 14:55:00"
"❤️ Save EXTRA on Godfall with -8% OFF code!",Kinguin,"NEW Godfall is out! Save by purchasing the game now! Use the code: SAVER for EXTRA 8% OFF.
","2.50% - 5.00%",https://www.anrdoezrs.net/click-100179843-14378731-1610368344000,https://www.kinguin.net/cjaffiliate/index/index/ref/cj/?URL=https://www.kinguin.net/category/79267/godfall-green-gift-redemption-code,14378731,"Text Link",SAVER,Coupon,"2020-11-02 01:05:00","2021-06-01 14:55:00"
"⭐ Save EXTRA on The Sims 4 - Snowy Escape DLC with -8% OFF code!",Kinguin,"NEW The Sims 4 - Snowy Escape DLC is out! Save by purchasing the DLC now! Use the code: SAVER for EXTRA 8% OFF.
","2.50% - 5.00%",https://www.kqzyfj.com/click-100179843-14378730-1610368380000,https://www.kinguin.net/cjaffiliate/index/index/ref/cj/?URL=https://www.kinguin.net/category/79266/the-sims-4-snowy-escape-dlc-origin-cd-key,14378730,"Text Link",SAVER,Coupon,"2020-11-02 01:05:00","2021-06-01 14:55:00"
"🏹 Baldur's Gate III available! Get cheaper with -8% code: SAVER",Kinguin,"Baldur's Gate III is OUT. Take our discount and enjoy a new chapter of a beloved Dungeons and Dragons story today. Use -8% EXTRA OFF code: SAVER","2.50% - 5.00%",https://www.jdoqocy.com/click-100179843-14343526-1610365577000,https://www.kinguin.net/cjaffiliate/index/index/ref/cj/?URL=https://www.kinguin.net/category/77733/baldur-s-gate-iii-eu-steam-altergift,14343526,"Text Link",SAVER,Coupon,"2020-10-07 01:05:00","2021-06-01 14:55:00"
"🕴️ Mafia Definitive Edition is OUT! -8% EXTRA OFF code: SAVER",Kinguin,"TAKE A WEEK OFF. Mafia Definitive is here! Use code: SAVER for -8% EXTRA OFF!","2.50% - 5.00%",https://www.anrdoezrs.net/click-100179843-14333684-1610363152000,https://www.kinguin.net/cjaffiliate/index/index/ref/cj/?URL=https://www.kinguin.net/category/75914/mafia-definitive-edition-eu-steam-cd-key,14333684,"Text Link",SAVER,Coupon,"2020-09-22 01:05:00","2021-06-01 03:45:00"
"🪐 Outriders Available! Save up to 35%! ",Kinguin,"The amazing Outriders Premiere Deal is here, save up to 35% on the game and become a hero.

This fantastic game will have its premiere soon and it's your chance to boost your earnings! We've prepared everything you need to entice your followers with this amazing deal. We wish you great sales!","2.50% - 5.00%",https://www.anrdoezrs.net/click-100179843-14492549-1617199224000,https://www.kinguin.net/cjaffiliate/index/index/ref/cj/?URL=https://www.kinguin.net/category/83898/outriders-steam-cd-key,14492549,"Text Link",RIDEORDIE,Coupon,"2021-02-15 01:05:00","2021-06-01 14:55:00"
"20% off SaGa Frontier Remastered on PC at Green Man Gaming","Green Man Gaming","Save 20% on SaGa Frontier Remastered for PC when you use the code SPR21 at checkout at Green Man Gaming. Discount applies to the full-price RRP.","2.00% - 5.00%",https://www.dpbolvw.net/click-100179843-14502814-1617965210000,https://www.greenmangaming.com/games/saga-frontier-remastered-pc/,14502814,"Text Link",SPR21,Coupon,"2021-04-08 08:00:00","2021-04-30 07:59:00"
"20% off SCARLET NEXUS on PC at Green Man Gaming","Green Man Gaming","Save 20% on SCARLET NEXUS Standard and Deluxe Editions for PC when you use the code SPR21 at checkout at Green Man Gaming. Discount applies to the full-price RRP.","2.00% - 5.00%",https://www.anrdoezrs.net/click-100179843-14486987-1617268451000,https://www.greenmangaming.com/games/scarlet-nexus-pc/,14486987,"Text Link",SPR21,Coupon,"2021-03-19 09:00:00","2021-04-30 07:59:00"
"$149.99 for Xiaomi JIMMY F6 Hair Dryer 220V 1800W",GeekBuying,"$23 off for Xiaomi JIMMY F6 Hair Dryer 220V 1800W  with code JIMMYF6
","2.00% - 8.00%",https://www.tkqlhce.com/click-100179843-14503740-1618214117000,https://www.geekbuying.com/item/JIMMY-F6-1800W-Electric-Hair-Dryer-Ruby-Red-422361.html,14503740,"Text Link",JIMMYF6,,"2021-04-12 02:00:00","2021-05-12 08:57:00"
"$74.99 for A95X MAX II Amlogic S905X3 4GB/64GB Android 9.0 TV Box",GeekBuying,"$5 off for A95X MAX II Amlogic S905X3 4GB/64GB Android 9.0 TV Box  with code 5TSETFHV
","2.00% - 8.00%",https://www.jdoqocy.com/click-100179843-14503742-1618214267000,https://www.geekbuying.com/item/A95X-MAX-II-Amlogic-S905X3-4GB-64GB-Android-9-0-TV-Box-413448.html,14503742,"Text Link",5TSETFHV,,"2021-04-12 02:00:00","2021-05-12 08:59:00"
"$216.99 for JIMMY JV85 Smart Cordless Handheld Vacuum Cleaner 23000Pa",GeekBuying,"$33 off for JIMMY JV85 Smart Cordless Handheld Vacuum Cleaner 23000Pa with code JIMMYJV85
","2.00% - 8.00%",https://www.jdoqocy.com/click-100179843-14503733-1618213947000,https://www.geekbuying.com/item/JIMMY-JV85-Smart-Cordless-Handheld-Vacuum-Cleaner-Global-Version-Blue-426268.html,14503733,"Text Link",JIMMYJV85,,"2021-04-12 02:00:00","2021-05-12 08:59:00"
"$419.99 for GMK NucBox2 Intel Core i5-8259U 8GB RAM 256GB Mini PC WIFI 5",GeekBuying,"$30 off for GMK NucBox2 Intel Core i5-8259U 8GB RAM 256GB Mini PC WIFI 5 with code 5TSWFZBS
","2.00% - 8.00%",https://www.jdoqocy.com/click-100179843-14503739-1618214076000,https://www.geekbuying.com/item/GMK-NucBox2-i5-8259U-8G-RAM-256G-SSD-Windows10-Mini-PC-455967.html,14503739,"Text Link",5TSWFZBS,,"2021-04-12 02:00:00","2021-05-12 08:59:00"
"$72.99 for PS7000 7inch Handheld Game Console 32GB 5000+ Games 4000mAh",GeekBuying,"$7 off for PS7000 7inch Handheld Game Console 32GB 5000+ Games 4000mAh with code 5TSENQSQ
","2.00% - 8.00%",https://www.anrdoezrs.net/click-100179843-14503776-1618219417000,https://www.geekbuying.com/item/7inch-Handheld-Game-Console-32GB-5000--Games-458418.html,14503776,"Text Link",5TSENQSQ,,"2021-04-12 03:00:00","2021-05-12 08:59:00"
"$69.99 for 32GB Handheld Game Console 5000+ Games 4"" Screen",GeekBuying,"$10 off for 32GB Handheld Game Console 5000+ Games 4"" Screen  with code 5TS8VDIL
","2.00% - 8.00%",https://www.tkqlhce.com/click-100179843-14503779-1618219491000,https://www.geekbuying.com/item/4inch-32GB-Handheld-Portable-Game-Console-5000-Games-458415.html,14503779,"Text Link",5TS8VDIL,,"2021-04-12 03:00:00","2021-05-12 08:59:00"
"$24.99 for Tronsmart Onyx Ace Bluetooth 5.0 TWS Earphones Qualcomm QCC3020",GeekBuying,"$4 off for Tronsmart Onyx Ace Bluetooth 5.0 TWS Earphones Qualcomm QCC3020 with code 5NT4XZZI
","2.00% - 8.00%",https://www.anrdoezrs.net/click-100179843-14503782-1618219572000,https://www.geekbuying.com/item/Tronsmart-Onyx-Ace-Bluetooth-5-0-TWS-Earphones-White-425248.html,14503782,"Text Link",5NT4XZZI,,"2021-04-12 03:00:00","2021-05-12 08:59:00"
"$5 Off for orders over $60 on TV BOX ",GeekBuying,"$5 Off for orders over $60 on TV BOX & Mini PC after coupon GKBTVN6","2.00% - 8.00%",https://www.tkqlhce.com/click-100179843-14503786-1618219879000,https://www.geekbuying.com/category/TV-Boxes---Mini-PCs-505/,14503786,"Text Link",GKBTVN6,Coupon,"2021-04-12 03:00:00","2021-05-12 08:59:00"
"$212.99 for JIMMY JV65 Plus Cordless Handheld Vacuum Cleaner Mopping 2 in 1 Vacuuming Mopping with 145AW",GeekBuying,"$19 off for JIMMY JV65 Plus Cordless Handheld Vacuum Cleaner Mopping 2 in 1 Vacuuming Mopping with 145AW with code JV65PLUS
","2.00% - 8.00%",https://www.tkqlhce.com/click-100179843-14503736-1618188798000,https://www.geekbuying.com/item/Xiaomi-JIMMY-JV65-Plus-Cordless-Handheld-Flexible-Vacuum-Cleaner-426127.html,14503736,"Text Link",JV65PLUS,,"2021-04-11 19:00:00","2021-05-12 01:59:00"
"$139.99 for Xiaomi JIMMY JV53 Handheld Cordless Vacuum Cleaner 125AW",GeekBuying,"$18 off for Xiaomi JIMMY JV53 Handheld Cordless Vacuum Cleaner 125AW with code JIMMYJV53Z
","2.00% - 8.00%",https://www.jdoqocy.com/click-100179843-14503775-1618219378000,https://www.geekbuying.com/item/Xiaomi-JIMMY-JV53-Vacuum-Cleaner-Purple-418655.html,14503775,"Text Link",JIMMYJV53Z,,"2021-04-12 03:00:00","2021-05-12 08:59:00"
"$3 Off for orders over $30 on TV BOX",GeekBuying,"$3 Off for orders over $30 on TV BOX & Mini PC after coupon GKBTVN3","2.00% - 8.00%",https://www.kqzyfj.com/click-100179843-14503785-1618219798000,https://www.geekbuying.com/category/TV-Boxes---Mini-PCs-505/,14503785,"Text Link",GKBTVN3,,"2021-04-12 03:00:00","2021-05-12 08:59:00"
"$2 Off for orders over $10 on TV BOX",GeekBuying,"$2 Off for orders over $10 on TV BOX after coupon GKBTVN1","2.00% - 8.00%",https://www.kqzyfj.com/click-100179843-14503783-1618219705000,https://www.geekbuying.com/category/TV-Boxes---Mini-PCs-505/,14503783,"Text Link",GKBTVN1,,"2021-04-12 03:00:00","2021-05-12 08:59:00"
"$74.99 for A95X MAX II Amlogic S905X3 4GB/64GB Android 9.0 TV Box",GeekBuying,"$5 off for A95X MAX II Amlogic S905X3 4GB/64GB Android 9.0 TV Box  with code 5TSETFHV
","2.00% - 8.00%",https://www.anrdoezrs.net/click-100179843-14503772-1618194022000,https://www.geekbuying.com/item/A95X-MAX-II-Amlogic-S905X3-4GB-64GB-Android-9-0-TV-Box-413448.html,14503772,"Text Link",5TSETFHV,,"2021-04-11 20:00:00","2021-05-12 01:59:00"
"$22.99 for Handheld Percussion Massage Mini Gun Deep Tissue Massager",GeekBuying,"$3 off for Handheld Percussion Massage Mini Gun Deep Tissue Massager with code MINIGUN
","2.00% - 8.00%",https://www.dpbolvw.net/click-100179843-14503781-1618219534000,https://www.geekbuying.com/item/Handheld-Mini-Fascia-Gun-Muscle-Massage-Gun---Silver-426304.html,14503781,"Text Link",MINIGUN,,"2021-04-12 03:00:00","2021-05-12 08:59:00"
"$66.99 for 16GB Handheld Game Console 3000+ Games 4"" Screen",GeekBuying,"$8 off for 16GB Handheld Game Console 3000+ Games 4"" Screen  with code 5TSBQJO7
","2.00% - 8.00%",https://www.anrdoezrs.net/click-100179843-14503777-1618219454000,https://www.geekbuying.com/item/4inch-16GB-Handheld-Portable-Game-Console-3000-Games-458414.html,14503777,"Text Link",5TSBQJO7,,"2021-04-12 03:00:00","2021-05-12 08:59:00"
"$49.99 for A95X F3 Amlogic S905x3 4GB/64GB 8K Video Decode Android 9.0 TV Box",GeekBuying,"$5 off for A95X F3 Amlogic S905x3 4GB/64GB 8K Video Decode Android 9.0 TV Box with code 5TSEA3D9
","2.00% - 8.00%",https://www.kqzyfj.com/click-100179843-14503741-1618214209000,https://www.geekbuying.com/item/A95X-F3-Amlogic-S905x3-8K-Video-Decode-Android-9-0-TV-Box-4GB-64GB-422995.html,14503741,"Text Link",5TSEA3D9,,"2021-04-12 02:00:00","2021-05-12 08:59:00"
"$68.99 for PS7000 7inch Handheld Game Console 16GB 3000+ Games 4000mAh",GeekBuying,"$8 off for PS7000 7inch Handheld Game Console 16GB 3000+ Games 4000mAh with code 5TSENWUE
","2.00% - 8.00%",https://www.dpbolvw.net/click-100179843-14503774-1618219337000,https://www.geekbuying.com/item/7inch-Handheld-Game-Console-16GB-3000--Games-458417.html,14503774,"Text Link",5TSENWUE,,"2021-04-12 03:00:00","2021-05-12 08:59:00"
"PD DE Neukunden Coupon 5EUR ab 50 EUR","Parfumdreams Global","5 EUR Coupon, MoV 50 EUR","2.00% - 12.00%",https://www.kqzyfj.com/click-100179843-14443400-1611578040000,https://www.parfumdreams.de/,14443400,"Text Link",NEWINDE5,Coupon,"2021-01-25 04:32:00","2021-12-31 15:00:00"
"PD DE Neukunden Coupon 10 EUR ab 65 EUR","Parfumdreams Global","10 EUR Coupon, MoV 65 EUR","2.00% - 12.00%",https://www.dpbolvw.net/click-100179843-14443401-1611578015000,https://www.parfumdreams.de/,14443401,"Text Link",NEWINDE10,Coupon,"2021-01-25 04:32:00","2021-12-31 15:00:00"
"Exam Edge - Act now and save 10% on CGFNS� International Practice Tests","Exam Edge","Exam Edge is a leading provider of online test preparation for your CGFNS� International certifications. Our exams are content focused helping you become as prepared as possible for your certification exam. We want you to walk out of the real exam confident and knowing that your time preparing with ExamEdge.com was a success!",15.00%,https://www.dpbolvw.net/click-100179843-13344574-1608148945000,https://www.ExamEdge.com/CGFNS,13344574,"Text Link",SAVE-CGFN,Coupon,"2018-05-01 21:00:00","2025-05-24 21:00:00"
"Exam Edge - Act now and save 10% on FCAT Teaching Practice Tests","Exam Edge","Exam Edge is a leading provider of online test preparation for your FCAT Teaching certifications. Our exams are content focused helping you become as prepared as possible for your certification exam. We want you to walk out of the real exam confident and knowing that your time preparing with ExamEdge.com was a success!",15.00%,https://www.dpbolvw.net/click-100179843-13344585-1608148945000,https://www.ExamEdge.com/FCAT,13344585,"Text Link",SAVE-FCAT,Coupon,"2018-05-01 21:00:00","2025-05-24 21:00:00"
"Exam Edge - Act now and save 10% on GHSGT High School Practice Tests","Exam Edge","Exam Edge is a leading provider of online test preparation for your GHSGT High School certifications. Our exams are content focused helping you become as prepared as possible for your certification exam. We want you to walk out of the real exam confident and knowing that your time preparing with ExamEdge.com was a success!",15.00%,https://www.anrdoezrs.net/click-100179843-13344594-1608148945000,https://www.ExamEdge.com/GHSGT,13344594,"Text Link",SAVE-GHSG,Coupon,"2018-05-01 21:00:00","2025-05-24 21:00:00"
"Exam Edge - Act now and save 10% on HOBET Healthcare Practice Tests","Exam Edge","Exam Edge is a leading provider of online test preparation for your HOBET Healthcare certifications. Our exams are content focused helping you become as prepared as possible for your certification exam. We want you to walk out of the real exam confident and knowing that your time preparing with ExamEdge.com was a success!",15.00%,https://www.dpbolvw.net/click-100179843-13344597-1608148945000,https://www.ExamEdge.com/HOBET,13344597,"Text Link",SAVE-HOBE,Coupon,"2018-05-01 21:00:00","2025-05-24 21:00:00"
"Exam Edge - Act now and save 10% on IELTS Teaching Practice Tests","Exam Edge","Exam Edge is a leading provider of online test preparation for your IELTS Teaching certifications. Our exams are content focused helping you become as prepared as possible for your certification exam. We want you to walk out of the real exam confident and knowing that your time preparing with ExamEdge.com was a success!",15.00%,https://www.jdoqocy.com/click-100179843-13344599-1608148945000,https://www.ExamEdge.com/IELTS,13344599,"Text Link",SAVE-IELT,Coupon,"2018-05-01 21:00:00","2025-05-24 21:00:00"
"Exam Edge - Act now and save 10% on NBCC Healthcare Practice Tests","Exam Edge","Exam Edge is a leading provider of online test preparation for your NBCC Healthcare certifications. Our exams are content focused helping you become as prepared as possible for your certification exam. We want you to walk out of the real exam confident and knowing that your time preparing with ExamEdge.com was a success!",15.00%,https://www.anrdoezrs.net/click-100179843-13344626-1608148945000,https://www.ExamEdge.com/NBCC,13344626,"Text Link",SAVE-NBCC,Coupon,"2018-05-01 21:00:00","2025-05-24 21:00:00"
"Exam Edge - Act now and save 10% on NESTA Fitness Practice Tests","Exam Edge","Exam Edge is a leading provider of online test preparation for your NESTA Fitness certifications. Our exams are content focused helping you become as prepared as possible for your certification exam. We want you to walk out of the real exam confident and knowing that your time preparing with ExamEdge.com was a success!",15.00%,https://www.jdoqocy.com/click-100179843-13344639-1608148945000,https://www.ExamEdge.com/NESTA,13344639,"Text Link",SAVE-NEST,Coupon,"2018-05-01 21:00:00","2025-05-24 21:00:00"
"Exam Edge - Act now and save 10% on NBNSC Nutrition Practice Tests","Exam Edge","Exam Edge is a leading provider of online test preparation for your NBNSC Nutrition certifications. Our exams are content focused helping you become as prepared as possible for your certification exam. We want you to walk out of the real exam confident and knowing that your time preparing with ExamEdge.com was a success!",15.00%,https://www.anrdoezrs.net/click-100179843-13344438-1608148945000,https://www.ExamEdge.com/NBNSC,13344438,"Text Link",SAVE-NBNS,Coupon,"2018-05-01 21:00:00","2025-05-24 21:00:00"
"Exam Edge - Act now and save 10% on NCC Healthcare Practice Tests","Exam Edge","Exam Edge is a leading provider of online test preparation for your NCC Healthcare certifications. Our exams are content focused helping you become as prepared as possible for your certification exam. We want you to walk out of the real exam confident and knowing that your time preparing with ExamEdge.com was a success!",15.00%,https://www.kqzyfj.com/click-100179843-13344450-1608148945000,https://www.ExamEdge.com/NCC,13344450,"Text Link",SAVE-NCC,Coupon,"2018-05-01 21:00:00","2025-05-24 21:00:00"
"Exam Edge - Act now and save 10% on NCHEC Healthcare Practice Tests","Exam Edge","Exam Edge is a leading provider of online test preparation for your NCHEC Healthcare certifications. Our exams are content focused helping you become as prepared as possible for your certification exam. We want you to walk out of the real exam confident and knowing that your time preparing with ExamEdge.com was a success!",15.00%,https://www.anrdoezrs.net/click-100179843-13344452-1608148945000,https://www.examedge.com/NCHEC,13344452,"Text Link",SAVE-NCHE,Coupon,"2018-05-01 21:00:00","2025-05-24 21:00:00"
"$10 Off Bayer Seresto Collars, 6 Pack Advantage II & 6 Pack Advantix II",EntirelyPets,"Exclusive EP Promo! $10 Off Bayer Seresto Collars, 6 Pack Advantage II & 6 Pack Advantix II. Use Code ELANCO10 at Checkout!",6.00%,https://www.jdoqocy.com/click-100179843-14498804-1617384603000,https://www.entirelypets.com/s.html?tag=bayer-april-sale,14498804,"Text Link",ELANCO10,Coupon,"2021-04-02 10:30:00","2021-05-01 00:00:00"
"15% Off Select Nutramax Products",EntirelyPets,"15% Off Select Nutramax Products. Cosequin, Dasuquin & More in Stock at EntirelyPets.com Use Code NUTRAMAX.",6.00%,https://www.kqzyfj.com/click-100179843-14502262-1617902273000,https://www.entirelypets.com/s.html?tag=nutramax-sale,14502262,"Text Link",NUTRAMAX,,"2021-04-08 10:30:00","2021-05-08 00:00:00"
"Vanity - YaMediaTV: 20% off sitewide with Code CHEMXMUE","MakeUp Eraser","Vanity - YaMediaTV: 20% off sitewide with Code CHEMXMUE",10.00%,https://www.jdoqocy.com/click-100179843-14475384-1614897936000,https://www.makeuperaser.com,14475384,"Text Link",CHEMXMUE,Coupon,"2021-03-04 13:00:00","2050-03-04 13:00:00"
"Vanity - YaMediaTV: 20% off sitewide with Code YAMEDIATVMUE","MakeUp Eraser","Vanity - YaMediaTV: 20% off sitewide with Code YAMEDIATVMUE
",10.00%,https://www.tkqlhce.com/click-100179843-14475385-1614897969000,https://www.makeuperaser.com,14475385,"Text Link",YAMEDIATVMUE,Coupon,"2021-03-04 13:00:00","2050-03-04 13:00:00"
"Women Dresses 16% Off Over $99 Code: aff16, Shop Now!",EricDress.com,"Women Dresses 16% Off Over $99 Code: aff16, Shop Now!",10.00%,https://www.dpbolvw.net/click-100179843-13585264-1617184877000,https://www.ericdress.com/list/cheap-dresses-101884/,13585264,Banner,aff16,Coupon,"2020-03-08 09:00:00","2021-06-29 09:00:00"
"Women Dresses 16% Off Over $99 Code: aff16, Shop Now!",EricDress.com,"Women Dresses 16% Off Over $99 Code: aff16, Shop Now!",10.00%,https://www.kqzyfj.com/click-100179843-13224759-1617184293000,https://www.ericdress.com/list/cheap-dresses-101884/,13224759,Banner,aff16,Coupon,"2020-03-08 09:00:00","2021-06-29 09:00:00"
"Ericdress Members' Week 15% OFF $129,Code:VIP15 (WOMEN'S & MEN'S & ACC) Date:2021.4.12-2021.4.19",EricDress.com,"Ericdress Members' Week
15% OFF $129,Code:VIP15
(WOMEN'S & MEN'S & ACC)
Date:2021.4.12-2021.4.19",10.00%,https://www.jdoqocy.com/click-100179843-14494600-1617097252000,https://www.ericdress.com/,14494600,"Text Link",VIP15,Coupon,"2021-04-11 12:00:00","2021-04-18 12:00:00"
"Earth Day Sale $15 Off Over $129, Code: ED15 (WOMEN'S & MEN'S & ACC) Date:2021.4.19-2021.4.26",EricDress.com,"Earth Day Sale
$15 Off Over $129, Code: ED15
(WOMEN'S & MEN'S & ACC)
Date:2021.4.19-2021.4.26",10.00%,https://www.anrdoezrs.net/click-100179843-14494604-1617097426000,https://www.ericdress.com/,14494604,"Text Link",ED15,Coupon,"2021-04-18 12:00:00","2021-04-25 12:00:00"
"Women Dresses 16% Off Over $99 Code: aff16, Shop Now!",EricDress.com,"Women Dresses 16% Off Over $99 Code: aff16, Shop Now!",10.00%,https://www.tkqlhce.com/click-100179843-13104332-1617184363000,https://www.ericdress.com/list/cheap-dresses-101884/,13104332,Banner,aff15,Coupon,"2020-03-08 09:00:00","2021-06-29 09:00:00"
"Women Dresses 16% Off Over $99 Code: aff16, Shop Now!",EricDress.com,"Women Dresses 16% Off Over $99 Code: aff16, Shop Now!",10.00%,https://www.dpbolvw.net/click-100179843-12751813-1617184498000,https://www.ericdress.com/list/cheap-dresses-101884/,12751813,Banner,AFF16,Coupon,"2020-03-08 09:00:00","2021-06-29 09:00:00"
"Women Dresses 16% Off Over $99 Code: aff16, Shop Now!",EricDress.com,"Women Dresses 16% Off Over $99 Code: aff16, Shop Now!",10.00%,https://www.dpbolvw.net/click-100179843-13585263-1617184665000,https://www.ericdress.com/list/cheap-dresses-101884/,13585263,Banner,aff16,Coupon,"2020-03-08 09:00:00","2021-06-29 09:00:00"
"Women Dresses 16% Off Over $99 Code: aff16, Shop Now!",EricDress.com,"Women Dresses 16% Off Over $99 Code: aff16, Shop Now!",10.00%,https://www.tkqlhce.com/click-100179843-13622876-1617184578000,https://www.ericdress.com/list/cheap-dresses-101884/,13622876,Banner,aff16,Coupon,"2020-03-08 09:00:00","2021-06-29 09:00:00"
" eUKhost EASTER Offer 21% Off On All Services","(eUK) eUKhost Ltd","<link>UK Web Hosting Services</link>",65.00%,https://www.anrdoezrs.net/click-100179843-14498931-1617396869000,http://www.eukhost.com/?source=cj,14498931,Banner,EASTER21,Coupon,"2021-03-31 13:30:00","2021-04-29 11:30:00"
" eUKhost EASTER Offer 21% Off On All Services","(eUK) eUKhost Ltd","<link>UK Web Hosting Services</link>",65.00%,https://www.tkqlhce.com/click-100179843-14498932-1617396966000,http://www.eukhost.com/?source=cj,14498932,Banner,EASTER21,Coupon,"2021-03-31 13:30:00","2021-04-29 11:30:00"
"eUKhost EASTER Offer 21% Off On All Services","(eUK) eUKhost Ltd","UK Web Hosting Services",65.00%,https://www.dpbolvw.net/click-100179843-14498908-1617395670000,http://www.eukhost.com/?source=cj,14498908,"Text Link",EASTER21,Coupon,"2021-03-31 13:30:00","2021-04-29 11:30:00"
" eUKhost EASTER Offer 21% Off On All Services","(eUK) eUKhost Ltd","<link>UK Web Hosting Services</link>",65.00%,https://www.anrdoezrs.net/click-100179843-14498914-1617396726000,http://www.eukhost.com/?source=cj,14498914,Banner,EASTER21,Coupon,"2021-03-31 13:30:00","2021-04-29 11:30:00"
" eUKhost EASTER Offer 21% Off On All Services","(eUK) eUKhost Ltd","<link>UK Web Hosting Services</link>",65.00%,https://www.kqzyfj.com/click-100179843-14498911-1617396678000,http://www.eukhost.com/?source=cj,14498911,Banner,EASTER21,Coupon,"2021-03-31 13:30:00","2021-04-29 11:30:00"
" eUKhost EASTER Offer 21% Off On All Services","(eUK) eUKhost Ltd","<link>UK Web Hosting Services</link>",65.00%,https://www.tkqlhce.com/click-100179843-14498910-1617396654000,http://www.eukhost.com/?source=cj,14498910,Banner,EASTER21,Coupon,"2021-04-02 13:30:00","2021-04-29 11:30:00"
" eUKhost EASTER Offer 21% Off On All Services","(eUK) eUKhost Ltd","<link>UK Web Hosting Services</link>",65.00%,https://www.dpbolvw.net/click-100179843-14498916-1617396776000,http://www.eukhost.com/?source=cj,14498916,Banner,EASTER21,Coupon,"2021-03-31 13:30:00","2021-04-29 11:30:00"
" eUKhost EASTER Offer 21% Off On All Services","(eUK) eUKhost Ltd","<link>UK Web Hosting Services</link>",65.00%,https://www.anrdoezrs.net/click-100179843-14498915-1617396752000,http://www.eukhost.com/?source=cj,14498915,Banner,EASTER21,Coupon,"2021-03-31 13:30:00","2021-04-29 11:30:00"
" eUKhost EASTER Offer 21% Off On All Services","(eUK) eUKhost Ltd","<link>UK Web Hosting Services</link>",65.00%,https://www.dpbolvw.net/click-100179843-14498913-1617396711000,http://www.eukhost.com/?source=cj,14498913,Banner,EASTER21,Coupon,"2021-03-31 13:30:00","2021-04-29 11:30:00"
" eUKhost EASTER Offer 21% Off On All Services","(eUK) eUKhost Ltd","<link>UK Web Hosting Services</link>",65.00%,https://www.dpbolvw.net/click-100179843-14498917-1617396797000,http://www.eukhost.com/?source=cj,14498917,Banner,EASTER21,Coupon,"2021-03-31 13:30:00","2021-04-29 11:30:00"
" eUKhost EASTER Offer 21% Off On All Services","(eUK) eUKhost Ltd","<link>UK Web Hosting Services</link>",65.00%,https://www.anrdoezrs.net/click-100179843-14498912-1617396694000,http://www.eukhost.com/?source=cj,14498912,Banner,EASTER21,Coupon,"2021-03-31 13:30:00","2021-04-29 11:30:00"
"Get 10% off all Tribe Organics products at eVitamins.com! Use code TRIBE1 (Valid 4/12/2021 - 4/18/2021)",eVitamins,"Get 10% off all Tribe Organics products at eVitamins.com! Use code TRIBE1 (Valid 4/12/2021 - 4/18/2021)","4.00% - 8.00%",https://www.tkqlhce.com/click-100179843-14487024-1616163536000,https://www.evitamins.com/tribe-organics,14487024,"Text Link",TRIBE1,Coupon,"2021-04-11 21:00:00","2021-04-18 20:59:00"
"Get 10% off all Zhou products at eVitamins.com! Use code ZHOU7 (Valid 4/26/2021 - 5/2/2021)",eVitamins,"Get 10% off all Zhou products at eVitamins.com! Use code ZHOU7 (Valid 4/26/2021 - 5/2/2021)","4.00% - 8.00%",https://www.anrdoezrs.net/click-100179843-14487040-1616164529000,https://www.evitamins.com/zhou,14487040,"Text Link",ZHOU7,Coupon,"2021-04-25 21:00:00","2021-05-02 20:59:00"
"Get 10% off all Olly products at eVitamins.com! Use code OLLY4 (Valid 4/26/2021 - 5/2/2021)",eVitamins,"Get 10% off all Olly products at eVitamins.com! Use code OLLY4 (Valid 4/26/2021 - 5/2/2021)","4.00% - 8.00%",https://www.dpbolvw.net/click-100179843-14487042-1616164570000,https://www.evitamins.com/olly,14487042,"Text Link",OLLY4,Coupon,"2021-04-25 21:00:00","2021-05-02 20:59:00"
"Get 10% off all PureHealth Research products at eVitamins.com! Use code PUREHEALTHN1 (Valid 4/19/2021 - 4/25/2021)",eVitamins,"Get 10% off all PureHealth Research products at eVitamins.com! Use code PUREHEALTHN1 (Valid 4/19/2021 - 4/25/2021)","4.00% - 8.00%",https://www.kqzyfj.com/click-100179843-14487032-1616164071000,https://www.evitamins.com/purehealth-research,14487032,"Text Link",PUREHEALTHN1,Coupon,"2021-04-18 21:00:00","2021-04-25 20:59:00"
"Get 10% off all True Healing Naturals products at eVitamins.com! Use code TRUEHN1 (Valid 4/19/2021 - 4/25/2021)",eVitamins,"Get 10% off all True Healing Naturals products at eVitamins.com! Use code TRUEHN1 (Valid 4/19/2021 - 4/25/2021)","4.00% - 8.00%",https://www.kqzyfj.com/click-100179843-14487029-1616164016000,https://www.evitamins.com/true-healing-naturals,14487029,"Text Link",TRUEHN1,Coupon,"2021-04-18 21:00:00","2021-04-25 20:59:00"
"Get 10% off all Frunutta products at eVitamins.com! Use code FRUNUTTA1 (Valid 4/12/2021 - 4/18/2021)",eVitamins,"Get 10% off all Frunutta products at eVitamins.com! Use code FRUNUTTA1 (Valid 4/12/2021 - 4/18/2021)","4.00% - 8.00%",https://www.dpbolvw.net/click-100179843-14487015-1616163149000,https://www.evitamins.com/frunutta,14487015,"Text Link",FRUNUTTA1,Coupon,"2021-04-11 21:00:00","2021-04-18 20:59:00"
"Get 10% off all Premier Research Labs products at eVitamins.com! Use code PREMIERRL17 (Valid 4/12/2021 - 4/18/2021)",eVitamins,"Get 10% off all Premier Research Labs products at eVitamins.com! Use code PREMIERRL17 (Valid 4/12/2021 - 4/18/2021)","4.00% - 8.00%",https://www.jdoqocy.com/click-100179843-14487011-1616162909000,https://www.evitamins.com/premier-research-labs,14487011,"Text Link",PREMIERRL17,Coupon,"2021-04-11 21:00:00","2021-04-18 20:59:00"
"Get 10% off all Nature's Bounty products at eVitamins.com! Use code NATUREB15 (Valid 4/19/2021 - 4/25/2021)",eVitamins,"Get 10% off all Nature's Bounty products at eVitamins.com! Use code NATUREB15 (Valid 4/19/2021 - 4/25/2021)","4.00% - 8.00%",https://www.kqzyfj.com/click-100179843-14487033-1616164121000,https://www.evitamins.com/natures-bounty,14487033,"Text Link",NATUREB15,Coupon,"2021-04-18 21:00:00","2021-04-25 20:59:00"
"Get 10% off all BodyBio products at eVitamins.com! Use code BODYBIO3 (Valid 4/26/2021 - 5/2/2021)",eVitamins,"Get 10% off all BodyBio products at eVitamins.com! Use code BODYBIO3 (Valid 4/26/2021 - 5/2/2021)","4.00% - 8.00%",https://www.anrdoezrs.net/click-100179843-14487036-1616164334000,https://www.evitamins.com/bodybio,14487036,"Text Link",BODYBIO3,Coupon,"2021-04-25 21:00:00","2021-05-02 20:59:00"
"Get 10% off all Nordic Naturals products at eVitamins.com! Use code NORDICN27 (Valid 4/19/2021 - 4/25/2021)",eVitamins,"Get 10% off all Nordic Naturals products at eVitamins.com! Use code NORDICN27 (Valid 4/19/2021 - 4/25/2021)","4.00% - 8.00%",https://www.anrdoezrs.net/click-100179843-14487034-1616164186000,https://www.evitamins.com/nordic-naturals,14487034,"Text Link",NORDICN27,Coupon,"2021-04-18 21:00:00","2021-04-25 20:59:00"
"Get 10% off all Solgar products at eVitamins.com! Use code SOLGAR18 (Valid 4/12/2021 - 4/18/2021)",eVitamins,"Get 10% off all Solgar products at eVitamins.com! Use code SOLGAR18 (Valid 4/12/2021 - 4/18/2021)","4.00% - 8.00%",https://www.kqzyfj.com/click-100179843-14487013-1616163120000,https://www.evitamins.com/solgar,14487013,"Text Link",SOLGAR18,Coupon,"2021-04-11 21:00:00","2021-04-18 20:59:00"
"Get 10% off all Eniva products at eVitamins.com! Use code ENIVA2 (Valid 4/26/2021 - 5/2/2021)",eVitamins,"Get 10% off all Eniva products at eVitamins.com! Use code ENIVA2 (Valid 4/26/2021 - 5/2/2021)","4.00% - 8.00%",https://www.anrdoezrs.net/click-100179843-14487039-1616164478000,https://www.evitamins.com/eniva,14487039,"Text Link",ENIVA2,Coupon,"2021-04-25 21:00:00","2021-05-02 20:59:00"
"Easter Sale",Fairyseason,"<link>Fairyseason Easter Sale 10% off on orders $69+,code:ET10</link>",13.00%,https://www.dpbolvw.net/click-100179843-14498402-1617358107000,https://www.fairyseason.com/Promotions/easter-sale-2021.html,14498402,Banner,ET10,Coupon,"2021-04-02 03:00:00","2021-04-14 09:00:00"
"Easter Sale",Fairyseason,"<link>Fairyseason Easter Sale 10% off on orders $69+,code:ET10</link>",13.00%,https://www.dpbolvw.net/click-100179843-14498397-1617357857000,https://www.fairyseason.com/Promotions/easter-sale-2021.html,14498397,Banner,ET10,Coupon,"2021-04-02 03:00:00","2021-04-14 09:00:00"
"Spring Sale up to 50% off ",Fairyseason,"Spring Sale up to 50% off,code:SPRING2021",13.00%,https://www.dpbolvw.net/click-100179843-14502693-1617959651000,https://www.fairyseason.com/,14502693,Banner,SPRING2021,Coupon,"2021-04-09 02:00:00","2021-04-29 09:00:00"
"Spring Sale up to 50% off ",Fairyseason,"Spring Sale up to 50% off,code:SPRING2021",13.00%,https://www.dpbolvw.net/click-100179843-14502736-1617960458000,https://www.fairyseason.com/,14502736,Banner,SPRING2021,Coupon,"2021-04-09 02:00:00","2021-04-29 09:00:00"
"5% Off Sitewide ",Fairyseason,"Enjoy Extra 5% Off Sitewidewith Coupon Code: VS5 (Ends: Jan 1st, 2017)",13.00%,https://www.dpbolvw.net/click-100179843-12592486-1603272068000,http://www.fairyseason.com/,12592486,"Text Link",VS5,Coupon,"2016-05-22 23:05:00","2021-04-30 08:59:00"
"Easter Sale",Fairyseason,"<link>Fairyseason Easter Sale 10% off on orders $69+,code:ET10</link>",13.00%,https://www.dpbolvw.net/click-100179843-14498400-1617358005000,https://www.fairyseason.com/Promotions/easter-sale-2021.html,14498400,Banner,ET10,Coupon,"2021-04-02 03:00:00","2021-04-14 09:00:00"
"Easter Sale",Fairyseason,"<link>Fairyseason Easter Sale 10% off on orders $69+,code:ET10</link>",13.00%,https://www.dpbolvw.net/click-100179843-14498399-1617357985000,https://www.fairyseason.com/Promotions/easter-sale-2021.html,14498399,Banner,ET10,Coupon,"2021-04-02 03:00:00","2021-04-14 09:00:00"
"Easter Sale",Fairyseason,"<link>Fairyseason Easter Sale 10% off on orders $69+,code:ET10</link>",13.00%,https://www.tkqlhce.com/click-100179843-14498398-1617357878000,https://www.fairyseason.com/Promotions/easter-sale-2021.html,14498398,Banner,ET10,Coupon,"2021-04-02 03:00:00","2021-04-14 09:00:00"
"Spring Sale up to 50% off ",Fairyseason,"Spring Sale up to 50% off,code:SPRING2021",13.00%,https://www.dpbolvw.net/click-100179843-14502739-1617960505000,https://www.fairyseason.com/,14502739,Banner,SPRING2021,Coupon,"2021-04-09 02:00:00","2021-04-29 09:00:00"
"Easter Sale",Fairyseason,"<link>Fairyseason Easter Sale 10% off on orders $69+,code:ET10</link>",13.00%,https://www.kqzyfj.com/click-100179843-14498404-1617358150000,https://www.fairyseason.com/Promotions/easter-sale-2021.html,14498404,Banner,ET10,Coupon,"2021-04-02 03:00:00","2021-04-14 09:00:00"
"Easter Sale",Fairyseason,"<link>Fairyseason Easter Sale 10% off on orders $69+,code:ET10</link>",13.00%,https://www.tkqlhce.com/click-100179843-14498403-1617358128000,https://www.fairyseason.com/Promotions/easter-sale-2021.html,14498403,Banner,ET10,Coupon,"2021-04-02 03:00:00","2021-04-14 09:00:00"
"Easter Sale",Fairyseason,"<link>Fairyseason Easter Sale 10% off on orders $69+,code:ET10</link>",13.00%,https://www.dpbolvw.net/click-100179843-14498401-1617358073000,https://www.fairyseason.com/Promotions/easter-sale-2021.html,14498401,Banner,ET10,Coupon,"2021-04-02 03:00:00","2021-04-14 09:00:00"
"Spring Sale up to 50% off ",Fairyseason,"Spring Sale up to 50% off,code:SPRING2021",13.00%,https://www.jdoqocy.com/click-100179843-14502737-1617960480000,https://www.fairyseason.com/,14502737,Banner,SPRING2021,Coupon,"2021-04-09 02:00:00","2021-04-29 09:00:00"
"Spring Sale up to 50% off ",Fairyseason,"Spring Sale up to 50% off,code:SPRING2021",13.00%,https://www.jdoqocy.com/click-100179843-14502719-1617959795000,https://www.fairyseason.com/,14502719,Banner,SPRING2021,Coupon,"2021-04-09 02:00:00","2021-04-29 09:00:00"
"Spring Sale up to 50% off ",Fairyseason,"Spring Sale up to 50% off,code:SPRING2021",13.00%,https://www.jdoqocy.com/click-100179843-14502730-1617960223000,https://www.fairyseason.com/,14502730,Banner,SPRING2021,Coupon,"2021-04-09 02:00:00","2021-04-29 09:00:00"
"Spring Sale up to 50% off ",Fairyseason,"Spring Sale up to 50% off,code:SPRING2021",13.00%,https://www.dpbolvw.net/click-100179843-14502722-1617959865000,https://www.fairyseason.com/,14502722,Banner,SPRING2021,Coupon,"2021-04-09 02:00:00","2021-04-29 09:00:00"
"Spring Sale up to 50% off ",Fairyseason,"Spring Sale up to 50% off,code:SPRING2021",13.00%,https://www.tkqlhce.com/click-100179843-14502734-1617960418000,https://www.fairyseason.com/,14502734,Banner,SPRING2021,Coupon,"2021-04-09 02:00:00","2021-04-29 09:00:00"
"10% off in  March: FindItParts is the one-stop shop for all your heavy duty truck parts and trailer needs",FinditParts,"suspension and steering, air springs and parts, a/c, brakes, much more from Find it Parts",4.00%,https://www.anrdoezrs.net/click-100179843-14485190-1616169266000,https://www.finditparts.com/t/513/categories/heavy-duty-truck/suspension-and-steering/air-springs-and-parts/,14485190,"Text Link",AFFILIATE10,Coupon,"2021-03-11 19:00:00","2021-04-30 00:00:00"
"EN 728x90 ",Floraqueen,"EN 10%


",12.00%,https://www.jdoqocy.com/click-100179843-11416110-1617048904000,https://www.floraqueen.com/international?vcode=10AFF2021&utm_source=cjunction&utm_medium=affiliates&utm_campaign=AFF21&utm_content=EN,11416110,Banner,10AFF2021,Coupon,"2020-12-31 04:57:00","2021-12-31 13:59:00"
"DISCOUNT CODE: 10% off on everything at Ftshp.co.uk","Footshop - UK","Discount code for 10% off on all products on Footshop. The coupon doesn't work on already discounted products and Jordan.","5.00% - 10.00%",https://www.jdoqocy.com/click-100179843-14438792-1611066020000,https://www.ftshp.co.uk/en-uk/,14438792,"Text Link",FTSHPUKCOUP10,Coupon,"2021-01-31 15:00:00","2022-01-31 14:59:00"
"20% off OUTRIDERS on PC at Green Man Gaming","Green Man Gaming","Save 20% on OUTRIDERS for PC when you use the code SPR21 at checkout at Green Man Gaming. Discount applies to the full-price RRP.","2.00% - 5.00%",https://www.kqzyfj.com/click-100179843-14475959-1617268331000,https://www.greenmangaming.com/games/outriders-pc/,14475959,"Text Link",SPR21,Coupon,"2021-03-05 08:00:00","2021-04-30 07:59:00"
"20% off Coming Soon PC Games at Green Man Gaming","Green Man Gaming","Save 20% on a selection of coming soon PC games when you use the code SPR21 at checkout at Green Man Gaming. Discount applies to full-price RRP and some product exclusions apply","2.00% - 5.00%",https://www.kqzyfj.com/click-100179843-14464638-1617268235000,https://www.greenmangaming.com/top-upcoming-games/,14464638,"Text Link",SPR21,Coupon,"2021-02-17 08:00:00","2021-04-30 07:59:00"
"Exam Edge Health Care - Save 10%","Exam Edge","Exam Edge is a leading provider of online certification prep tests for Healthcare. We offer practice exams covering over 400 subjects. Our exams are content focused helping you become as prepared as possible for your certification exam. We want you to walk out of the real exam confident and knowing that your time preparing with ExamEdge.com was a success!",15.00%,https://www.anrdoezrs.net/click-100179843-13280216-1608148945000,https://www.examedge.com/healthcare,13280216,Banner,SAVE-CJ10,Coupon,"2019-03-21 10:00:00","2022-05-21 21:00:00"
"Exam Edge Nursing Certifications - Save 10%","Exam Edge","Exam Edge is a leading provider of online certification prep tests for Nursing Exams. We offer practice exams covering over 100 subjects. Our exams are content focused helping you become as prepared as possible for your certification exam. We want you to walk out of the real exam confident and knowing that your time preparing with ExamEdge.com was a success!
",15.00%,https://www.kqzyfj.com/click-100179843-13280391-1608148945000,https://www.examedge.com/nursing/,13280391,Banner,SAVE-CJ10,Coupon,"2019-03-21 10:00:00","2022-05-21 21:00:00"
"Exam Edge Radiology Certifications - Save 10%","Exam Edge","Exam Edge is a leading provider of online test preparation for Radiology certifications. We offer practice exams covering 12 subjects. Our exams are content focused helping you become as prepared as possible for your certification exam. We want you to walk out of the real exam confident and knowing that your time preparing with ExamEdge.com was a success!
",15.00%,https://www.dpbolvw.net/click-100179843-13280348-1608148945000,https://www.examedge.com/Radiology/,13280348,Banner,SAVE-CJ10,Coupon,"2019-03-21 10:00:00","2022-05-21 21:00:00"
"Exam Edge - Act now and save 10% on NCCT Healthcare Practice Tests","Exam Edge","Exam Edge is a leading provider of online test preparation for your NCCT Healthcare certifications. Our exams are content focused helping you become as prepared as possible for your certification exam. We want you to walk out of the real exam confident and knowing that your time preparing with ExamEdge.com was a success!",15.00%,https://www.dpbolvw.net/click-100179843-13344632-1608148945000,https://www.ExamEdge.com/NCCT,13344632,"Text Link",SAVE-NCCT,Coupon,"2018-05-01 21:00:00","2025-05-24 21:00:00"
"Exam Edge - Act now and save 10% on NCNZ International Practice Tests","Exam Edge","Exam Edge is a leading provider of online test preparation for your NCNZ International certifications. Our exams are content focused helping you become as prepared as possible for your certification exam. We want you to walk out of the real exam confident and knowing that your time preparing with ExamEdge.com was a success!",15.00%,https://www.dpbolvw.net/click-100179843-13344477-1608148945000,https://www.ExamEdge.com/NCNZ,13344477,"Text Link",SAVE-NCNZ,Coupon,"2018-05-01 21:00:00","2025-05-24 21:00:00"
"Exam Edge - Act now and save 10% on ADC International Practice Tests","Exam Edge","Exam Edge is a leading provider of online test preparation for your ADC International certifications. Our exams are content focused helping you become as prepared as possible for your certification exam. We want you to walk out of the real exam confident and knowing that your time preparing with ExamEdge.com was a success!",15.00%,https://www.tkqlhce.com/click-100179843-13344491-1608148945000,https://www.ExamEdge.com/ADC,13344491,"Text Link",SAVE-ADC,Coupon,"2018-05-01 21:00:00","2025-05-24 21:00:00"
"Exam Edge - Act now and save 10% on PTCB Pharmacy Technician Practice Tests","Exam Edge","Exam Edge is a leading provider of online test preparation for your PTCB Pharmacy Technician certifications. Our exams are content focused helping you become as prepared as possible for your certification exam. We want you to walk out of the real exam confident and knowing that your time preparing with ExamEdge.com was a success!",15.00%,https://www.kqzyfj.com/click-100179843-13344507-1608148945000,https://www.ExamEdge.com/PTCB,13344507,"Text Link",SAVE-PTCB,Coupon,"2018-05-01 21:00:00","2025-05-24 21:00:00"
"Exam Edge - Act now and save 10% on AMCB Healthcare Practice Tests","Exam Edge","Exam Edge is a leading provider of online test preparation for your AMCB Healthcare certifications. Our exams are content focused helping you become as prepared as possible for your certification exam. We want you to walk out of the real exam confident and knowing that your time preparing with ExamEdge.com was a success!",15.00%,https://www.anrdoezrs.net/click-100179843-13344504-1608148945000,https://www.ExamEdge.com/AMCB,13344504,"Text Link",SAVE-AMCB,Coupon,"2018-05-01 21:00:00","2025-05-24 21:00:00"
"Exam Edge - Act now and save 10% on CDA Healthcare Practice Tests","Exam Edge","Exam Edge is a leading provider of online test preparation for your CDA Healthcare certifications. Our exams are content focused helping you become as prepared as possible for your certification exam. We want you to walk out of the real exam confident and knowing that your time preparing with ExamEdge.com was a success!",15.00%,https://www.jdoqocy.com/click-100179843-13344569-1608148945000,https://www.ExamEdge.com/CDA,13344569,"Text Link",SAVE-CDA,Coupon,"2018-05-01 21:00:00","2025-05-24 21:00:00"
"Exam Edge - Act now and save 10% on ISMOH International Practice Tests","Exam Edge","Exam Edge is a leading provider of online test preparation for your ISMOH International certifications. Our exams are content focused helping you become as prepared as possible for your certification exam. We want you to walk out of the real exam confident and knowing that your time preparing with ExamEdge.com was a success!",15.00%,https://www.tkqlhce.com/click-100179843-13344605-1608148945000,https://www.ExamEdge.com/IsraelMOH,13344605,"Text Link",SAVE-ISMO,Coupon,"2018-05-01 21:00:00","2025-05-24 21:00:00"
"Exam Edge - Act now and save 10% on MSNCB Nursing Practice Tests","Exam Edge","Exam Edge is a leading provider of online test preparation for your MSNCB Nursing certifications. Our exams are content focused helping you become as prepared as possible for your certification exam. We want you to walk out of the real exam confident and knowing that your time preparing with ExamEdge.com was a success!",15.00%,https://www.anrdoezrs.net/click-100179843-13344613-1608148945000,https://www.ExamEdge.com/MSNCB,13344613,"Text Link",SAVE-MSNC,Coupon,"2018-05-01 21:00:00","2025-05-24 21:00:00"
"Exam Edge - Act now and save 10% on AICPA Accounting Practice Tests","Exam Edge","Exam Edge is a leading provider of online test preparation for your AICPA Accounting certifications. Our exams are content focused helping you become as prepared as possible for your certification exam. We want you to walk out of the real exam confident and knowing that your time preparing with ExamEdge.com was a success!",15.00%,https://www.jdoqocy.com/click-100179843-13344568-1608148945000,https://www.ExamEdge.com/AICPA,13344568,"Text Link",SAVE-AICP,Coupon,"2018-05-01 21:00:00","2025-05-24 21:00:00"
"Exam Edge Nursing Certifications - Save 10%","Exam Edge","Exam Edge is a leading provider of online certification prep tests for Nursing Exams. We offer practice exams covering over 100 subjects. Our exams are content focused helping you become as prepared as possible for your certification exam. We want you to walk out of the real exam confident and knowing that your time preparing with ExamEdge.com was a success!
",15.00%,https://www.anrdoezrs.net/click-100179843-13280396-1608148945000,https://www.examedge.com/nursing/,13280396,Banner,SAVE-CJ10,Coupon,"2019-03-21 10:00:00","2022-05-21 21:00:00"
"Exam Edge AAFCS Service Industry Certifications - Save 10%","Exam Edge","Exam Edge is a leading provider of online test preparation for your AAFCS Service Industry certifications. Our exams are content focused helping you become as prepared as possible for your certification exam. We want you to walk out of the real exam confident and knowing that your time preparing with ExamEdge.com was a success!",15.00%,https://www.jdoqocy.com/click-100179843-13331163-1608148945000,https://www.ExamEdge.com/FCS,13331163,"Text Link",SAVE-CJ10,Coupon,"2018-05-01 21:00:00","2025-05-24 21:00:00"
"Exam Edge NBCC Healthcare Certifications - Save 10%","Exam Edge","Exam Edge is a leading provider of online test preparation for your NBCC Healthcare certifications. Our exams are content focused helping you become as prepared as possible for your certification exam. We want you to walk out of the real exam confident and knowing that your time preparing with ExamEdge.com was a success!",15.00%,https://www.jdoqocy.com/click-100179843-13331183-1608148945000,https://www.ExamEdge.com/NBCC,13331183,"Text Link",SAVE-CJ10,Coupon,"2018-05-01 21:00:00","2025-05-24 21:00:00"
"Exam Edge Praxis / Parapro Teaching Certifications - Save 10%","Exam Edge","Exam Edge is a leading provider of online test preparation for your Praxis / Parapro Teaching certifications. Our exams are content focused helping you become as prepared as possible for your certification exam. We want you to walk out of the real exam confident and knowing that your time preparing with ExamEdge.com was a success!",15.00%,https://www.tkqlhce.com/click-100179843-13331210-1608148945000,https://www.ExamEdge.com/PRAXIS,13331210,"Text Link",SAVE-CJ10,Coupon,"2018-05-01 21:00:00","2025-05-24 21:00:00"
"Exam Edge NES Teaching Certifications - Save 10%","Exam Edge","Exam Edge is a leading provider of online test preparation for your NES Teaching certifications. Our exams are content focused helping you become as prepared as possible for your certification exam. We want you to walk out of the real exam confident and knowing that your time preparing with ExamEdge.com was a success!",15.00%,https://www.dpbolvw.net/click-100179843-13331287-1608148945000,https://www.ExamEdge.com/NES,13331287,"Text Link",SAVE-CJ10,Coupon,"2018-05-01 21:00:00","2025-05-24 21:00:00"
"Exam Edge ASWB Healthcare Certifications - Save 10%","Exam Edge","Exam Edge is a leading provider of online test preparation for your ASWB Healthcare certifications. Our exams are content focused helping you become as prepared as possible for your certification exam. We want you to walk out of the real exam confident and knowing that your time preparing with ExamEdge.com was a success!",15.00%,https://www.tkqlhce.com/click-100179843-13331109-1608148945000,https://www.ExamEdge.com/ASWB,13331109,"Text Link",SAVE-CJ10,Coupon,"2018-05-01 21:00:00","2025-05-24 21:00:00"
"Exam Edge ARRT Radiology Certifications - Save 10%","Exam Edge","Exam Edge is a leading provider of online test preparation for your ARRT Radiology certifications. Our exams are content focused helping you become as prepared as possible for your certification exam. We want you to walk out of the real exam confident and knowing that your time preparing with ExamEdge.com was a success!",15.00%,https://www.jdoqocy.com/click-100179843-13331140-1608148945000,https://www.ExamEdge.com/ARRT,13331140,"Text Link",SAVE-CJ10,Coupon,"2018-05-01 21:00:00","2025-05-24 21:00:00"
"Exam Edge KAPLAN High School Certifications - Save 10%","Exam Edge","Exam Edge is a leading provider of online test preparation for your KAPLAN High School certifications. Our exams are content focused helping you become as prepared as possible for your certification exam. We want you to walk out of the real exam confident and knowing that your time preparing with ExamEdge.com was a success!",15.00%,https://www.dpbolvw.net/click-100179843-13331129-1608148945000,https://www.ExamEdge.com/KAPLAN,13331129,"Text Link",SAVE-CJ10,Coupon,"2018-05-01 21:00:00","2025-05-24 21:00:00"
"Exam Edge NOCTI Dental Certifications - Save 10%","Exam Edge","Exam Edge is a leading provider of online test preparation for your NOCTI Dental certifications. Our exams are content focused helping you become as prepared as possible for your certification exam. We want you to walk out of the real exam confident and knowing that your time preparing with ExamEdge.com was a success!",15.00%,https://www.anrdoezrs.net/click-100179843-13331191-1608148945000,https://www.ExamEdge.com/NOCTI,13331191,"Text Link",SAVE-CJ10,Coupon,"2018-05-01 21:00:00","2025-05-24 21:00:00"
"Exam Edge ANCC Nursing Certifications - Save 10%","Exam Edge","Exam Edge is a leading provider of online test preparation for your ANCC Nursing certifications. Our exams are content focused helping you become as prepared as possible for your certification exam. We want you to walk out of the real exam confident and knowing that your time preparing with ExamEdge.com was a success!",15.00%,https://www.tkqlhce.com/click-100179843-13331103-1608148945000,https://www.ExamEdge.com/ANCC,13331103,"Text Link",SAVE-CJ10,Coupon,"2018-05-01 21:00:00","2025-05-24 21:00:00"
"Exam Edge SNB International Certifications - Save 10%","Exam Edge","Exam Edge is a leading provider of online test preparation for your SNB International certifications. Our exams are content focused helping you become as prepared as possible for your certification exam. We want you to walk out of the real exam confident and knowing that your time preparing with ExamEdge.com was a success!",15.00%,https://www.jdoqocy.com/click-100179843-13331218-1608148945000,https://www.ExamEdge.com/SNB,13331218,"Text Link",SAVE-CJ10,Coupon,"2018-05-01 21:00:00","2025-05-24 21:00:00"
"Exam Edge AHIMA Healthcare Certifications - Save 10%","Exam Edge","Exam Edge is a leading provider of online test preparation for your AHIMA Healthcare certifications. Our exams are content focused helping you become as prepared as possible for your certification exam. We want you to walk out of the real exam confident and knowing that your time preparing with ExamEdge.com was a success!",15.00%,https://www.jdoqocy.com/click-100179843-13331232-1608148945000,https://www.ExamEdge.com/AHIMA,13331232,"Text Link",SAVE-CJ10,Coupon,"2018-05-01 21:00:00","2025-05-24 21:00:00"
"Exam Edge AEPA Teaching Certifications - Save 10%","Exam Edge","Exam Edge is a leading provider of online test preparation for your AEPA Teaching certifications. Our exams are content focused helping you become as prepared as possible for your certification exam. We want you to walk out of the real exam confident and knowing that your time preparing with ExamEdge.com was a success!",15.00%,https://www.kqzyfj.com/click-100179843-13331237-1608148945000,https://www.ExamEdge.com/AEPA,13331237,"Text Link",SAVE-CJ10,Coupon,"2018-05-01 21:00:00","2025-05-24 21:00:00"
"Exam Edge ASVAB Government Certifications - Save 10%","Exam Edge","Exam Edge is a leading provider of online test preparation for your ASVAB Government certifications. Our exams are content focused helping you become as prepared as possible for your certification exam. We want you to walk out of the real exam confident and knowing that your time preparing with ExamEdge.com was a success!",15.00%,https://www.jdoqocy.com/click-100179843-13331243-1608148945000,https://www.ExamEdge.com/ASVAB,13331243,"Text Link",SAVE-CJ10,Coupon,"2018-05-01 21:00:00","2025-05-24 21:00:00"
"Exam Edge NCCT Healthcare Certifications - Save 10%","Exam Edge","Exam Edge is a leading provider of online test preparation for your NCCT Healthcare certifications. Our exams are content focused helping you become as prepared as possible for your certification exam. We want you to walk out of the real exam confident and knowing that your time preparing with ExamEdge.com was a success!",15.00%,https://www.kqzyfj.com/click-100179843-13331277-1608148945000,https://www.ExamEdge.com/NCCT,13331277,"Text Link",SAVE-CJ10,Coupon,"2018-05-01 21:00:00","2025-05-24 21:00:00"
"Exam Edge DANB Dental Certifications - Save 10%","Exam Edge","Exam Edge is a leading provider of online test preparation for your DANB Dental certifications. Our exams are content focused helping you become as prepared as possible for your certification exam. We want you to walk out of the real exam confident and knowing that your time preparing with ExamEdge.com was a success!",15.00%,https://www.kqzyfj.com/click-100179843-13331161-1608148945000,https://www.ExamEdge.com/DANB,13331161,"Text Link",SAVE-CJ10,Coupon,"2018-05-01 21:00:00","2025-05-24 21:00:00"
"Exam Edge ILTS Teaching Certifications - Save 10%","Exam Edge","Exam Edge is a leading provider of online test preparation for your ILTS Teaching certifications. Our exams are content focused helping you become as prepared as possible for your certification exam. We want you to walk out of the real exam confident and knowing that your time preparing with ExamEdge.com was a success!",15.00%,https://www.anrdoezrs.net/click-100179843-13331170-1608148945000,https://www.ExamEdge.com/ILTS,13331170,"Text Link",SAVE-CJ10,Coupon,"2018-05-01 21:00:00","2025-05-24 21:00:00"
"Exam Edge ServSafe Service Industry Certifications - Save 10%","Exam Edge","Exam Edge is a leading provider of online test preparation for your ServSafe Service Industry certifications. Our exams are content focused helping you become as prepared as possible for your certification exam. We want you to walk out of the real exam confident and knowing that your time preparing with ExamEdge.com was a success!",15.00%,https://www.kqzyfj.com/click-100179843-13331217-1608148945000,https://www.ExamEdge.com/ServSafe,13331217,"Text Link",SAVE-CJ10,Coupon,"2018-05-01 21:00:00","2025-05-24 21:00:00"
"Exam Edge ASPT Healthcare Certifications - Save 10%","Exam Edge","Exam Edge is a leading provider of online test preparation for your ASPT Healthcare certifications. Our exams are content focused helping you become as prepared as possible for your certification exam. We want you to walk out of the real exam confident and knowing that your time preparing with ExamEdge.com was a success!",15.00%,https://www.anrdoezrs.net/click-100179843-13331102-1608148945000,https://www.ExamEdge.com/ASPT,13331102,"Text Link",SAVE-CJ10,Coupon,"2018-05-01 21:00:00","2025-05-24 21:00:00"
"Exam Edge SLE International Certifications - Save 10%","Exam Edge","Exam Edge is a leading provider of online test preparation for your SLE International certifications. Our exams are content focused helping you become as prepared as possible for your certification exam. We want you to walk out of the real exam confident and knowing that your time preparing with ExamEdge.com was a success!",15.00%,https://www.jdoqocy.com/click-100179843-13331215-1608148945000,https://www.ExamEdge.com/SLE,13331215,"Text Link",SAVE-CJ10,Coupon,"2018-05-01 21:00:00","2025-05-24 21:00:00"
"Exam Edge Civil Service Government Certifications - Save 10%","Exam Edge","Exam Edge is a leading provider of online test preparation for your Civil Service Government certifications. Our exams are content focused helping you become as prepared as possible for your certification exam. We want you to walk out of the real exam confident and knowing that your time preparing with ExamEdge.com was a success!",15.00%,https://www.jdoqocy.com/click-100179843-13331252-1608148945000,https://www.ExamEdge.com/CivilService,13331252,"Text Link",SAVE-CJ10,Coupon,"2018-05-01 21:00:00","2025-05-24 21:00:00"
"Exam Edge NCMA Healthcare Certifications - Save 10%","Exam Edge","Exam Edge is a leading provider of online test preparation for your NCMA Healthcare certifications. Our exams are content focused helping you become as prepared as possible for your certification exam. We want you to walk out of the real exam confident and knowing that your time preparing with ExamEdge.com was a success!",15.00%,https://www.tkqlhce.com/click-100179843-13331278-1608148945000,https://www.ExamEdge.com/NCMA,13331278,"Text Link",SAVE-CJ10,Coupon,"2018-05-01 21:00:00","2025-05-24 21:00:00"
"Exam Edge OMSB International Certifications - Save 10%","Exam Edge","Exam Edge is a leading provider of online test preparation for your OMSB International certifications. Our exams are content focused helping you become as prepared as possible for your certification exam. We want you to walk out of the real exam confident and knowing that your time preparing with ExamEdge.com was a success!",15.00%,https://www.tkqlhce.com/click-100179843-13331202-1608148945000,https://www.ExamEdge.com/OMSB,13331202,"Text Link",SAVE-CJ10,Coupon,"2018-05-01 21:00:00","2025-05-24 21:00:00"
"Exam Edge PAX Healthcare Certifications - Save 10%","Exam Edge","Exam Edge is a leading provider of online test preparation for your PAX Healthcare certifications. Our exams are content focused helping you become as prepared as possible for your certification exam. We want you to walk out of the real exam confident and knowing that your time preparing with ExamEdge.com was a success!",15.00%,https://www.kqzyfj.com/click-100179843-13331294-1608148945000,https://www.ExamEdge.com/PAX,13331294,"Text Link",SAVE-CJ10,Coupon,"2018-05-01 21:00:00","2025-05-24 21:00:00"
"Exam Edge - Act now and save 10% on APM International Practice Tests","Exam Edge","Exam Edge is a leading provider of online test preparation for your APM International certifications. Our exams are content focused helping you become as prepared as possible for your certification exam. We want you to walk out of the real exam confident and knowing that your time preparing with ExamEdge.com was a success!",15.00%,https://www.jdoqocy.com/click-100179843-13344359-1608148945000,https://www.ExamEdge.com/APM,13344359,"Text Link",SAVE-APM,Coupon,"2018-05-01 21:00:00","2025-05-24 21:00:00"
"Exam Edge - Act now and save 10% on BONENT Nursing Practice Tests","Exam Edge","Exam Edge is a leading provider of online test preparation for your BONENT Nursing certifications. Our exams are content focused helping you become as prepared as possible for your certification exam. We want you to walk out of the real exam confident and knowing that your time preparing with ExamEdge.com was a success!",15.00%,https://www.tkqlhce.com/click-100179843-13344374-1608148945000,https://www.ExamEdge.com/BONENT,13344374,"Text Link",SAVE-BONE,Coupon,"2018-05-01 21:00:00","2025-05-24 21:00:00"
"Exam Edge - Act now and save 10% on CAHSEE High School Practice Tests","Exam Edge","Exam Edge is a leading provider of online test preparation for your CAHSEE High School certifications. Our exams are content focused helping you become as prepared as possible for your certification exam. We want you to walk out of the real exam confident and knowing that your time preparing with ExamEdge.com was a success!",15.00%,https://www.jdoqocy.com/click-100179843-13344376-1608148945000,https://www.ExamEdge.com/CAHSEE,13344376,"Text Link",SAVE-CAHS,Coupon,"2018-05-01 21:00:00","2025-05-24 21:00:00"
"Exam Edge - Act now and save 10% on CBASE Teaching Practice Tests","Exam Edge","Exam Edge is a leading provider of online test preparation for your CBASE Teaching certifications. Our exams are content focused helping you become as prepared as possible for your certification exam. We want you to walk out of the real exam confident and knowing that your time preparing with ExamEdge.com was a success!",15.00%,https://www.dpbolvw.net/click-100179843-13344382-1608148945000,https://www.ExamEdge.com/CBASE,13344382,"Text Link",SAVE-CBAS,Coupon,"2018-05-01 21:00:00","2025-05-24 21:00:00"
"Exam Edge - Act now and save 10% on GAQM Business Practice Tests","Exam Edge","Exam Edge is a leading provider of online test preparation for your GAQM Business certifications. Our exams are content focused helping you become as prepared as possible for your certification exam. We want you to walk out of the real exam confident and knowing that your time preparing with ExamEdge.com was a success!",15.00%,https://www.kqzyfj.com/click-100179843-13344410-1608148945000,https://www.ExamEdge.com/GAQM,13344410,"Text Link",SAVE-GAQM,Coupon,"2018-05-01 21:00:00","2025-05-24 21:00:00"
"Exam Edge - Act now and save 10% on AMCB Healthcare Practice Tests","Exam Edge","Exam Edge is a leading provider of online test preparation for your AMCB Healthcare certifications. Our exams are content focused helping you become as prepared as possible for your certification exam. We want you to walk out of the real exam confident and knowing that your time preparing with ExamEdge.com was a success!",15.00%,https://www.anrdoezrs.net/click-100179843-13344349-1608148945000,https://www.ExamEdge.com/AMCB,13344349,"Text Link",SAVE-AMCB,Coupon,"2018-05-01 21:00:00","2025-05-24 21:00:00"
"Exam Edge - Act now and save 10% on ASQ-HACCP Service Industry Practice Tests","Exam Edge","Exam Edge is a leading provider of online test preparation for your ASQ-HACCP Service Industry certifications. Our exams are content focused helping you become as prepared as possible for your certification exam. We want you to walk out of the real exam confident and knowing that your time preparing with ExamEdge.com was a success!",15.00%,https://www.tkqlhce.com/click-100179843-13344366-1608148945000,https://www.ExamEdge.com/ASQ,13344366,"Text Link",SAVE-ASQ-,Coupon,"2018-05-01 21:00:00","2025-05-24 21:00:00"
"Exam Edge - Act now and save 10% on AAPC Healthcare Practice Tests","Exam Edge","Exam Edge is a leading provider of online test preparation for your AAPC Healthcare certifications. Our exams are content focused helping you become as prepared as possible for your certification exam. We want you to walk out of the real exam confident and knowing that your time preparing with ExamEdge.com was a success!",15.00%,https://www.anrdoezrs.net/click-100179843-13344337-1608148945000,https://www.ExamEdge.com/AAPC,13344337,"Text Link",SAVE-AAPC,Coupon,"2018-05-01 21:00:00","2025-05-24 21:00:00"
"Exam Edge - Act now and save 10% on ISCD Radiology Practice Tests","Exam Edge","Exam Edge is a leading provider of online test preparation for your ISCD Radiology certifications. Our exams are content focused helping you become as prepared as possible for your certification exam. We want you to walk out of the real exam confident and knowing that your time preparing with ExamEdge.com was a success!",15.00%,https://www.kqzyfj.com/click-100179843-13344423-1608148945000,https://www.ExamEdge.com/ISCD,13344423,"Text Link",SAVE-ISCD,Coupon,"2018-05-01 21:00:00","2025-05-24 21:00:00"
"Exam Edge - Act now and save 10% on MCA Teaching Practice Tests","Exam Edge","Exam Edge is a leading provider of online test preparation for your MCA Teaching certifications. Our exams are content focused helping you become as prepared as possible for your certification exam. We want you to walk out of the real exam confident and knowing that your time preparing with ExamEdge.com was a success!",15.00%,https://www.anrdoezrs.net/click-100179843-13344429-1608148945000,https://www.ExamEdge.com/MEGA,13344429,"Text Link",SAVE-MCA,Coupon,"2018-05-01 21:00:00","2025-05-24 21:00:00"
"Exam Edge - Act now and save 10% on MSNCB Nursing Practice Tests","Exam Edge","Exam Edge is a leading provider of online test preparation for your MSNCB Nursing certifications. Our exams are content focused helping you become as prepared as possible for your certification exam. We want you to walk out of the real exam confident and knowing that your time preparing with ExamEdge.com was a success!",15.00%,https://www.tkqlhce.com/click-100179843-13344432-1608148945000,https://www.ExamEdge.com/MSNCB,13344432,"Text Link",SAVE-MSNC,Coupon,"2018-05-01 21:00:00","2025-05-24 21:00:00"
"Exam Edge - Act now and save 10% on NASM Fitness Practice Tests","Exam Edge","Exam Edge is a leading provider of online test preparation for your NASM Fitness certifications. Our exams are content focused helping you become as prepared as possible for your certification exam. We want you to walk out of the real exam confident and knowing that your time preparing with ExamEdge.com was a success!",15.00%,https://www.tkqlhce.com/click-100179843-13344436-1608148945000,https://www.ExamEdge.com/NASM,13344436,"Text Link",SAVE-NASM,Coupon,"2018-05-01 21:00:00","2025-05-24 21:00:00"
"Exam Edge - Act now and save 10% on NAVTA Veterinary Practice Tests","Exam Edge","Exam Edge is a leading provider of online test preparation for your NAVTA Veterinary certifications. Our exams are content focused helping you become as prepared as possible for your certification exam. We want you to walk out of the real exam confident and knowing that your time preparing with ExamEdge.com was a success!",15.00%,https://www.kqzyfj.com/click-100179843-13344331-1608148945000,https://www.ExamEdge.com/NAVTA,13344331,"Text Link",SAVE-NAVT,Coupon,"2018-05-01 21:00:00","2025-05-24 21:00:00"
"Exam Edge - Act now and save 10% on AIMS High School Practice Tests","Exam Edge","Exam Edge is a leading provider of online test preparation for your AIMS High School certifications. Our exams are content focused helping you become as prepared as possible for your certification exam. We want you to walk out of the real exam confident and knowing that your time preparing with ExamEdge.com was a success!",15.00%,https://www.dpbolvw.net/click-100179843-13344361-1608148945000,https://www.ExamEdge.com/AIMS,13344361,"Text Link",SAVE-AIMS,Coupon,"2018-05-01 21:00:00","2025-05-24 21:00:00"
"Exam Edge - Act now and save 10% on ASWB Healthcare Practice Tests","Exam Edge","Exam Edge is a leading provider of online test preparation for your ASWB Healthcare certifications. Our exams are content focused helping you become as prepared as possible for your certification exam. We want you to walk out of the real exam confident and knowing that your time preparing with ExamEdge.com was a success!",15.00%,https://www.dpbolvw.net/click-100179843-13344369-1608148945000,https://www.ExamEdge.com/ASWB,13344369,"Text Link",SAVE-ASWB,Coupon,"2018-05-01 21:00:00","2025-05-24 21:00:00"
"Exam Edge - Act now and save 10% on MOGEA Teaching Practice Tests","Exam Edge","Exam Edge is a leading provider of online test preparation for your MOGEA Teaching certifications. Our exams are content focused helping you become as prepared as possible for your certification exam. We want you to walk out of the real exam confident and knowing that your time preparing with ExamEdge.com was a success!",15.00%,https://www.kqzyfj.com/click-100179843-13344430-1608148945000,https://www.ExamEdge.com/MOGEA,13344430,"Text Link",SAVE-MOGE,Coupon,"2018-05-01 21:00:00","2025-05-24 21:00:00"
"Exam Edge - Act now and save 10% on KAPLAN High School Practice Tests","Exam Edge","Exam Edge is a leading provider of online test preparation for your KAPLAN High School certifications. Our exams are content focused helping you become as prepared as possible for your certification exam. We want you to walk out of the real exam confident and knowing that your time preparing with ExamEdge.com was a success!",15.00%,https://www.anrdoezrs.net/click-100179843-13344330-1608148945000,https://www.ExamEdge.com/KAPLAN,13344330,"Text Link",SAVE-KAPL,Coupon,"2018-05-01 21:00:00","2025-05-24 21:00:00"
"Exam Edge - Act now and save 10% on ASCP Medical Laboratory Practice Tests","Exam Edge","Exam Edge is a leading provider of online test preparation for your ASCP Medical Laboratory certifications. Our exams are content focused helping you become as prepared as possible for your certification exam. We want you to walk out of the real exam confident and knowing that your time preparing with ExamEdge.com was a success!",15.00%,https://www.tkqlhce.com/click-100179843-13344355-1608148945000,https://www.ExamEdge.com/ASCP,13344355,"Text Link",SAVE-ASCP,Coupon,"2018-05-01 21:00:00","2025-05-24 21:00:00"
"Exam Edge - Act now and save 10% on ANCC Nursing Practice Tests","Exam Edge","Exam Edge is a leading provider of online test preparation for your ANCC Nursing certifications. Our exams are content focused helping you become as prepared as possible for your certification exam. We want you to walk out of the real exam confident and knowing that your time preparing with ExamEdge.com was a success!",15.00%,https://www.tkqlhce.com/click-100179843-13344357-1608148945000,https://www.ExamEdge.com/ANCC,13344357,"Text Link",SAVE-ANCC,Coupon,"2018-05-01 21:00:00","2025-05-24 21:00:00"
"Exam Edge - Act now and save 10% on HSGQE High School Practice Tests","Exam Edge","Exam Edge is a leading provider of online test preparation for your HSGQE High School certifications. Our exams are content focused helping you become as prepared as possible for your certification exam. We want you to walk out of the real exam confident and knowing that your time preparing with ExamEdge.com was a success!",15.00%,https://www.dpbolvw.net/click-100179843-13344501-1608148945000,https://www.ExamEdge.com/HSGQE,13344501,"Text Link",SAVE-HSGQ,Coupon,"2018-05-01 21:00:00","2025-05-24 21:00:00"
"Exam Edge - Act now and save 10% on AACN Nursing Practice Tests","Exam Edge","Exam Edge is a leading provider of online test preparation for your AACN Nursing certifications. Our exams are content focused helping you become as prepared as possible for your certification exam. We want you to walk out of the real exam confident and knowing that your time preparing with ExamEdge.com was a success!",15.00%,https://www.kqzyfj.com/click-100179843-13344506-1608148945000,https://www.ExamEdge.com/AACN,13344506,"Text Link",SAVE-AACN,Coupon,"2018-05-01 21:00:00","2025-05-24 21:00:00"
"Exam Edge - Act now and save 10% on ATCB Healthcare Practice Tests","Exam Edge","Exam Edge is a leading provider of online test preparation for your ATCB Healthcare certifications. Our exams are content focused helping you become as prepared as possible for your certification exam. We want you to walk out of the real exam confident and knowing that your time preparing with ExamEdge.com was a success!",15.00%,https://www.kqzyfj.com/click-100179843-13344530-1608148945000,https://www.ExamEdge.com/ATCB,13344530,"Text Link",SAVE-ATCB,Coupon,"2018-05-01 21:00:00","2025-05-24 21:00:00"
"Exam Edge - Act now and save 10% on IAHCSMM Healthcare Practice Tests","Exam Edge","Exam Edge is a leading provider of online test preparation for your IAHCSMM Healthcare certifications. Our exams are content focused helping you become as prepared as possible for your certification exam. We want you to walk out of the real exam confident and knowing that your time preparing with ExamEdge.com was a success!",15.00%,https://www.anrdoezrs.net/click-100179843-13344536-1608148945000,https://www.ExamEdge.com/IAHCSMM,13344536,"Text Link",SAVE-IAHC,Coupon,"2018-05-01 21:00:00","2025-05-24 21:00:00"
"Exam Edge - Act now and save 10% on ASSET College Placement Practice Tests","Exam Edge","Exam Edge is a leading provider of online test preparation for your ASSET College Placement certifications. Our exams are content focused helping you become as prepared as possible for your certification exam. We want you to walk out of the real exam confident and knowing that your time preparing with ExamEdge.com was a success!",15.00%,https://www.anrdoezrs.net/click-100179843-13344539-1608148945000,https://www.ExamEdge.com/ASSET,13344539,"Text Link",SAVE-ASSE,Coupon,"2018-05-01 21:00:00","2025-05-24 21:00:00"
"Exam Edge - Act now and save 10% on CSU College Placement Practice Tests","Exam Edge","Exam Edge is a leading provider of online test preparation for your CSU College Placement certifications. Our exams are content focused helping you become as prepared as possible for your certification exam. We want you to walk out of the real exam confident and knowing that your time preparing with ExamEdge.com was a success!",15.00%,https://www.kqzyfj.com/click-100179843-13344558-1608148945000,https://www.ExamEdge.com/CSU,13344558,"Text Link",SAVE-CSU,Coupon,"2018-05-01 21:00:00","2025-05-24 21:00:00"
"Exam Edge - Act now and save 10% on ATS Teaching Practice Tests","Exam Edge","Exam Edge is a leading provider of online test preparation for your ATS Teaching certifications. Our exams are content focused helping you become as prepared as possible for your certification exam. We want you to walk out of the real exam confident and knowing that your time preparing with ExamEdge.com was a success!",15.00%,https://www.tkqlhce.com/click-100179843-13344655-1608148945000,https://www.ExamEdge.com/ATSW,13344655,"Text Link",SAVE-ATS,Coupon,"2018-05-01 21:00:00","2025-05-24 21:00:00"
"Exam Edge - Act now and save 10% on PTCB Pharmacy Technician Practice Tests","Exam Edge","Exam Edge is a leading provider of online test preparation for your PTCB Pharmacy Technician certifications. Our exams are content focused helping you become as prepared as possible for your certification exam. We want you to walk out of the real exam confident and knowing that your time preparing with ExamEdge.com was a success!",15.00%,https://www.tkqlhce.com/click-100179843-13344667-1608148945000,https://www.ExamEdge.com/PTCB,13344667,"Text Link",SAVE-PTCB,Coupon,"2018-05-01 21:00:00","2025-05-24 21:00:00"
"Exam Edge - Act now and save 10% on NLN Nursing Practice Tests","Exam Edge","Exam Edge is a leading provider of online test preparation for your NLN Nursing certifications. Our exams are content focused helping you become as prepared as possible for your certification exam. We want you to walk out of the real exam confident and knowing that your time preparing with ExamEdge.com was a success!",15.00%,https://www.tkqlhce.com/click-100179843-13344444-1608148945000,https://www.ExamEdge.com/NLN,13344444,"Text Link",SAVE-NLN,Coupon,"2018-05-01 21:00:00","2025-05-24 21:00:00"
"Exam Edge - Act now and save 10% on NES Teaching Practice Tests","Exam Edge","Exam Edge is a leading provider of online test preparation for your NES Teaching certifications. Our exams are content focused helping you become as prepared as possible for your certification exam. We want you to walk out of the real exam confident and knowing that your time preparing with ExamEdge.com was a success!",15.00%,https://www.jdoqocy.com/click-100179843-13344457-1608148945000,https://www.ExamEdge.com/NES,13344457,"Text Link",SAVE-NES,Coupon,"2018-05-01 21:00:00","2025-05-24 21:00:00"
"Exam Edge - Act now and save 10% on PAX Healthcare Practice Tests","Exam Edge","Exam Edge is a leading provider of online test preparation for your PAX Healthcare certifications. Our exams are content focused helping you become as prepared as possible for your certification exam. We want you to walk out of the real exam confident and knowing that your time preparing with ExamEdge.com was a success!",15.00%,https://www.kqzyfj.com/click-100179843-13344479-1608148945000,https://www.ExamEdge.com/PAX,13344479,"Text Link",SAVE-PAX,Coupon,"2018-05-01 21:00:00","2025-05-24 21:00:00"
"Exam Edge - Act now and save 10% on PSSA High School Practice Tests","Exam Edge","Exam Edge is a leading provider of online test preparation for your PSSA High School certifications. Our exams are content focused helping you become as prepared as possible for your certification exam. We want you to walk out of the real exam confident and knowing that your time preparing with ExamEdge.com was a success!",15.00%,https://www.jdoqocy.com/click-100179843-13344503-1608148945000,https://www.ExamEdge.com/PSSA,13344503,"Text Link",SAVE-PSSA,Coupon,"2018-05-01 21:00:00","2025-05-24 21:00:00"
"Exam Edge - Act now and save 10% on CDR Healthcare Practice Tests","Exam Edge","Exam Edge is a leading provider of online test preparation for your CDR Healthcare certifications. Our exams are content focused helping you become as prepared as possible for your certification exam. We want you to walk out of the real exam confident and knowing that your time preparing with ExamEdge.com was a success!",15.00%,https://www.kqzyfj.com/click-100179843-13344510-1608148945000,https://www.ExamEdge.com/ADA,13344510,"Text Link",SAVE-CDR,Coupon,"2018-05-01 21:00:00","2025-05-24 21:00:00"
"Exam Edge - Act now and save 10% on Regents High School Practice Tests","Exam Edge","Exam Edge is a leading provider of online test preparation for your Regents High School certifications. Our exams are content focused helping you become as prepared as possible for your certification exam. We want you to walk out of the real exam confident and knowing that your time preparing with ExamEdge.com was a success!",15.00%,https://www.dpbolvw.net/click-100179843-13344518-1608148945000,https://www.ExamEdge.com/REGENTS,13344518,"Text Link",SAVE-Rege,Coupon,"2018-05-01 21:00:00","2025-05-24 21:00:00"
"Exam Edge - Act now and save 10% on AIMS High School Practice Tests","Exam Edge","Exam Edge is a leading provider of online test preparation for your AIMS High School certifications. Our exams are content focused helping you become as prepared as possible for your certification exam. We want you to walk out of the real exam confident and knowing that your time preparing with ExamEdge.com was a success!",15.00%,https://www.dpbolvw.net/click-100179843-13344526-1608148945000,https://www.ExamEdge.com/AIMS,13344526,"Text Link",SAVE-AIMS,Coupon,"2018-05-01 21:00:00","2025-05-24 21:00:00"
"Exam Edge - Act now and save 10% on SANC International Practice Tests","Exam Edge","Exam Edge is a leading provider of online test preparation for your SANC International certifications. Our exams are content focused helping you become as prepared as possible for your certification exam. We want you to walk out of the real exam confident and knowing that your time preparing with ExamEdge.com was a success!",15.00%,https://www.jdoqocy.com/click-100179843-13344534-1608148945000,https://www.ExamEdge.com/SANC,13344534,"Text Link",SAVE-SANC,Coupon,"2018-05-01 21:00:00","2025-05-24 21:00:00"
"Exam Edge - Act now and save 10% on ServSafe Service Industry Practice Tests","Exam Edge","Exam Edge is a leading provider of online test preparation for your ServSafe Service Industry certifications. Our exams are content focused helping you become as prepared as possible for your certification exam. We want you to walk out of the real exam confident and knowing that your time preparing with ExamEdge.com was a success!",15.00%,https://www.jdoqocy.com/click-100179843-13344677-1608148945000,https://www.ExamEdge.com/ServSafe,13344677,"Text Link",SAVE-Serv,Coupon,"2018-05-01 21:00:00","2025-05-24 21:00:00"
"Exam Edge - Act now and save 10% on CCMC Healthcare Practice Tests","Exam Edge","Exam Edge is a leading provider of online test preparation for your CCMC Healthcare certifications. Our exams are content focused helping you become as prepared as possible for your certification exam. We want you to walk out of the real exam confident and knowing that your time preparing with ExamEdge.com was a success!",15.00%,https://www.tkqlhce.com/click-100179843-13344566-1608148945000,https://www.ExamEdge.com/CCM,13344566,"Text Link",SAVE-CCMC,Coupon,"2018-05-01 21:00:00","2025-05-24 21:00:00"
"Exam Edge - Act now and save 10% on OMSB International Practice Tests","Exam Edge","Exam Edge is a leading provider of online test preparation for your OMSB International certifications. Our exams are content focused helping you become as prepared as possible for your certification exam. We want you to walk out of the real exam confident and knowing that your time preparing with ExamEdge.com was a success!",15.00%,https://www.jdoqocy.com/click-100179843-13344658-1608148945000,https://www.ExamEdge.com/OMSB,13344658,"Text Link",SAVE-OMSB,Coupon,"2018-05-01 21:00:00","2025-05-24 21:00:00"
"Exam Edge - Act now and save 10% on AAPC Healthcare Practice Tests","Exam Edge","Exam Edge is a leading provider of online test preparation for your AAPC Healthcare certifications. Our exams are content focused helping you become as prepared as possible for your certification exam. We want you to walk out of the real exam confident and knowing that your time preparing with ExamEdge.com was a success!",15.00%,https://www.dpbolvw.net/click-100179843-13344478-1608148945000,https://www.ExamEdge.com/AAPC,13344478,"Text Link",SAVE-AAPC,Coupon,"2018-05-01 21:00:00","2025-05-24 21:00:00"
"Exam Edge - Act now and save 10% on AEPA Teaching Practice Tests","Exam Edge","Exam Edge is a leading provider of online test preparation for your AEPA Teaching certifications. Our exams are content focused helping you become as prepared as possible for your certification exam. We want you to walk out of the real exam confident and knowing that your time preparing with ExamEdge.com was a success!",15.00%,https://www.anrdoezrs.net/click-100179843-13344525-1608148945000,https://www.ExamEdge.com/AEPA,13344525,"Text Link",SAVE-AEPA,Coupon,"2018-05-01 21:00:00","2025-05-24 21:00:00"
"Exam Edge - Act now and save 10% on SHRM Business Practice Tests","Exam Edge","Exam Edge is a leading provider of online test preparation for your SHRM Business certifications. Our exams are content focused helping you become as prepared as possible for your certification exam. We want you to walk out of the real exam confident and knowing that your time preparing with ExamEdge.com was a success!",15.00%,https://www.dpbolvw.net/click-100179843-13344531-1608148945000,https://www.ExamEdge.com/SHRM,13344531,"Text Link",SAVE-SHRM,Coupon,"2018-05-01 21:00:00","2025-05-24 21:00:00"
"Exam Edge - Act now and save 10% on ASQ-HACCP Service Industry Practice Tests","Exam Edge","Exam Edge is a leading provider of online test preparation for your ASQ-HACCP Service Industry certifications. Our exams are content focused helping you become as prepared as possible for your certification exam. We want you to walk out of the real exam confident and knowing that your time preparing with ExamEdge.com was a success!",15.00%,https://www.anrdoezrs.net/click-100179843-13344537-1608148945000,https://www.ExamEdge.com/ASQ,13344537,"Text Link",SAVE-ASQ-,Coupon,"2018-05-01 21:00:00","2025-05-24 21:00:00"
"Exam Edge - Act now and save 10% on DANB Dental Practice Tests","Exam Edge","Exam Edge is a leading provider of online test preparation for your DANB Dental certifications. Our exams are content focused helping you become as prepared as possible for your certification exam. We want you to walk out of the real exam confident and knowing that your time preparing with ExamEdge.com was a success!",15.00%,https://www.kqzyfj.com/click-100179843-13344582-1608148945000,https://www.ExamEdge.com/DANB,13344582,"Text Link",SAVE-DANB,Coupon,"2018-05-01 21:00:00","2025-05-24 21:00:00"
"Exam Edge - Act now and save 10% on MOGEA Teaching Practice Tests","Exam Edge","Exam Edge is a leading provider of online test preparation for your MOGEA Teaching certifications. Our exams are content focused helping you become as prepared as possible for your certification exam. We want you to walk out of the real exam confident and knowing that your time preparing with ExamEdge.com was a success!",15.00%,https://www.anrdoezrs.net/click-100179843-13344611-1608148945000,https://www.ExamEdge.com/MOGEA,13344611,"Text Link",SAVE-MOGE,Coupon,"2018-05-01 21:00:00","2025-05-24 21:00:00"
"Exam Edge - Act now and save 10% on NCHEC Healthcare Practice Tests","Exam Edge","Exam Edge is a leading provider of online test preparation for your NCHEC Healthcare certifications. Our exams are content focused helping you become as prepared as possible for your certification exam. We want you to walk out of the real exam confident and knowing that your time preparing with ExamEdge.com was a success!",15.00%,https://www.dpbolvw.net/click-100179843-13344633-1608148945000,https://www.examedge.com/NCHEC,13344633,"Text Link",SAVE-NCHE,Coupon,"2018-05-01 21:00:00","2025-05-24 21:00:00"
"Exam Edge - Act now and save 10% on NCSF Fitness Practice Tests","Exam Edge","Exam Edge is a leading provider of online test preparation for your NCSF Fitness certifications. Our exams are content focused helping you become as prepared as possible for your certification exam. We want you to walk out of the real exam confident and knowing that your time preparing with ExamEdge.com was a success!",15.00%,https://www.dpbolvw.net/click-100179843-13344635-1608148945000,https://www.ExamEdge.com/NCSF,13344635,"Text Link",SAVE-NCSF,Coupon,"2018-05-01 21:00:00","2025-05-24 21:00:00"
"Exam Edge - Act now and save 10% on ATAS Teaching Practice Tests","Exam Edge","Exam Edge is a leading provider of online test preparation for your ATAS Teaching certifications. Our exams are content focused helping you become as prepared as possible for your certification exam. We want you to walk out of the real exam confident and knowing that your time preparing with ExamEdge.com was a success!",15.00%,https://www.jdoqocy.com/click-100179843-13344654-1608148945000,https://www.ExamEdge.com/ATAS,13344654,"Text Link",SAVE-ATAS,Coupon,"2018-05-01 21:00:00","2025-05-24 21:00:00"
"Exam Edge - Act now and save 10% on QCHP International Practice Tests","Exam Edge","Exam Edge is a leading provider of online test preparation for your QCHP International certifications. Our exams are content focused helping you become as prepared as possible for your certification exam. We want you to walk out of the real exam confident and knowing that your time preparing with ExamEdge.com was a success!",15.00%,https://www.anrdoezrs.net/click-100179843-13344672-1608148945000,https://www.ExamEdge.com/QCHP,13344672,"Text Link",SAVE-QCHP,Coupon,"2018-05-01 21:00:00","2025-05-24 21:00:00"
"Exam Edge - Act now and save 10% on GACE Teaching Practice Tests","Exam Edge","Exam Edge is a leading provider of online test preparation for your GACE Teaching certifications. Our exams are content focused helping you become as prepared as possible for your certification exam. We want you to walk out of the real exam confident and knowing that your time preparing with ExamEdge.com was a success!",15.00%,https://www.dpbolvw.net/click-100179843-13344593-1608148945000,https://www.ExamEdge.com/GACE,13344593,"Text Link",SAVE-GACE,Coupon,"2018-05-01 21:00:00","2025-05-24 21:00:00"
"Exam Edge - Act now and save 10% on JCAHPO Optometry Practice Tests","Exam Edge","Exam Edge is a leading provider of online test preparation for your JCAHPO Optometry certifications. Our exams are content focused helping you become as prepared as possible for your certification exam. We want you to walk out of the real exam confident and knowing that your time preparing with ExamEdge.com was a success!",15.00%,https://www.anrdoezrs.net/click-100179843-13344606-1608148945000,https://www.ExamEdge.com/JCAHPO,13344606,"Text Link",SAVE-JCAH,Coupon,"2018-05-01 21:00:00","2025-05-24 21:00:00"
"Exam Edge - Act now and save 10% on NCCT Healthcare Practice Tests","Exam Edge","Exam Edge is a leading provider of online test preparation for your NCCT Healthcare certifications. Our exams are content focused helping you become as prepared as possible for your certification exam. We want you to walk out of the real exam confident and knowing that your time preparing with ExamEdge.com was a success!",15.00%,https://www.tkqlhce.com/click-100179843-13344632-1608148945000,https://www.ExamEdge.com/NCCT,13344632,"Text Link",SAVE-NCCT,Coupon,"2018-05-01 21:00:00","2025-05-24 21:00:00"
"Exam Edge - Act now and save 10% on NCNZ International Practice Tests","Exam Edge","Exam Edge is a leading provider of online test preparation for your NCNZ International certifications. Our exams are content focused helping you become as prepared as possible for your certification exam. We want you to walk out of the real exam confident and knowing that your time preparing with ExamEdge.com was a success!",15.00%,https://www.tkqlhce.com/click-100179843-13344477-1608148945000,https://www.ExamEdge.com/NCNZ,13344477,"Text Link",SAVE-NCNZ,Coupon,"2018-05-01 21:00:00","2025-05-24 21:00:00"
"Exam Edge - Act now and save 10% on ADC International Practice Tests","Exam Edge","Exam Edge is a leading provider of online test preparation for your ADC International certifications. Our exams are content focused helping you become as prepared as possible for your certification exam. We want you to walk out of the real exam confident and knowing that your time preparing with ExamEdge.com was a success!",15.00%,https://www.anrdoezrs.net/click-100179843-13344491-1608148945000,https://www.ExamEdge.com/ADC,13344491,"Text Link",SAVE-ADC,Coupon,"2018-05-01 21:00:00","2025-05-24 21:00:00"
"Exam Edge - Act now and save 10% on PTCB Pharmacy Technician Practice Tests","Exam Edge","Exam Edge is a leading provider of online test preparation for your PTCB Pharmacy Technician certifications. Our exams are content focused helping you become as prepared as possible for your certification exam. We want you to walk out of the real exam confident and knowing that your time preparing with ExamEdge.com was a success!",15.00%,https://www.anrdoezrs.net/click-100179843-13344507-1608148945000,https://www.ExamEdge.com/PTCB,13344507,"Text Link",SAVE-PTCB,Coupon,"2018-05-01 21:00:00","2025-05-24 21:00:00"
"Exam Edge - Act now and save 10% on AMCB Healthcare Practice Tests","Exam Edge","Exam Edge is a leading provider of online test preparation for your AMCB Healthcare certifications. Our exams are content focused helping you become as prepared as possible for your certification exam. We want you to walk out of the real exam confident and knowing that your time preparing with ExamEdge.com was a success!",15.00%,https://www.tkqlhce.com/click-100179843-13344504-1608148945000,https://www.ExamEdge.com/AMCB,13344504,"Text Link",SAVE-AMCB,Coupon,"2018-05-01 21:00:00","2025-05-24 21:00:00"
"Exam Edge - Act now and save 10% on CDA Healthcare Practice Tests","Exam Edge","Exam Edge is a leading provider of online test preparation for your CDA Healthcare certifications. Our exams are content focused helping you become as prepared as possible for your certification exam. We want you to walk out of the real exam confident and knowing that your time preparing with ExamEdge.com was a success!",15.00%,https://www.jdoqocy.com/click-100179843-13344569-1608148945000,https://www.ExamEdge.com/CDA,13344569,"Text Link",SAVE-CDA,Coupon,"2018-05-01 21:00:00","2025-05-24 21:00:00"
"Exam Edge - Act now and save 10% on ISMOH International Practice Tests","Exam Edge","Exam Edge is a leading provider of online test preparation for your ISMOH International certifications. Our exams are content focused helping you become as prepared as possible for your certification exam. We want you to walk out of the real exam confident and knowing that your time preparing with ExamEdge.com was a success!",15.00%,https://www.anrdoezrs.net/click-100179843-13344605-1608148945000,https://www.ExamEdge.com/IsraelMOH,13344605,"Text Link",SAVE-ISMO,Coupon,"2018-05-01 21:00:00","2025-05-24 21:00:00"
"Exam Edge - Act now and save 10% on MSNCB Nursing Practice Tests","Exam Edge","Exam Edge is a leading provider of online test preparation for your MSNCB Nursing certifications. Our exams are content focused helping you become as prepared as possible for your certification exam. We want you to walk out of the real exam confident and knowing that your time preparing with ExamEdge.com was a success!",15.00%,https://www.tkqlhce.com/click-100179843-13344613-1608148945000,https://www.ExamEdge.com/MSNCB,13344613,"Text Link",SAVE-MSNC,Coupon,"2018-05-01 21:00:00","2025-05-24 21:00:00"
"Exam Edge Government Certifications - Save 10%","Exam Edge","Exam Edge is a leading provider of online test preparation for Government certifications. We offer practice exams covering 15 subjects. Our exams are content focused helping you become as prepared as possible for your certification exam. We want you to walk out of the real exam confident and knowing that your time preparing with ExamEdge.com was a success!",15.00%,https://www.dpbolvw.net/click-100179843-13275921-1608148945000,https://www.ExamEdge.com/Government,13275921,"Text Link",SAVE-CJ10,Coupon,"2018-03-23 13:00:00","2025-03-23 13:00:00"
"Exam Edge ARRT Radiology Certifications - Save 10%","Exam Edge","Exam Edge is a leading provider of online test preparation for your ARRT Radiology certifications. Our exams are content focused helping you become as prepared as possible for your certification exam. We want you to walk out of the real exam confident and knowing that your time preparing with ExamEdge.com was a success!",15.00%,https://www.jdoqocy.com/click-100179843-13331238-1608148945000,https://www.ExamEdge.com/ARRT,13331238,"Text Link",SAVE-CJ10,Coupon,"2018-05-01 21:00:00","2025-05-24 21:00:00"
"Exam Edge NMBI International Certifications - Save 10%","Exam Edge","Exam Edge is a leading provider of online test preparation for your NMBI International certifications. Our exams are content focused helping you become as prepared as possible for your certification exam. We want you to walk out of the real exam confident and knowing that your time preparing with ExamEdge.com was a success!",15.00%,https://www.anrdoezrs.net/click-100179843-13331291-1608148945000,https://www.ExamEdge.com/NBMI,13331291,"Text Link",SAVE-CJ10,Coupon,"2018-05-01 21:00:00","2025-05-24 21:00:00"
"Exam Edge NYSTCE Teaching Certifications - Save 10%","Exam Edge","Exam Edge is a leading provider of online test preparation for your NYSTCE Teaching certifications. Our exams are content focused helping you become as prepared as possible for your certification exam. We want you to walk out of the real exam confident and knowing that your time preparing with ExamEdge.com was a success!",15.00%,https://www.tkqlhce.com/click-100179843-13331295-1608148945000,https://www.ExamEdge.com/NYSTCE,13331295,"Text Link",SAVE-CJ10,Coupon,"2018-05-01 21:00:00","2025-05-24 21:00:00"
"Exam Edge OAE Teaching Certifications - Save 10%","Exam Edge","Exam Edge is a leading provider of online test preparation for your OAE Teaching certifications. Our exams are content focused helping you become as prepared as possible for your certification exam. We want you to walk out of the real exam confident and knowing that your time preparing with ExamEdge.com was a success!",15.00%,https://www.anrdoezrs.net/click-100179843-13331298-1608148945000,https://www.ExamEdge.com/OAE,13331298,"Text Link",SAVE-CJ10,Coupon,"2018-05-01 21:00:00","2025-05-24 21:00:00"
"Exam Edge PSAE High School Certifications - Save 10%","Exam Edge","Exam Edge is a leading provider of online test preparation for your PSAE High School certifications. Our exams are content focused helping you become as prepared as possible for your certification exam. We want you to walk out of the real exam confident and knowing that your time preparing with ExamEdge.com was a success!",15.00%,https://www.tkqlhce.com/click-100179843-13331307-1608148945000,https://www.ExamEdge.com/PSAE,13331307,"Text Link",SAVE-CJ10,Coupon,"2018-05-01 21:00:00","2025-05-24 21:00:00"
"Exam Edge PMI Business Certifications - Save 10%","Exam Edge","Exam Edge is a leading provider of online test preparation for your PMI Business certifications. Our exams are content focused helping you become as prepared as possible for your certification exam. We want you to walk out of the real exam confident and knowing that your time preparing with ExamEdge.com was a success!",15.00%,https://www.dpbolvw.net/click-100179843-13331309-1608148945000,https://www.ExamEdge.com/PMI,13331309,"Text Link",SAVE-CJ10,Coupon,"2018-05-01 21:00:00","2025-05-24 21:00:00"
"Exam Edge SSAT High School Certifications - Save 10%","Exam Edge","Exam Edge is a leading provider of online test preparation for your SSAT High School certifications. Our exams are content focused helping you become as prepared as possible for your certification exam. We want you to walk out of the real exam confident and knowing that your time preparing with ExamEdge.com was a success!",15.00%,https://www.jdoqocy.com/click-100179843-13331314-1608148945000,https://www.ExamEdge.com/SSAT,13331314,"Text Link",SAVE-CJ10,Coupon,"2018-05-01 21:00:00","2025-05-24 21:00:00"
"Exam Edge CTC Teaching Certifications - Save 10%","Exam Edge","Exam Edge is a leading provider of online test preparation for your CTC Teaching certifications. Our exams are content focused helping you become as prepared as possible for your certification exam. We want you to walk out of the real exam confident and knowing that your time preparing with ExamEdge.com was a success!",15.00%,https://www.kqzyfj.com/click-100179843-13331116-1608148945000,https://www.ExamEdge.com/CBEST,13331116,"Text Link",SAVE-CJ10,Coupon,"2018-05-01 21:00:00","2025-05-24 21:00:00"
"Exam Edge ATCB Healthcare Certifications - Save 10%","Exam Edge","Exam Edge is a leading provider of online test preparation for your ATCB Healthcare certifications. Our exams are content focused helping you become as prepared as possible for your certification exam. We want you to walk out of the real exam confident and knowing that your time preparing with ExamEdge.com was a success!",15.00%,https://www.anrdoezrs.net/click-100179843-13331141-1608148945000,https://www.ExamEdge.com/ATCB,13331141,"Text Link",SAVE-CJ10,Coupon,"2018-05-01 21:00:00","2025-05-24 21:00:00"
"Exam Edge NBSTSA Healthcare Certifications - Save 10%","Exam Edge","Exam Edge is a leading provider of online test preparation for your NBSTSA Healthcare certifications. Our exams are content focused helping you become as prepared as possible for your certification exam. We want you to walk out of the real exam confident and knowing that your time preparing with ExamEdge.com was a success!",15.00%,https://www.kqzyfj.com/click-100179843-13331178-1608148945000,https://www.ExamEdge.com/NBSTSA,13331178,"Text Link",SAVE-CJ10,Coupon,"2018-05-01 21:00:00","2025-05-24 21:00:00"
"Exam Edge CDA Healthcare Certifications - Save 10%","Exam Edge","Exam Edge is a leading provider of online test preparation for your CDA Healthcare certifications. Our exams are content focused helping you become as prepared as possible for your certification exam. We want you to walk out of the real exam confident and knowing that your time preparing with ExamEdge.com was a success!",15.00%,https://www.kqzyfj.com/click-100179843-13331251-1608148945000,https://www.ExamEdge.com/CDA,13331251,"Text Link",SAVE-CJ10,Coupon,"2018-05-01 21:00:00","2025-05-24 21:00:00"
"Exam Edge AHIMA Healthcare Certifications - Save 10%","Exam Edge","Exam Edge is a leading provider of online test preparation for your AHIMA Healthcare certifications. Our exams are content focused helping you become as prepared as possible for your certification exam. We want you to walk out of the real exam confident and knowing that your time preparing with ExamEdge.com was a success!",15.00%,https://www.anrdoezrs.net/click-100179843-13331134-1608148945000,https://www.ExamEdge.com/AHIMA,13331134,"Text Link",SAVE-CJ10,Coupon,"2018-05-01 21:00:00","2025-05-24 21:00:00"
"Exam Edge ASCO (OAT) Optometry Certifications - Save 10%","Exam Edge","Exam Edge is a leading provider of online test preparation for your ASCO (OAT) Optometry certifications. Our exams are content focused helping you become as prepared as possible for your certification exam. We want you to walk out of the real exam confident and knowing that your time preparing with ExamEdge.com was a success!",15.00%,https://www.jdoqocy.com/click-100179843-13331143-1608148945000,https://www.ExamEdge.com/ASCO,13331143,"Text Link",SAVE-CJ10,Coupon,"2018-05-01 21:00:00","2025-05-24 21:00:00"
"Exam Edge CTCE Teaching Certifications - Save 10%","Exam Edge","Exam Edge is a leading provider of online test preparation for your CTCE Teaching certifications. Our exams are content focused helping you become as prepared as possible for your certification exam. We want you to walk out of the real exam confident and knowing that your time preparing with ExamEdge.com was a success!",15.00%,https://www.jdoqocy.com/click-100179843-13331160-1608148945000,https://www.ExamEdge.com/CTCE,13331160,"Text Link",SAVE-CJ10,Coupon,"2018-05-01 21:00:00","2025-05-24 21:00:00"
"Exam Edge MCA Teaching Certifications - Save 10%","Exam Edge","Exam Edge is a leading provider of online test preparation for your MCA Teaching certifications. Our exams are content focused helping you become as prepared as possible for your certification exam. We want you to walk out of the real exam confident and knowing that your time preparing with ExamEdge.com was a success!",15.00%,https://www.tkqlhce.com/click-100179843-13331174-1608148945000,https://www.ExamEdge.com/MEGA,13331174,"Text Link",SAVE-CJ10,Coupon,"2018-05-01 21:00:00","2025-05-24 21:00:00"
"Exam Edge PECT Teaching Certifications - Save 10%","Exam Edge","Exam Edge is a leading provider of online test preparation for your PECT Teaching certifications. Our exams are content focused helping you become as prepared as possible for your certification exam. We want you to walk out of the real exam confident and knowing that your time preparing with ExamEdge.com was a success!",15.00%,https://www.jdoqocy.com/click-100179843-13331207-1608148945000,https://www.ExamEdge.com/PECT,13331207,"Text Link",SAVE-CJ10,Coupon,"2018-05-01 21:00:00","2025-05-24 21:00:00"
"Exam Edge AACN Nursing Certifications - Save 10%","Exam Edge","Exam Edge is a leading provider of online test preparation for your AACN Nursing certifications. Our exams are content focused helping you become as prepared as possible for your certification exam. We want you to walk out of the real exam confident and knowing that your time preparing with ExamEdge.com was a success!",15.00%,https://www.tkqlhce.com/click-100179843-13331096-1608148945000,https://www.ExamEdge.com/AACN,13331096,"Text Link",SAVE-CJ10,Coupon,"2018-05-01 21:00:00","2025-05-24 21:00:00"
"Exam Edge - Act now and save 10% on NFPT Fitness Practice Tests","Exam Edge","Exam Edge is a leading provider of online test preparation for your NFPT Fitness certifications. Our exams are content focused helping you become as prepared as possible for your certification exam. We want you to walk out of the real exam confident and knowing that your time preparing with ExamEdge.com was a success!",15.00%,https://www.kqzyfj.com/click-100179843-13344623-1608148945000,https://www.ExamEdge.com/NFPT,13344623,"Text Link",SAVE-NFPT,Coupon,"2018-05-01 21:00:00","2025-05-24 21:00:00"
"Exam Edge - Act now and save 10% on NCSBN Nursing Practice Tests","Exam Edge","Exam Edge is a leading provider of online test preparation for your NCSBN Nursing certifications. Our exams are content focused helping you become as prepared as possible for your certification exam. We want you to walk out of the real exam confident and knowing that your time preparing with ExamEdge.com was a success!",15.00%,https://www.tkqlhce.com/click-100179843-13344634-1608148945000,https://www.ExamEdge.com/NCLEX,13344634,"Text Link",SAVE-NCSB,Coupon,"2018-05-01 21:00:00","2025-05-24 21:00:00"
"Exam Edge - Act now and save 10% on NNCC Nursing Practice Tests","Exam Edge","Exam Edge is a leading provider of online test preparation for your NNCC Nursing certifications. Our exams are content focused helping you become as prepared as possible for your certification exam. We want you to walk out of the real exam confident and knowing that your time preparing with ExamEdge.com was a success!",15.00%,https://www.jdoqocy.com/click-100179843-13344637-1608148945000,https://www.ExamEdge.com/NNCC,13344637,"Text Link",SAVE-NNCC,Coupon,"2018-05-01 21:00:00","2025-05-24 21:00:00"
"Exam Edge - Act now and save 10% on NDAEB Dental Practice Tests","Exam Edge","Exam Edge is a leading provider of online test preparation for your NDAEB Dental certifications. Our exams are content focused helping you become as prepared as possible for your certification exam. We want you to walk out of the real exam confident and knowing that your time preparing with ExamEdge.com was a success!",15.00%,https://www.dpbolvw.net/click-100179843-13344441-1608148945000,https://www.ExamEdge.com/NDAEB,13344441,"Text Link",SAVE-NDAE,Coupon,"2018-05-01 21:00:00","2025-05-24 21:00:00"
"Exam Edge - Act now and save 10% on NHA Healthcare Practice Tests","Exam Edge","Exam Edge is a leading provider of online test preparation for your NHA Healthcare certifications. Our exams are content focused helping you become as prepared as possible for your certification exam. We want you to walk out of the real exam confident and knowing that your time preparing with ExamEdge.com was a success!",15.00%,https://www.kqzyfj.com/click-100179843-13344443-1608148945000,https://www.ExamEdge.com/NHA,13344443,"Text Link",SAVE-NHA,Coupon,"2018-05-01 21:00:00","2025-05-24 21:00:00"
"Exam Edge - Act now and save 10% on NCSF Fitness Practice Tests","Exam Edge","Exam Edge is a leading provider of online test preparation for your NCSF Fitness certifications. Our exams are content focused helping you become as prepared as possible for your certification exam. We want you to walk out of the real exam confident and knowing that your time preparing with ExamEdge.com was a success!",15.00%,https://www.jdoqocy.com/click-100179843-13344454-1608148945000,https://www.ExamEdge.com/NCSF,13344454,"Text Link",SAVE-NCSF,Coupon,"2018-05-01 21:00:00","2025-05-24 21:00:00"
"Exam Edge - Act now and save 10% on NESTA Fitness Practice Tests","Exam Edge","Exam Edge is a leading provider of online test preparation for your NESTA Fitness certifications. Our exams are content focused helping you become as prepared as possible for your certification exam. We want you to walk out of the real exam confident and knowing that your time preparing with ExamEdge.com was a success!",15.00%,https://www.dpbolvw.net/click-100179843-13344458-1608148945000,https://www.ExamEdge.com/NESTA,13344458,"Text Link",SAVE-NEST,Coupon,"2018-05-01 21:00:00","2025-05-24 21:00:00"
"Exam Edge - Act now and save 10% on AAMA Healthcare Practice Tests","Exam Edge","Exam Edge is a leading provider of online test preparation for your AAMA Healthcare certifications. Our exams are content focused helping you become as prepared as possible for your certification exam. We want you to walk out of the real exam confident and knowing that your time preparing with ExamEdge.com was a success!",15.00%,https://www.kqzyfj.com/click-100179843-13344471-1608148945000,https://www.ExamEdge.com/AAMA,13344471,"Text Link",SAVE-AAMA,Coupon,"2018-05-01 21:00:00","2025-05-24 21:00:00"
"Exam Edge Radiology Certifications - Save 10%","Exam Edge","Exam Edge is a leading provider of online test preparation for Radiology certifications. We offer practice exams covering 12 subjects. Our exams are content focused helping you become as prepared as possible for your certification exam. We want you to walk out of the real exam confident and knowing that your time preparing with ExamEdge.com was a success!
",15.00%,https://www.jdoqocy.com/click-100179843-13280357-1608148945000,https://www.examedge.com/Radiology/,13280357,Banner,SAVE-CJ10,Coupon,"2019-03-21 10:00:00","2022-05-21 21:00:00"
"Exam Edge Radiology Certifications - Save 10%","Exam Edge","Exam Edge is a leading provider of online test preparation for Radiology certifications. We offer practice exams covering 12 subjects. Our exams are content focused helping you become as prepared as possible for your certification exam. We want you to walk out of the real exam confident and knowing that your time preparing with ExamEdge.com was a success!
",15.00%,https://www.dpbolvw.net/click-100179843-13280353-1608148945000,https://www.examedge.com/Radiology/,13280353,Banner,SAVE-CJ10,Coupon,"2019-03-21 10:00:00","2022-05-21 21:00:00"
"Exam Edge Radiology Certifications - Save 10%","Exam Edge","Exam Edge is a leading provider of online test preparation for Radiology certifications. We offer practice exams covering 12 subjects. Our exams are content focused helping you become as prepared as possible for your certification exam. We want you to walk out of the real exam confident and knowing that your time preparing with ExamEdge.com was a success!
",15.00%,https://www.jdoqocy.com/click-100179843-13280345-1608148945000,https://www.examedge.com/Radiology/,13280345,Banner,SAVE-CJ10,Coupon,"2019-03-21 10:00:00","2022-05-21 21:00:00"
"Exam Edge - Act now and save 10% on ATAS Teaching Practice Tests","Exam Edge","Exam Edge is a leading provider of online test preparation for your ATAS Teaching certifications. Our exams are content focused helping you become as prepared as possible for your certification exam. We want you to walk out of the real exam confident and knowing that your time preparing with ExamEdge.com was a success!",15.00%,https://www.kqzyfj.com/click-100179843-13344483-1608148945000,https://www.ExamEdge.com/ATAS,13344483,"Text Link",SAVE-ATAS,Coupon,"2018-05-01 21:00:00","2025-05-24 21:00:00"
"Exam Edge - Act now and save 10% on OMSB International Practice Tests","Exam Edge","Exam Edge is a leading provider of online test preparation for your OMSB International certifications. Our exams are content focused helping you become as prepared as possible for your certification exam. We want you to walk out of the real exam confident and knowing that your time preparing with ExamEdge.com was a success!",15.00%,https://www.jdoqocy.com/click-100179843-13344490-1608148945000,https://www.ExamEdge.com/OMSB,13344490,"Text Link",SAVE-OMSB,Coupon,"2018-05-01 21:00:00","2025-05-24 21:00:00"
"Exam Edge ARRT Radiology Certifications - Save 10%","Exam Edge","Exam Edge is a leading provider of online test preparation for your ARRT Radiology certifications. Our exams are content focused helping you become as prepared as possible for your certification exam. We want you to walk out of the real exam confident and knowing that your time preparing with ExamEdge.com was a success!",15.00%,https://www.anrdoezrs.net/click-100179843-13331105-1608148945000,https://www.ExamEdge.com/ARRT,13331105,"Text Link",SAVE-CJ10,Coupon,"2018-05-01 21:00:00","2025-05-24 21:00:00"
"Exam Edge AEPA Teaching Certifications - Save 10%","Exam Edge","Exam Edge is a leading provider of online test preparation for your AEPA Teaching certifications. Our exams are content focused helping you become as prepared as possible for your certification exam. We want you to walk out of the real exam confident and knowing that your time preparing with ExamEdge.com was a success!",15.00%,https://www.dpbolvw.net/click-100179843-13331139-1608148945000,https://www.ExamEdge.com/AEPA,13331139,"Text Link",SAVE-CJ10,Coupon,"2018-05-01 21:00:00","2025-05-24 21:00:00"
"Exam Edge ACT College Placement Certifications - Save 10%","Exam Edge","Exam Edge is a leading provider of online test preparation for your ACT College Placement certifications. Our exams are content focused helping you become as prepared as possible for your certification exam. We want you to walk out of the real exam confident and knowing that your time preparing with ExamEdge.com was a success!",15.00%,https://www.dpbolvw.net/click-100179843-13331240-1608148945000,https://www.ExamEdge.com/ASSET,13331240,"Text Link",SAVE-CJ10,Coupon,"2018-05-01 21:00:00","2025-05-24 21:00:00"
"Exam Edge GED High School Certifications - Save 10%","Exam Edge","Exam Edge is a leading provider of online test preparation for your GED High School certifications. Our exams are content focused helping you become as prepared as possible for your certification exam. We want you to walk out of the real exam confident and knowing that your time preparing with ExamEdge.com was a success!",15.00%,https://www.kqzyfj.com/click-100179843-13331267-1608148945000,https://www.ExamEdge.com/TASC,13331267,"Text Link",SAVE-CJ10,Coupon,"2018-05-01 21:00:00","2025-05-24 21:00:00"
"Exam Edge CORE Teaching Certifications - Save 10%","Exam Edge","Exam Edge is a leading provider of online test preparation for your CORE Teaching certifications. Our exams are content focused helping you become as prepared as possible for your certification exam. We want you to walk out of the real exam confident and knowing that your time preparing with ExamEdge.com was a success!",15.00%,https://www.dpbolvw.net/click-100179843-13331158-1608148945000,https://www.ExamEdge.com/CORE,13331158,"Text Link",SAVE-CJ10,Coupon,"2018-05-01 21:00:00","2025-05-24 21:00:00"
"Exam Edge CTC Teaching Certifications - Save 10%","Exam Edge","Exam Edge is a leading provider of online test preparation for your CTC Teaching certifications. Our exams are content focused helping you become as prepared as possible for your certification exam. We want you to walk out of the real exam confident and knowing that your time preparing with ExamEdge.com was a success!",15.00%,https://www.jdoqocy.com/click-100179843-13331124-1608148945000,https://www.ExamEdge.com/CSET,13331124,"Text Link",SAVE-CJ10,Coupon,"2018-05-01 21:00:00","2025-05-24 21:00:00"
"Exam Edge ANCC Nursing Certifications - Save 10%","Exam Edge","Exam Edge is a leading provider of online test preparation for your ANCC Nursing certifications. Our exams are content focused helping you become as prepared as possible for your certification exam. We want you to walk out of the real exam confident and knowing that your time preparing with ExamEdge.com was a success!",15.00%,https://www.anrdoezrs.net/click-100179843-13331138-1608148945000,https://www.ExamEdge.com/ANCC,13331138,"Text Link",SAVE-CJ10,Coupon,"2018-05-01 21:00:00","2025-05-24 21:00:00"
"Exam Edge PAX Healthcare Certifications - Save 10%","Exam Edge","Exam Edge is a leading provider of online test preparation for your PAX Healthcare certifications. Our exams are content focused helping you become as prepared as possible for your certification exam. We want you to walk out of the real exam confident and knowing that your time preparing with ExamEdge.com was a success!",15.00%,https://www.dpbolvw.net/click-100179843-13331196-1608148945000,https://www.ExamEdge.com/PAX,13331196,"Text Link",SAVE-CJ10,Coupon,"2018-05-01 21:00:00","2025-05-24 21:00:00"
"Exam Edge TEXES Teaching Certifications - Save 10%","Exam Edge","Exam Edge is a leading provider of online test preparation for your TEXES Teaching certifications. Our exams are content focused helping you become as prepared as possible for your certification exam. We want you to walk out of the real exam confident and knowing that your time preparing with ExamEdge.com was a success!",15.00%,https://www.anrdoezrs.net/click-100179843-13331222-1608148945000,https://www.ExamEdge.com/TEXES,13331222,"Text Link",SAVE-CJ10,Coupon,"2018-05-01 21:00:00","2025-05-24 21:00:00"
"Exam Edge CDR Healthcare Certifications - Save 10%","Exam Edge","Exam Edge is a leading provider of online test preparation for your CDR Healthcare certifications. Our exams are content focused helping you become as prepared as possible for your certification exam. We want you to walk out of the real exam confident and knowing that your time preparing with ExamEdge.com was a success!",15.00%,https://www.kqzyfj.com/click-100179843-13331231-1608148945000,https://www.ExamEdge.com/ADA,13331231,"Text Link",SAVE-CJ10,Coupon,"2018-05-01 21:00:00","2025-05-24 21:00:00"
"Exam Edge ASPT Healthcare Certifications - Save 10%","Exam Edge","Exam Edge is a leading provider of online test preparation for your ASPT Healthcare certifications. Our exams are content focused helping you become as prepared as possible for your certification exam. We want you to walk out of the real exam confident and knowing that your time preparing with ExamEdge.com was a success!",15.00%,https://www.jdoqocy.com/click-100179843-13331235-1608148945000,https://www.ExamEdge.com/ASPT,13331235,"Text Link",SAVE-CJ10,Coupon,"2018-05-01 21:00:00","2025-05-24 21:00:00"
"Exam Edge AAFCS Service Industry Certifications - Save 10%","Exam Edge","Exam Edge is a leading provider of online test preparation for your AAFCS Service Industry certifications. Our exams are content focused helping you become as prepared as possible for your certification exam. We want you to walk out of the real exam confident and knowing that your time preparing with ExamEdge.com was a success!",15.00%,https://www.dpbolvw.net/click-100179843-13331261-1608148945000,https://www.ExamEdge.com/FCS,13331261,"Text Link",SAVE-CJ10,Coupon,"2018-05-01 21:00:00","2025-05-24 21:00:00"
"Exam Edge FSBPT Healthcare Certifications - Save 10%","Exam Edge","Exam Edge is a leading provider of online test preparation for your FSBPT Healthcare certifications. Our exams are content focused helping you become as prepared as possible for your certification exam. We want you to walk out of the real exam confident and knowing that your time preparing with ExamEdge.com was a success!",15.00%,https://www.tkqlhce.com/click-100179843-13331262-1608148945000,https://www.ExamEdge.com/FSBPT,13331262,"Text Link",SAVE-CJ10,Coupon,"2018-05-01 21:00:00","2025-05-24 21:00:00"
"Exam Edge ASCP Medical Laboratory Certifications - Save 10%","Exam Edge","Exam Edge is a leading provider of online test preparation for your ASCP Medical Laboratory certifications. Our exams are content focused helping you become as prepared as possible for your certification exam. We want you to walk out of the real exam confident and knowing that your time preparing with ExamEdge.com was a success!",15.00%,https://www.jdoqocy.com/click-100179843-13331101-1608148945000,https://www.ExamEdge.com/ASCP,13331101,"Text Link",SAVE-CJ10,Coupon,"2018-05-01 21:00:00","2025-05-24 21:00:00"
"Exam Edge CLAST College Placement Certifications - Save 10%","Exam Edge","Exam Edge is a leading provider of online test preparation for your CLAST College Placement certifications. Our exams are content focused helping you become as prepared as possible for your certification exam. We want you to walk out of the real exam confident and knowing that your time preparing with ExamEdge.com was a success!",15.00%,https://www.tkqlhce.com/click-100179843-13331120-1608148945000,https://www.ExamEdge.com/CLAST,13331120,"Text Link",SAVE-CJ10,Coupon,"2018-05-01 21:00:00","2025-05-24 21:00:00"
"Exam Edge CTCE Teaching Certifications - Save 10%","Exam Edge","Exam Edge is a leading provider of online test preparation for your CTCE Teaching certifications. Our exams are content focused helping you become as prepared as possible for your certification exam. We want you to walk out of the real exam confident and knowing that your time preparing with ExamEdge.com was a success!",15.00%,https://www.tkqlhce.com/click-100179843-13331125-1608148945000,https://www.ExamEdge.com/CTCE,13331125,"Text Link",SAVE-CJ10,Coupon,"2018-05-01 21:00:00","2025-05-24 21:00:00"
"Exam Edge NYSTCE Teaching Certifications - Save 10%","Exam Edge","Exam Edge is a leading provider of online test preparation for your NYSTCE Teaching certifications. Our exams are content focused helping you become as prepared as possible for your certification exam. We want you to walk out of the real exam confident and knowing that your time preparing with ExamEdge.com was a success!",15.00%,https://www.anrdoezrs.net/click-100179843-13331199-1608148945000,https://www.ExamEdge.com/CST,13331199,"Text Link",SAVE-CJ10,Coupon,"2018-05-01 21:00:00","2025-05-24 21:00:00"
"Exam Edge - save 10%","Exam Edge","Exam Edge is a leading provider of online certification prep tests.  We offer practice exams in over 20 industries covering over 1800 subjects.  Our exams are content focused helping you become as prepared as possible for your certification exam. We want you to walk out of the real exam confident and knowing that your time preparing with ExamEdge.com was a success!",15.00%,https://www.tkqlhce.com/click-100179843-13277791-1608148945000,https://www.examedge.com,13277791,Banner,SAVE-CJ10,Coupon,"2018-03-21 10:00:00","2025-03-21 21:00:00"
"Exam Edge Teaching Certifications - Save 10%","Exam Edge","Save 10% with promo code SAVE-CJ10 on Exam Edge's online certification prep tests for teachers. We offer practice exams covering over 1100 subjects. Our exams are content focused helping you become as prepared as possible for your certification exam. We want you to walk out of the real exam confident and knowing that your time preparing with ExamEdge.com was a success!",15.00%,https://www.kqzyfj.com/click-100179843-13278833-1608148945000,https://www.examedge.com/teaching,13278833,Banner,SAVE-CJ10,Coupon,"2018-03-24 21:00:00","2022-03-25 21:00:00"
"Exam Edge Teaching Certifications - Save 10%","Exam Edge","Save 10% with promo code SAVE-CJ10 on Exam Edge's online certification prep tests for teachers. We offer practice exams covering over 1100 subjects. Our exams are content focused helping you become as prepared as possible for your certification exam. We want you to walk out of the real exam confident and knowing that your time preparing with ExamEdge.com was a success!",15.00%,https://www.dpbolvw.net/click-100179843-13278845-1608148945000,https://www.examedge.com/teaching,13278845,Banner,SAVE-CJ10,Coupon,"2018-03-24 21:00:00","2022-03-25 21:00:00"
"Exam Edge Teaching Certifications - Save 10%","Exam Edge","Save 10% with promo code SAVE-CJ10 on Exam Edge's online certification prep tests for teachers. We offer practice exams covering over 1100 subjects. Our exams are content focused helping you become as prepared as possible for your certification exam. We want you to walk out of the real exam confident and knowing that your time preparing with ExamEdge.com was a success!",15.00%,https://www.tkqlhce.com/click-100179843-13278844-1608148945000,https://www.examedge.com/teaching,13278844,Banner,SAVE-CJ10,Coupon,"2018-03-24 21:00:00","2022-03-25 21:00:00"
"Exam Edge Teaching Certifications - Save 10%","Exam Edge","Save 10% with promo code SAVE-CJ10 on Exam Edge's online certification prep tests for teachers. We offer practice exams covering over 1100 subjects. Our exams are content focused helping you become as prepared as possible for your certification exam. We want you to walk out of the real exam confident and knowing that your time preparing with ExamEdge.com was a success!",15.00%,https://www.tkqlhce.com/click-100179843-13278849-1608148945000,https://www.examedge.com/teaching,13278849,Banner,SAVE-CJ10,Coupon,"2018-03-24 21:00:00","2022-03-25 21:00:00"
"Exam Edge Health Care - Save 10%","Exam Edge","Exam Edge is a leading provider of online certification prep tests for Healthcare. We offer practice exams covering over 400 subjects. Our exams are content focused helping you become as prepared as possible for your certification exam. We want you to walk out of the real exam confident and knowing that your time preparing with ExamEdge.com was a success!",15.00%,https://www.kqzyfj.com/click-100179843-13280217-1608148945000,https://www.examedge.com/healthcare,13280217,Banner,SAVE-CJ10,Coupon,"2019-03-21 10:00:00","2022-05-21 21:00:00"
"Exam Edge Radiology Certifications - Save 10%","Exam Edge","Exam Edge is a leading provider of online test preparation for Radiology certifications. We offer practice exams covering 12 subjects. Our exams are content focused helping you become as prepared as possible for your certification exam. We want you to walk out of the real exam confident and knowing that your time preparing with ExamEdge.com was a success!
",15.00%,https://www.anrdoezrs.net/click-100179843-13280349-1608148945000,https://www.examedge.com/Radiology/,13280349,Banner,SAVE-CJ10,Coupon,"2019-03-21 10:00:00","2022-05-21 21:00:00"
"Exam Edge Radiology Certifications - Save 10%","Exam Edge","Exam Edge is a leading provider of online test preparation for Radiology certifications. We offer practice exams covering 12 subjects. Our exams are content focused helping you become as prepared as possible for your certification exam. We want you to walk out of the real exam confident and knowing that your time preparing with ExamEdge.com was a success!
",15.00%,https://www.kqzyfj.com/click-100179843-13280358-1608148945000,https://www.examedge.com/Radiology/,13280358,Banner,SAVE-CJ10,Coupon,"2019-03-21 10:00:00","2022-05-21 21:00:00"
"Exam Edge Nursing Certifications - Save 10%","Exam Edge","Exam Edge is a leading provider of online certification prep tests for Nursing Exams. We offer practice exams covering over 100 subjects. Our exams are content focused helping you become as prepared as possible for your certification exam. We want you to walk out of the real exam confident and knowing that your time preparing with ExamEdge.com was a success!
",15.00%,https://www.jdoqocy.com/click-100179843-13280404-1608148945000,https://www.examedge.com/nursing/,13280404,Banner,SAVE-CJ10,Coupon,"2019-03-21 10:00:00","2022-05-21 21:00:00"
"Exam Edge Nursing Certifications - Save 10%","Exam Edge","Exam Edge is a leading provider of online certification prep tests for Nursing Exams. We offer practice exams covering over 100 subjects. Our exams are content focused helping you become as prepared as possible for your certification exam. We want you to walk out of the real exam confident and knowing that your time preparing with ExamEdge.com was a success!
",15.00%,https://www.jdoqocy.com/click-100179843-13280385-1608148945000,https://www.examedge.com/nursing/,13280385,Banner,SAVE-CJ10,Coupon,"2019-03-21 10:00:00","2022-05-21 21:00:00"
"Exam Edge - Act now and save 10% on APM International Practice Tests","Exam Edge","Exam Edge is a leading provider of online test preparation for your APM International certifications. Our exams are content focused helping you become as prepared as possible for your certification exam. We want you to walk out of the real exam confident and knowing that your time preparing with ExamEdge.com was a success!",15.00%,https://www.dpbolvw.net/click-100179843-13344523-1608148945000,https://www.ExamEdge.com/APM,13344523,"Text Link",SAVE-APM,Coupon,"2018-05-01 21:00:00","2025-05-24 21:00:00"
"Exam Edge - Act now and save 10% on TASC High School Practice Tests","Exam Edge","Exam Edge is a leading provider of online test preparation for your TASC High School certifications. Our exams are content focused helping you become as prepared as possible for your certification exam. We want you to walk out of the real exam confident and knowing that your time preparing with ExamEdge.com was a success!",15.00%,https://www.kqzyfj.com/click-100179843-13344538-1608148945000,https://www.ExamEdge.com/TASC,13344538,"Text Link",SAVE-TASC,Coupon,"2018-05-01 21:00:00","2025-05-24 21:00:00"
"Exam Edge - Act now and save 10% on CAHSEE High School Practice Tests","Exam Edge","Exam Edge is a leading provider of online test preparation for your CAHSEE High School certifications. Our exams are content focused helping you become as prepared as possible for your certification exam. We want you to walk out of the real exam confident and knowing that your time preparing with ExamEdge.com was a success!",15.00%,https://www.kqzyfj.com/click-100179843-13344557-1608148945000,https://www.ExamEdge.com/CAHSEE,13344557,"Text Link",SAVE-CAHS,Coupon,"2018-05-01 21:00:00","2025-05-24 21:00:00"
"Exam Edge - Act now and save 10% on ORELA Teaching Practice Tests","Exam Edge","Exam Edge is a leading provider of online test preparation for your ORELA Teaching certifications. Our exams are content focused helping you become as prepared as possible for your certification exam. We want you to walk out of the real exam confident and knowing that your time preparing with ExamEdge.com was a success!",15.00%,https://www.jdoqocy.com/click-100179843-13344660-1608148945000,https://www.ExamEdge.com/ORELA,13344660,"Text Link",SAVE-OREL,Coupon,"2018-05-01 21:00:00","2025-05-24 21:00:00"
"Exam Edge - Act now and save 10% on PSSA High School Practice Tests","Exam Edge","Exam Edge is a leading provider of online test preparation for your PSSA High School certifications. Our exams are content focused helping you become as prepared as possible for your certification exam. We want you to walk out of the real exam confident and knowing that your time preparing with ExamEdge.com was a success!",15.00%,https://www.kqzyfj.com/click-100179843-13344665-1608148945000,https://www.ExamEdge.com/PSSA,13344665,"Text Link",SAVE-PSSA,Coupon,"2018-05-01 21:00:00","2025-05-24 21:00:00"
"Exam Edge - Act now and save 10% on NCBDE Healthcare Practice Tests","Exam Edge","Exam Edge is a leading provider of online test preparation for your NCBDE Healthcare certifications. Our exams are content focused helping you become as prepared as possible for your certification exam. We want you to walk out of the real exam confident and knowing that your time preparing with ExamEdge.com was a success!",15.00%,https://www.anrdoezrs.net/click-100179843-13344449-1608148945000,https://www.ExamEdge.com/NCBDE,13344449,"Text Link",SAVE-NCBD,Coupon,"2018-05-01 21:00:00","2025-05-24 21:00:00"
"Exam Edge - Act now and save 10% on OAE Teaching Practice Tests","Exam Edge","Exam Edge is a leading provider of online test preparation for your OAE Teaching certifications. Our exams are content focused helping you become as prepared as possible for your certification exam. We want you to walk out of the real exam confident and knowing that your time preparing with ExamEdge.com was a success!",15.00%,https://www.anrdoezrs.net/click-100179843-13344487-1608148945000,https://www.ExamEdge.com/OAE,13344487,"Text Link",SAVE-OAE,Coupon,"2018-05-01 21:00:00","2025-05-24 21:00:00"
"Exam Edge - Act now and save 10% on PEBC Canadian Practice Tests","Exam Edge","Exam Edge is a leading provider of online test preparation for your PEBC Canadian certifications. Our exams are content focused helping you become as prepared as possible for your certification exam. We want you to walk out of the real exam confident and knowing that your time preparing with ExamEdge.com was a success!",15.00%,https://www.anrdoezrs.net/click-100179843-13344498-1608148945000,https://www.ExamEdge.com/PEBC,13344498,"Text Link",SAVE-PEBC,Coupon,"2018-05-01 21:00:00","2025-05-24 21:00:00"
"Exam Edge - Act now and save 10% on HAAD International Practice Tests","Exam Edge","Exam Edge is a leading provider of online test preparation for your HAAD International certifications. Our exams are content focused helping you become as prepared as possible for your certification exam. We want you to walk out of the real exam confident and knowing that your time preparing with ExamEdge.com was a success!",15.00%,https://www.jdoqocy.com/click-100179843-13344595-1608148945000,https://www.ExamEdge.com/HAAD,13344595,"Text Link",SAVE-HAAD,Coupon,"2018-05-01 21:00:00","2025-05-24 21:00:00"
"Exam Edge - Act now and save 10% on NBDE Dental Practice Tests","Exam Edge","Exam Edge is a leading provider of online test preparation for your NBDE Dental certifications. Our exams are content focused helping you become as prepared as possible for your certification exam. We want you to walk out of the real exam confident and knowing that your time preparing with ExamEdge.com was a success!",15.00%,https://www.anrdoezrs.net/click-100179843-13344628-1608148945000,https://www.ExamEdge.com/NBDE,13344628,"Text Link",SAVE-NBDE,Coupon,"2018-05-01 21:00:00","2025-05-24 21:00:00"
"Exam Edge - Act now and save 10% on IAHCSMM Healthcare Practice Tests","Exam Edge","Exam Edge is a leading provider of online test preparation for your IAHCSMM Healthcare certifications. Our exams are content focused helping you become as prepared as possible for your certification exam. We want you to walk out of the real exam confident and knowing that your time preparing with ExamEdge.com was a success!",15.00%,https://www.dpbolvw.net/click-100179843-13344681-1608148945000,https://www.ExamEdge.com/IAHCSMM,13344681,"Text Link",SAVE-IAHC,Coupon,"2018-05-01 21:00:00","2025-05-24 21:00:00"
"Exam Edge - Act now and save 10% on NBCC Healthcare Practice Tests","Exam Edge","Exam Edge is a leading provider of online test preparation for your NBCC Healthcare certifications. Our exams are content focused helping you become as prepared as possible for your certification exam. We want you to walk out of the real exam confident and knowing that your time preparing with ExamEdge.com was a success!",15.00%,https://www.tkqlhce.com/click-100179843-13344445-1608148945000,https://www.ExamEdge.com/NBCC,13344445,"Text Link",SAVE-NBCC,Coupon,"2018-05-01 21:00:00","2025-05-24 21:00:00"
"Exam Edge - Act now and save 10% on NCSTATE Teaching Practice Tests","Exam Edge","Exam Edge is a leading provider of online test preparation for your NCSTATE Teaching certifications. Our exams are content focused helping you become as prepared as possible for your certification exam. We want you to walk out of the real exam confident and knowing that your time preparing with ExamEdge.com was a success!",15.00%,https://www.dpbolvw.net/click-100179843-13344448-1608148945000,https://www.ExamEdge.com/NCSTATE,13344448,"Text Link",SAVE-NCST,Coupon,"2018-05-01 21:00:00","2025-05-24 21:00:00"
"Exam Edge - Act now and save 10% on CBPPS Healthcare Practice Tests","Exam Edge","Exam Edge is a leading provider of online test preparation for your CBPPS Healthcare certifications. Our exams are content focused helping you become as prepared as possible for your certification exam. We want you to walk out of the real exam confident and knowing that your time preparing with ExamEdge.com was a success!",15.00%,https://www.tkqlhce.com/click-100179843-13344496-1608148945000,https://www.ExamEdge.com/PatientSafety,13344496,"Text Link",SAVE-CBPP,Coupon,"2018-05-01 21:00:00","2025-05-24 21:00:00"
"Exam Edge - Act now and save 10% on ASPT Healthcare Practice Tests","Exam Edge","Exam Edge is a leading provider of online test preparation for your ASPT Healthcare certifications. Our exams are content focused helping you become as prepared as possible for your certification exam. We want you to walk out of the real exam confident and knowing that your time preparing with ExamEdge.com was a success!",15.00%,https://www.anrdoezrs.net/click-100179843-13344519-1608148945000,https://www.ExamEdge.com/ASPT,13344519,"Text Link",SAVE-ASPT,Coupon,"2018-05-01 21:00:00","2025-05-24 21:00:00"
"Exam Edge - Act now and save 10% on BCNS Nutrition Practice Tests","Exam Edge","Exam Edge is a leading provider of online test preparation for your BCNS Nutrition certifications. Our exams are content focused helping you become as prepared as possible for your certification exam. We want you to walk out of the real exam confident and knowing that your time preparing with ExamEdge.com was a success!",15.00%,https://www.tkqlhce.com/click-100179843-13344567-1608148945000,https://www.ExamEdge.com/CBNS,13344567,"Text Link",SAVE-BCNS,Coupon,"2018-05-01 21:00:00","2025-05-24 21:00:00"
"Exam Edge - Act now and save 10% on CLEP College Placement Practice Tests","Exam Edge","Exam Edge is a leading provider of online test preparation for your CLEP College Placement certifications. Our exams are content focused helping you become as prepared as possible for your certification exam. We want you to walk out of the real exam confident and knowing that your time preparing with ExamEdge.com was a success!",15.00%,https://www.tkqlhce.com/click-100179843-13344572-1608148945000,https://www.ExamEdge.com/CLEP,13344572,"Text Link",SAVE-CLEP,Coupon,"2018-05-01 21:00:00","2025-05-24 21:00:00"
"Exam Edge - Act now and save 10% on PNCB Healthcare Practice Tests","Exam Edge","Exam Edge is a leading provider of online test preparation for your PNCB Healthcare certifications. Our exams are content focused helping you become as prepared as possible for your certification exam. We want you to walk out of the real exam confident and knowing that your time preparing with ExamEdge.com was a success!",15.00%,https://www.dpbolvw.net/click-100179843-13344663-1608148945000,https://www.ExamEdge.com/PNCB,13344663,"Text Link",SAVE-PNCB,Coupon,"2018-05-01 21:00:00","2025-05-24 21:00:00"
"Exam Edge - Act now and save 10% on CCI� Healthcare Practice Tests","Exam Edge","Exam Edge is a leading provider of online test preparation for your CCI� Healthcare certifications. Our exams are content focused helping you become as prepared as possible for your certification exam. We want you to walk out of the real exam confident and knowing that your time preparing with ExamEdge.com was a success!",15.00%,https://www.anrdoezrs.net/click-100179843-13344565-1608148945000,https://www.ExamEdge.com/CCISN,13344565,"Text Link",SAVE-CCI<,Coupon,"2018-05-01 21:00:00","2025-05-24 21:00:00"
"Exam Edge - Act now and save 10% on GAQM Business Practice Tests","Exam Edge","Exam Edge is a leading provider of online test preparation for your GAQM Business certifications. Our exams are content focused helping you become as prepared as possible for your certification exam. We want you to walk out of the real exam confident and knowing that your time preparing with ExamEdge.com was a success!",15.00%,https://www.tkqlhce.com/click-100179843-13344591-1608148945000,https://www.ExamEdge.com/GAQM,13344591,"Text Link",SAVE-GAQM,Coupon,"2018-05-01 21:00:00","2025-05-24 21:00:00"
"Exam Edge - Act now and save 10% on PAX Healthcare Practice Tests","Exam Edge","Exam Edge is a leading provider of online test preparation for your PAX Healthcare certifications. Our exams are content focused helping you become as prepared as possible for your certification exam. We want you to walk out of the real exam confident and knowing that your time preparing with ExamEdge.com was a success!",15.00%,https://www.jdoqocy.com/click-100179843-13344652-1608148945000,https://www.ExamEdge.com/PAX,13344652,"Text Link",SAVE-PAX,Coupon,"2018-05-01 21:00:00","2025-05-24 21:00:00"
"Exam Edge - Act now and save 10% on CEOE Teaching Practice Tests","Exam Edge","Exam Edge is a leading provider of online test preparation for your CEOE Teaching certifications. Our exams are content focused helping you become as prepared as possible for your certification exam. We want you to walk out of the real exam confident and knowing that your time preparing with ExamEdge.com was a success!",15.00%,https://www.tkqlhce.com/click-100179843-13344657-1608148945000,https://www.ExamEdge.com/CEOE,13344657,"Text Link",SAVE-CEOE,Coupon,"2018-05-01 21:00:00","2025-05-24 21:00:00"
"Exam Edge - Act now and save 10% on PECT Teaching Practice Tests","Exam Edge","Exam Edge is a leading provider of online test preparation for your PECT Teaching certifications. Our exams are content focused helping you become as prepared as possible for your certification exam. We want you to walk out of the real exam confident and knowing that your time preparing with ExamEdge.com was a success!",15.00%,https://www.jdoqocy.com/click-100179843-13344664-1608148945000,https://www.ExamEdge.com/PECT,13344664,"Text Link",SAVE-PECT,Coupon,"2018-05-01 21:00:00","2025-05-24 21:00:00"
"Exam Edge - Act now and save 10% on NEHA Service Industry Practice Tests","Exam Edge","Exam Edge is a leading provider of online test preparation for your NEHA Service Industry certifications. Our exams are content focused helping you become as prepared as possible for your certification exam. We want you to walk out of the real exam confident and knowing that your time preparing with ExamEdge.com was a success!",15.00%,https://www.kqzyfj.com/click-100179843-13344455-1608148945000,https://www.ExamEdge.com/NEHA,13344455,"Text Link",SAVE-NEHA,Coupon,"2018-05-01 21:00:00","2025-05-24 21:00:00"
"Exam Edge - Act now and save 10% on NOCTI Dental Practice Tests","Exam Edge","Exam Edge is a leading provider of online test preparation for your NOCTI Dental certifications. Our exams are content focused helping you become as prepared as possible for your certification exam. We want you to walk out of the real exam confident and knowing that your time preparing with ExamEdge.com was a success!",15.00%,https://www.jdoqocy.com/click-100179843-13344462-1608148945000,https://www.ExamEdge.com/NOCTI,13344462,"Text Link",SAVE-NOCT,Coupon,"2018-05-01 21:00:00","2025-05-24 21:00:00"
"Exam Edge - Act now and save 10% on AAMAS Healthcare Practice Tests","Exam Edge","Exam Edge is a leading provider of online test preparation for your AAMAS Healthcare certifications. Our exams are content focused helping you become as prepared as possible for your certification exam. We want you to walk out of the real exam confident and knowing that your time preparing with ExamEdge.com was a success!",15.00%,https://www.jdoqocy.com/click-100179843-13344473-1608148945000,https://www.ExamEdge.com/AAMAS,13344473,"Text Link",SAVE-AAMA,Coupon,"2018-05-01 21:00:00","2025-05-24 21:00:00"
"Exam Edge - Act now and save 10% on TABE Teaching Practice Tests","Exam Edge","Exam Edge is a leading provider of online test preparation for your TABE Teaching certifications. Our exams are content focused helping you become as prepared as possible for your certification exam. We want you to walk out of the real exam confident and knowing that your time preparing with ExamEdge.com was a success!",15.00%,https://www.dpbolvw.net/click-100179843-13344542-1608148945000,https://www.ExamEdge.com/TABE,13344542,"Text Link",SAVE-TABE,Coupon,"2018-05-01 21:00:00","2025-05-24 21:00:00"
"Exam Edge - Act now and save 10% on NFPT Fitness Practice Tests","Exam Edge","Exam Edge is a leading provider of online test preparation for your NFPT Fitness certifications. Our exams are content focused helping you become as prepared as possible for your certification exam. We want you to walk out of the real exam confident and knowing that your time preparing with ExamEdge.com was a success!",15.00%,https://www.dpbolvw.net/click-100179843-13344442-1608148945000,https://www.ExamEdge.com/NFPT,13344442,"Text Link",SAVE-NFPT,Coupon,"2018-05-01 21:00:00","2025-05-24 21:00:00"
"Exam Edge - Act now and save 10% on STS High School Practice Tests","Exam Edge","Exam Edge is a leading provider of online test preparation for your STS High School certifications. Our exams are content focused helping you become as prepared as possible for your certification exam. We want you to walk out of the real exam confident and knowing that your time preparing with ExamEdge.com was a success!",15.00%,https://www.dpbolvw.net/click-100179843-13344524-1608148945000,https://www.ExamEdge.com/STS,13344524,"Text Link",SAVE-STS,Coupon,"2018-05-01 21:00:00","2025-05-24 21:00:00"
"Exam Edge - Act now and save 10% on BONENT Nursing Practice Tests","Exam Edge","Exam Edge is a leading provider of online test preparation for your BONENT Nursing certifications. Our exams are content focused helping you become as prepared as possible for your certification exam. We want you to walk out of the real exam confident and knowing that your time preparing with ExamEdge.com was a success!",15.00%,https://www.dpbolvw.net/click-100179843-13344554-1608148945000,https://www.ExamEdge.com/BONENT,13344554,"Text Link",SAVE-BONE,Coupon,"2018-05-01 21:00:00","2025-05-24 21:00:00"
"Exam Edge - Act now and save 10% on Compass College Placement Practice Tests","Exam Edge","Exam Edge is a leading provider of online test preparation for your Compass College Placement certifications. Our exams are content focused helping you become as prepared as possible for your certification exam. We want you to walk out of the real exam confident and knowing that your time preparing with ExamEdge.com was a success!",15.00%,https://www.kqzyfj.com/click-100179843-13344576-1608148945000,https://www.ExamEdge.com/COMPASS,13344576,"Text Link",SAVE-Comp,Coupon,"2018-05-01 21:00:00","2025-05-24 21:00:00"
"Exam Edge - Act now and save 10% on SLE International Practice Tests","Exam Edge","Exam Edge is a leading provider of online test preparation for your SLE International certifications. Our exams are content focused helping you become as prepared as possible for your certification exam. We want you to walk out of the real exam confident and knowing that your time preparing with ExamEdge.com was a success!",15.00%,https://www.dpbolvw.net/click-100179843-13344674-1608148945000,https://www.ExamEdge.com/SLE,13344674,"Text Link",SAVE-SLE,Coupon,"2018-05-01 21:00:00","2025-05-24 21:00:00"
"Exam Edge - Act now and save 10% on AAFCS Service Industry Practice Tests","Exam Edge","Exam Edge is a leading provider of online test preparation for your AAFCS Service Industry certifications. Our exams are content focused helping you become as prepared as possible for your certification exam. We want you to walk out of the real exam confident and knowing that your time preparing with ExamEdge.com was a success!",15.00%,https://www.dpbolvw.net/click-100179843-13344584-1608148945000,https://www.ExamEdge.com/FCS,13344584,"Text Link",SAVE-AAFC,Coupon,"2018-05-01 21:00:00","2025-05-24 21:00:00"
"Exam Edge - Act now and save 10% on FTCE Teaching Practice Tests","Exam Edge","Exam Edge is a leading provider of online test preparation for your FTCE Teaching certifications. Our exams are content focused helping you become as prepared as possible for your certification exam. We want you to walk out of the real exam confident and knowing that your time preparing with ExamEdge.com was a success!",15.00%,https://www.jdoqocy.com/click-100179843-13344590-1608148945000,https://www.ExamEdge.com/FTCE,13344590,"Text Link",SAVE-FTCE,Coupon,"2018-05-01 21:00:00","2025-05-24 21:00:00"
"Exam Edge - Act now and save 10% on GED High School Practice Tests","Exam Edge","Exam Edge is a leading provider of online test preparation for your GED High School certifications. Our exams are content focused helping you become as prepared as possible for your certification exam. We want you to walk out of the real exam confident and knowing that your time preparing with ExamEdge.com was a success!",15.00%,https://www.tkqlhce.com/click-100179843-13344592-1608148945000,https://www.ExamEdge.com/GED,13344592,"Text Link",SAVE-GED,Coupon,"2018-05-01 21:00:00","2025-05-24 21:00:00"
"Exam Edge - Act now and save 10% on NASM Fitness Practice Tests","Exam Edge","Exam Edge is a leading provider of online test preparation for your NASM Fitness certifications. Our exams are content focused helping you become as prepared as possible for your certification exam. We want you to walk out of the real exam confident and knowing that your time preparing with ExamEdge.com was a success!",15.00%,https://www.jdoqocy.com/click-100179843-13344617-1608148945000,https://www.ExamEdge.com/NASM,13344617,"Text Link",SAVE-NASM,Coupon,"2018-05-01 21:00:00","2025-05-24 21:00:00"
"Exam Edge - Act now and save 10% on School Nurses Healthcare Practice Tests","Exam Edge","Exam Edge is a leading provider of online test preparation for your School Nurses Healthcare certifications. Our exams are content focused helping you become as prepared as possible for your certification exam. We want you to walk out of the real exam confident and knowing that your time preparing with ExamEdge.com was a success!",15.00%,https://www.jdoqocy.com/click-100179843-13344618-1608148945000,https://www.ExamEdge.com/NBCSN,13344618,"Text Link",SAVE-Scho,Coupon,"2018-05-01 21:00:00","2025-05-24 21:00:00"
"Exam Edge FINRA Financial Certifications - Save 10%","Exam Edge","Exam Edge is a leading provider of online test preparation for your FINRA Financial certifications. Our exams are content focused helping you become as prepared as possible for your certification exam. We want you to walk out of the real exam confident and knowing that your time preparing with ExamEdge.com was a success!",15.00%,https://www.anrdoezrs.net/click-100179843-13331263-1608148945000,https://www.ExamEdge.com/FINRA,13331263,"Text Link",SAVE-CJ10,Coupon,"2018-05-01 21:00:00","2025-05-24 21:00:00"
"Exam Edge GACE Teaching Certifications - Save 10%","Exam Edge","Exam Edge is a leading provider of online test preparation for your GACE Teaching certifications. Our exams are content focused helping you become as prepared as possible for your certification exam. We want you to walk out of the real exam confident and knowing that your time preparing with ExamEdge.com was a success!",15.00%,https://www.kqzyfj.com/click-100179843-13331265-1608148945000,https://www.ExamEdge.com/GACE,13331265,"Text Link",SAVE-CJ10,Coupon,"2018-05-01 21:00:00","2025-05-24 21:00:00"
"Exam Edge MTEL Teaching Certifications - Save 10%","Exam Edge","Exam Edge is a leading provider of online test preparation for your MTEL Teaching certifications. Our exams are content focused helping you become as prepared as possible for your certification exam. We want you to walk out of the real exam confident and knowing that your time preparing with ExamEdge.com was a success!",15.00%,https://www.kqzyfj.com/click-100179843-13331274-1608148945000,https://www.ExamEdge.com/MTEL,13331274,"Text Link",SAVE-CJ10,Coupon,"2018-05-01 21:00:00","2025-05-24 21:00:00"
"Exam Edge CDA Healthcare Certifications - Save 10%","Exam Edge","Exam Edge is a leading provider of online test preparation for your CDA Healthcare certifications. Our exams are content focused helping you become as prepared as possible for your certification exam. We want you to walk out of the real exam confident and knowing that your time preparing with ExamEdge.com was a success!",15.00%,https://www.dpbolvw.net/click-100179843-13331153-1608148945000,https://www.ExamEdge.com/CDA,13331153,"Text Link",SAVE-CJ10,Coupon,"2018-05-01 21:00:00","2025-05-24 21:00:00"
"Exam Edge NCSTATE Teaching Certifications - Save 10%","Exam Edge","Exam Edge is a leading provider of online test preparation for your NCSTATE Teaching certifications. Our exams are content focused helping you become as prepared as possible for your certification exam. We want you to walk out of the real exam confident and knowing that your time preparing with ExamEdge.com was a success!",15.00%,https://www.kqzyfj.com/click-100179843-13331184-1608148945000,https://www.ExamEdge.com/NCSTATE,13331184,"Text Link",SAVE-CJ10,Coupon,"2018-05-01 21:00:00","2025-05-24 21:00:00"
"Exam Edge PMI Business Certifications - Save 10%","Exam Edge","Exam Edge is a leading provider of online test preparation for your PMI Business certifications. Our exams are content focused helping you become as prepared as possible for your certification exam. We want you to walk out of the real exam confident and knowing that your time preparing with ExamEdge.com was a success!",15.00%,https://www.kqzyfj.com/click-100179843-13331211-1608148945000,https://www.ExamEdge.com/PMI,13331211,"Text Link",SAVE-CJ10,Coupon,"2018-05-01 21:00:00","2025-05-24 21:00:00"
"Exam Edge NBCC Healthcare Certifications - Save 10%","Exam Edge","Exam Edge is a leading provider of online test preparation for your NBCC Healthcare certifications. Our exams are content focused helping you become as prepared as possible for your certification exam. We want you to walk out of the real exam confident and knowing that your time preparing with ExamEdge.com was a success!",15.00%,https://www.dpbolvw.net/click-100179843-13331281-1608148945000,https://www.ExamEdge.com/NBCC,13331281,"Text Link",SAVE-CJ10,Coupon,"2018-05-01 21:00:00","2025-05-24 21:00:00"
"Exam Edge CEOE Teaching Certifications - Save 10%","Exam Edge","Exam Edge is a leading provider of online test preparation for your CEOE Teaching certifications. Our exams are content focused helping you become as prepared as possible for your certification exam. We want you to walk out of the real exam confident and knowing that your time preparing with ExamEdge.com was a success!",15.00%,https://www.kqzyfj.com/click-100179843-13331299-1608148945000,https://www.ExamEdge.com/CEOE,13331299,"Text Link",SAVE-CJ10,Coupon,"2018-05-01 21:00:00","2025-05-24 21:00:00"
"Exam Edge - Act now and save 10% on AAPAIN Healthcare Practice Tests","Exam Edge","Exam Edge is a leading provider of online test preparation for your AAPAIN Healthcare certifications. Our exams are content focused helping you become as prepared as possible for your certification exam. We want you to walk out of the real exam confident and knowing that your time preparing with ExamEdge.com was a success!",15.00%,https://www.tkqlhce.com/click-100179843-13344336-1608148945000,https://www.ExamEdge.com/AIPM,13344336,"Text Link",SAVE-AAPA,Coupon,"2018-05-01 21:00:00","2025-05-24 21:00:00"
"Exam Edge - Act now and save 10% on DHA International Practice Tests","Exam Edge","Exam Edge is a leading provider of online test preparation for your DHA International certifications. Our exams are content focused helping you become as prepared as possible for your certification exam. We want you to walk out of the real exam confident and knowing that your time preparing with ExamEdge.com was a success!",15.00%,https://www.anrdoezrs.net/click-100179843-13344402-1608148945000,https://www.ExamEdge.com/DHA,13344402,"Text Link",SAVE-DHA,Coupon,"2018-05-01 21:00:00","2025-05-24 21:00:00"
"Exam Edge - Act now and save 10% on FMCSA (CDL/CME) Government Practice Tests","Exam Edge","Exam Edge is a leading provider of online test preparation for your FMCSA (CDL/CME) Government certifications. Our exams are content focused helping you become as prepared as possible for your certification exam. We want you to walk out of the real exam confident and knowing that your time preparing with ExamEdge.com was a success!",15.00%,https://www.kqzyfj.com/click-100179843-13344405-1608148945000,https://www.ExamEdge.com/FMCSA,13344405,"Text Link",SAVE-FMCS,Coupon,"2018-05-01 21:00:00","2025-05-24 21:00:00"
"Exam Edge - Act now and save 10% on HOBET Healthcare Practice Tests","Exam Edge","Exam Edge is a leading provider of online test preparation for your HOBET Healthcare certifications. Our exams are content focused helping you become as prepared as possible for your certification exam. We want you to walk out of the real exam confident and knowing that your time preparing with ExamEdge.com was a success!",15.00%,https://www.jdoqocy.com/click-100179843-13344416-1608148945000,https://www.ExamEdge.com/HOBET,13344416,"Text Link",SAVE-HOBE,Coupon,"2018-05-01 21:00:00","2025-05-24 21:00:00"
"Exam Edge - Act now and save 10% on AAVSB Veterinary Practice Tests","Exam Edge","Exam Edge is a leading provider of online test preparation for your AAVSB Veterinary certifications. Our exams are content focused helping you become as prepared as possible for your certification exam. We want you to walk out of the real exam confident and knowing that your time preparing with ExamEdge.com was a success!",15.00%,https://www.kqzyfj.com/click-100179843-13344338-1608148945000,https://www.ExamEdge.com/AAVSB,13344338,"Text Link",SAVE-AAVS,Coupon,"2018-05-01 21:00:00","2025-05-24 21:00:00"
"Exam Edge - Act now and save 10% on ADC International Practice Tests","Exam Edge","Exam Edge is a leading provider of online test preparation for your ADC International certifications. Our exams are content focused helping you become as prepared as possible for your certification exam. We want you to walk out of the real exam confident and knowing that your time preparing with ExamEdge.com was a success!",15.00%,https://www.anrdoezrs.net/click-100179843-13344343-1608148945000,https://www.ExamEdge.com/ADC,13344343,"Text Link",SAVE-ADC,Coupon,"2018-05-01 21:00:00","2025-05-24 21:00:00"
"Exam Edge - Act now and save 10% on ASPT Healthcare Practice Tests","Exam Edge","Exam Edge is a leading provider of online test preparation for your ASPT Healthcare certifications. Our exams are content focused helping you become as prepared as possible for your certification exam. We want you to walk out of the real exam confident and knowing that your time preparing with ExamEdge.com was a success!",15.00%,https://www.kqzyfj.com/click-100179843-13344356-1608148945000,https://www.ExamEdge.com/ASPT,13344356,"Text Link",SAVE-ASPT,Coupon,"2018-05-01 21:00:00","2025-05-24 21:00:00"
"Exam Edge - Act now and save 10% on CCM Healthcare Practice Tests","Exam Edge","Exam Edge is a leading provider of online test preparation for your CCM Healthcare certifications. Our exams are content focused helping you become as prepared as possible for your certification exam. We want you to walk out of the real exam confident and knowing that your time preparing with ExamEdge.com was a success!",15.00%,https://www.kqzyfj.com/click-100179843-13344381-1608148945000,https://www.ExamEdge.com/CMAC,13344381,"Text Link",SAVE-CCM,Coupon,"2018-05-01 21:00:00","2025-05-24 21:00:00"
"Exam Edge - Act now and save 10% on BCNS Nutrition Practice Tests","Exam Edge","Exam Edge is a leading provider of online test preparation for your BCNS Nutrition certifications. Our exams are content focused helping you become as prepared as possible for your certification exam. We want you to walk out of the real exam confident and knowing that your time preparing with ExamEdge.com was a success!",15.00%,https://www.dpbolvw.net/click-100179843-13344386-1608148945000,https://www.ExamEdge.com/CBNS,13344386,"Text Link",SAVE-BCNS,Coupon,"2018-05-01 21:00:00","2025-05-24 21:00:00"
"Exam Edge - Act now and save 10% on CGFNS� International Practice Tests","Exam Edge","Exam Edge is a leading provider of online test preparation for your CGFNS� International certifications. Our exams are content focused helping you become as prepared as possible for your certification exam. We want you to walk out of the real exam confident and knowing that your time preparing with ExamEdge.com was a success!",15.00%,https://www.jdoqocy.com/click-100179843-13344393-1608148945000,https://www.ExamEdge.com/CGFNS,13344393,"Text Link",SAVE-CGFN,Coupon,"2018-05-01 21:00:00","2025-05-24 21:00:00"
"Exam Edge - Act now and save 10% on AONE Nursing Practice Tests","Exam Edge","Exam Edge is a leading provider of online test preparation for your AONE Nursing certifications. Our exams are content focused helping you become as prepared as possible for your certification exam. We want you to walk out of the real exam confident and knowing that your time preparing with ExamEdge.com was a success!",15.00%,https://www.dpbolvw.net/click-100179843-13344358-1608148945000,https://www.ExamEdge.com/AONE,13344358,"Text Link",SAVE-AONE,Coupon,"2018-05-01 21:00:00","2025-05-24 21:00:00"
"Exam Edge - Act now and save 10% on MTLE Teaching Practice Tests","Exam Edge","Exam Edge is a leading provider of online test preparation for your MTLE Teaching certifications. Our exams are content focused helping you become as prepared as possible for your certification exam. We want you to walk out of the real exam confident and knowing that your time preparing with ExamEdge.com was a success!",15.00%,https://www.anrdoezrs.net/click-100179843-13344434-1608148945000,https://www.ExamEdge.com/MTLE,13344434,"Text Link",SAVE-MTLE,Coupon,"2018-05-01 21:00:00","2025-05-24 21:00:00"
"Exam Edge - Act now and save 10% on NAECB Healthcare Practice Tests","Exam Edge","Exam Edge is a leading provider of online test preparation for your NAECB Healthcare certifications. Our exams are content focused helping you become as prepared as possible for your certification exam. We want you to walk out of the real exam confident and knowing that your time preparing with ExamEdge.com was a success!",15.00%,https://www.jdoqocy.com/click-100179843-13344435-1608148945000,https://www.ExamEdge.com/NAECB,13344435,"Text Link",SAVE-NAEC,Coupon,"2018-05-01 21:00:00","2025-05-24 21:00:00"
"Exam Edge - Act now and save 10% on ASCO (OAT) Optometry Practice Tests","Exam Edge","Exam Edge is a leading provider of online test preparation for your ASCO (OAT) Optometry certifications. Our exams are content focused helping you become as prepared as possible for your certification exam. We want you to walk out of the real exam confident and knowing that your time preparing with ExamEdge.com was a success!",15.00%,https://www.kqzyfj.com/click-100179843-13344368-1608148945000,https://www.ExamEdge.com/ASCO,13344368,"Text Link",SAVE-ASCO,Coupon,"2018-05-01 21:00:00","2025-05-24 21:00:00"
"Exam Edge - Act now and save 10% on ACCUPLACER College Placement Practice Tests","Exam Edge","Exam Edge is a leading provider of online test preparation for your ACCUPLACER College Placement certifications. Our exams are content focused helping you become as prepared as possible for your certification exam. We want you to walk out of the real exam confident and knowing that your time preparing with ExamEdge.com was a success!",15.00%,https://www.dpbolvw.net/click-100179843-13344339-1608148945000,https://www.ExamEdge.com/Accuplacer,13344339,"Text Link",SAVE-ACCU,Coupon,"2018-05-01 21:00:00","2025-05-24 21:00:00"
"Exam Edge - Act now and save 10% on NBDE Dental Practice Tests","Exam Edge","Exam Edge is a leading provider of online test preparation for your NBDE Dental certifications. Our exams are content focused helping you become as prepared as possible for your certification exam. We want you to walk out of the real exam confident and knowing that your time preparing with ExamEdge.com was a success!",15.00%,https://www.jdoqocy.com/click-100179843-13344447-1608148945000,https://www.ExamEdge.com/NBDE,13344447,"Text Link",SAVE-NBDE,Coupon,"2018-05-01 21:00:00","2025-05-24 21:00:00"
"Exam Edge - Act now and save 10% on NAVTA Veterinary Practice Tests","Exam Edge","Exam Edge is a leading provider of online test preparation for your NAVTA Veterinary certifications. Our exams are content focused helping you become as prepared as possible for your certification exam. We want you to walk out of the real exam confident and knowing that your time preparing with ExamEdge.com was a success!",15.00%,https://www.jdoqocy.com/click-100179843-13344467-1608148945000,https://www.ExamEdge.com/NAVTA,13344467,"Text Link",SAVE-NAVT,Coupon,"2018-05-01 21:00:00","2025-05-24 21:00:00"
"Exam Edge - Act now and save 10% on NSCA Fitness Practice Tests","Exam Edge","Exam Edge is a leading provider of online test preparation for your NSCA Fitness certifications. Our exams are content focused helping you become as prepared as possible for your certification exam. We want you to walk out of the real exam confident and knowing that your time preparing with ExamEdge.com was a success!",15.00%,https://www.dpbolvw.net/click-100179843-13344468-1608148945000,https://www.ExamEdge.com/NSCA,13344468,"Text Link",SAVE-NSCA,Coupon,"2018-05-01 21:00:00","2025-05-24 21:00:00"
"Exam Edge Pharmacy Technician Certifications - Save 10%","Exam Edge","Exam Edge is a leading provider of online test preparation for Pharmacy Technician certifications. We offer practice exams covering 9 subjects. Our exams are content focused helping you become as prepared as possible for your certification exam. We want you to walk out of the real exam confident and knowing that your time preparing with ExamEdge.com was a success!",15.00%,https://www.kqzyfj.com/click-100179843-13275948-1608148945000,https://www.ExamEdge.com/PharmacyTech,13275948,"Text Link",SAVE-CJ10,Coupon,"2018-03-23 13:00:00","2022-03-23 13:00:00"
"Exam Edge NBSTSA Healthcare Certifications - Save 10%","Exam Edge","Exam Edge is a leading provider of online test preparation for your NBSTSA Healthcare certifications. Our exams are content focused helping you become as prepared as possible for your certification exam. We want you to walk out of the real exam confident and knowing that your time preparing with ExamEdge.com was a success!",15.00%,https://www.dpbolvw.net/click-100179843-13331276-1608148945000,https://www.ExamEdge.com/NBSTSA,13331276,"Text Link",SAVE-CJ10,Coupon,"2018-05-01 21:00:00","2025-05-24 21:00:00"
"Exam Edge NCSTATE Teaching Certifications - Save 10%","Exam Edge","Exam Edge is a leading provider of online test preparation for your NCSTATE Teaching certifications. Our exams are content focused helping you become as prepared as possible for your certification exam. We want you to walk out of the real exam confident and knowing that your time preparing with ExamEdge.com was a success!",15.00%,https://www.dpbolvw.net/click-100179843-13331282-1608148945000,https://www.ExamEdge.com/NCSTATE,13331282,"Text Link",SAVE-CJ10,Coupon,"2018-05-01 21:00:00","2025-05-24 21:00:00"
"Exam Edge NOCTI Dental Certifications - Save 10%","Exam Edge","Exam Edge is a leading provider of online test preparation for your NOCTI Dental certifications. Our exams are content focused helping you become as prepared as possible for your certification exam. We want you to walk out of the real exam confident and knowing that your time preparing with ExamEdge.com was a success!",15.00%,https://www.dpbolvw.net/click-100179843-13331289-1608148945000,https://www.ExamEdge.com/NOCTI,13331289,"Text Link",SAVE-CJ10,Coupon,"2018-05-01 21:00:00","2025-05-24 21:00:00"
"Exam Edge PECT Teaching Certifications - Save 10%","Exam Edge","Exam Edge is a leading provider of online test preparation for your PECT Teaching certifications. Our exams are content focused helping you become as prepared as possible for your certification exam. We want you to walk out of the real exam confident and knowing that your time preparing with ExamEdge.com was a success!",15.00%,https://www.kqzyfj.com/click-100179843-13331305-1608148945000,https://www.ExamEdge.com/PECT,13331305,"Text Link",SAVE-CJ10,Coupon,"2018-05-01 21:00:00","2025-05-24 21:00:00"
"Exam Edge PSB Healthcare Certifications - Save 10%","Exam Edge","Exam Edge is a leading provider of online test preparation for your PSB Healthcare certifications. Our exams are content focused helping you become as prepared as possible for your certification exam. We want you to walk out of the real exam confident and knowing that your time preparing with ExamEdge.com was a success!",15.00%,https://www.dpbolvw.net/click-100179843-13331310-1608148945000,https://www.ExamEdge.com/PSB,13331310,"Text Link",SAVE-CJ10,Coupon,"2018-05-01 21:00:00","2025-05-24 21:00:00"
"Exam Edge ABCTE Teaching Certifications - Save 10%","Exam Edge","Exam Edge is a leading provider of online test preparation for your ABCTE Teaching certifications. Our exams are content focused helping you become as prepared as possible for your certification exam. We want you to walk out of the real exam confident and knowing that your time preparing with ExamEdge.com was a success!",15.00%,https://www.dpbolvw.net/click-100179843-13331132-1608148945000,https://www.ExamEdge.com/ABTCE,13331132,"Text Link",SAVE-CJ10,Coupon,"2018-05-01 21:00:00","2025-05-24 21:00:00"
"Exam Edge NCHEC Healthcare Certifications - Save 10%","Exam Edge","Exam Edge is a leading provider of online test preparation for your NCHEC Healthcare certifications. Our exams are content focused helping you become as prepared as possible for your certification exam. We want you to walk out of the real exam confident and knowing that your time preparing with ExamEdge.com was a success!",15.00%,https://www.kqzyfj.com/click-100179843-13331186-1608148945000,https://www.examedge.com/NCHEC,13331186,"Text Link",SAVE-CJ10,Coupon,"2018-05-01 21:00:00","2025-05-24 21:00:00"
"Exam Edge THEA College Placement Certifications - Save 10%","Exam Edge","Exam Edge is a leading provider of online test preparation for your THEA College Placement certifications. Our exams are content focused helping you become as prepared as possible for your certification exam. We want you to walk out of the real exam confident and knowing that your time preparing with ExamEdge.com was a success!",15.00%,https://www.anrdoezrs.net/click-100179843-13331221-1608148945000,https://www.ExamEdge.com/THEA,13331221,"Text Link",SAVE-CJ10,Coupon,"2018-05-01 21:00:00","2025-05-24 21:00:00"
"Exam Edge CSMLS Canadian Certifications - Save 10%","Exam Edge","Exam Edge is a leading provider of online test preparation for your CSMLS Canadian certifications. Our exams are content focused helping you become as prepared as possible for your certification exam. We want you to walk out of the real exam confident and knowing that your time preparing with ExamEdge.com was a success!",15.00%,https://www.dpbolvw.net/click-100179843-13331247-1608148945000,https://www.ExamEdge.com/CSMLS,13331247,"Text Link",SAVE-CJ10,Coupon,"2018-05-01 21:00:00","2025-05-24 21:00:00"
"Exam Edge NCMA Healthcare Certifications - Save 10%","Exam Edge","Exam Edge is a leading provider of online test preparation for your NCMA Healthcare certifications. Our exams are content focused helping you become as prepared as possible for your certification exam. We want you to walk out of the real exam confident and knowing that your time preparing with ExamEdge.com was a success!",15.00%,https://www.jdoqocy.com/click-100179843-13331180-1608148945000,https://www.ExamEdge.com/NCMA,13331180,"Text Link",SAVE-CJ10,Coupon,"2018-05-01 21:00:00","2025-05-24 21:00:00"
"Exam Edge CTC Teaching Certifications - Save 10%","Exam Edge","Exam Edge is a leading provider of online test preparation for your CTC Teaching certifications. Our exams are content focused helping you become as prepared as possible for your certification exam. We want you to walk out of the real exam confident and knowing that your time preparing with ExamEdge.com was a success!",15.00%,https://www.jdoqocy.com/click-100179843-13331257-1608148945000,https://www.ExamEdge.com/CSET,13331257,"Text Link",SAVE-CJ10,Coupon,"2018-05-01 21:00:00","2025-05-24 21:00:00"
"Exam Edge ACT College Placement Certifications - Save 10%","Exam Edge","Exam Edge is a leading provider of online test preparation for your ACT College Placement certifications. Our exams are content focused helping you become as prepared as possible for your certification exam. We want you to walk out of the real exam confident and knowing that your time preparing with ExamEdge.com was a success!",15.00%,https://www.tkqlhce.com/click-100179843-13331107-1608148945000,https://www.ExamEdge.com/ASSET,13331107,"Text Link",SAVE-CJ10,Coupon,"2018-05-01 21:00:00","2025-05-24 21:00:00"
"Exam Edge NYSTCE Teaching Certifications - Save 10%","Exam Edge","Exam Edge is a leading provider of online test preparation for your NYSTCE Teaching certifications. Our exams are content focused helping you become as prepared as possible for your certification exam. We want you to walk out of the real exam confident and knowing that your time preparing with ExamEdge.com was a success!",15.00%,https://www.tkqlhce.com/click-100179843-13331297-1608148945000,https://www.ExamEdge.com/CST,13331297,"Text Link",SAVE-CJ10,Coupon,"2018-05-01 21:00:00","2025-05-24 21:00:00"
"Exam Edge PNCB Healthcare Certifications - Save 10%","Exam Edge","Exam Edge is a leading provider of online test preparation for your PNCB Healthcare certifications. Our exams are content focused helping you become as prepared as possible for your certification exam. We want you to walk out of the real exam confident and knowing that your time preparing with ExamEdge.com was a success!",15.00%,https://www.jdoqocy.com/click-100179843-13331304-1608148945000,https://www.ExamEdge.com/PNCB,13331304,"Text Link",SAVE-CJ10,Coupon,"2018-05-01 21:00:00","2025-05-24 21:00:00"
"Exam Edge WEST Teaching Certifications - Save 10%","Exam Edge","Exam Edge is a leading provider of online test preparation for your WEST Teaching certifications. Our exams are content focused helping you become as prepared as possible for your certification exam. We want you to walk out of the real exam confident and knowing that your time preparing with ExamEdge.com was a success!",15.00%,https://www.tkqlhce.com/click-100179843-13331324-1608148945000,https://www.ExamEdge.com/WESTE,13331324,"Text Link",SAVE-CJ10,Coupon,"2018-05-01 21:00:00","2025-05-24 21:00:00"
"Exam Edge Praxis / Parapro Teaching Certifications - Save 10%","Exam Edge","Exam Edge is a leading provider of online test preparation for your Praxis / Parapro Teaching certifications. Our exams are content focused helping you become as prepared as possible for your certification exam. We want you to walk out of the real exam confident and knowing that your time preparing with ExamEdge.com was a success!",15.00%,https://www.anrdoezrs.net/click-100179843-13331308-1608148945000,https://www.ExamEdge.com/PRAXIS,13331308,"Text Link",SAVE-CJ10,Coupon,"2018-05-01 21:00:00","2025-05-24 21:00:00"
"Exam Edge IAHCSMM Healthcare Certifications - Save 10%","Exam Edge","Exam Edge is a leading provider of online test preparation for your IAHCSMM Healthcare certifications. Our exams are content focused helping you become as prepared as possible for your certification exam. We want you to walk out of the real exam confident and knowing that your time preparing with ExamEdge.com was a success!",15.00%,https://www.tkqlhce.com/click-100179843-13331318-1608148945000,https://www.ExamEdge.com/IAHCSMM,13331318,"Text Link",SAVE-CJ10,Coupon,"2018-05-01 21:00:00","2025-05-24 21:00:00"
"Exam Edge NCC Healthcare Certifications - Save 10%","Exam Edge","Exam Edge is a leading provider of online test preparation for your NCC Healthcare certifications. Our exams are content focused helping you become as prepared as possible for your certification exam. We want you to walk out of the real exam confident and knowing that your time preparing with ExamEdge.com was a success!",15.00%,https://www.kqzyfj.com/click-100179843-13331185-1608148945000,https://www.ExamEdge.com/NCC,13331185,"Text Link",SAVE-CJ10,Coupon,"2018-05-01 21:00:00","2025-05-24 21:00:00"
"Exam Edge ASWB Healthcare Certifications - Save 10%","Exam Edge","Exam Edge is a leading provider of online test preparation for your ASWB Healthcare certifications. Our exams are content focused helping you become as prepared as possible for your certification exam. We want you to walk out of the real exam confident and knowing that your time preparing with ExamEdge.com was a success!",15.00%,https://www.anrdoezrs.net/click-100179843-13331242-1608148945000,https://www.ExamEdge.com/ASWB,13331242,"Text Link",SAVE-CJ10,Coupon,"2018-05-01 21:00:00","2025-05-24 21:00:00"
"Exam Edge AEPA Teaching Certifications - Save 10%","Exam Edge","Exam Edge is a leading provider of online test preparation for your AEPA Teaching certifications. Our exams are content focused helping you become as prepared as possible for your certification exam. We want you to walk out of the real exam confident and knowing that your time preparing with ExamEdge.com was a success!",15.00%,https://www.jdoqocy.com/click-100179843-13331104-1608148945000,https://www.ExamEdge.com/AEPA,13331104,"Text Link",SAVE-CJ10,Coupon,"2018-05-01 21:00:00","2025-05-24 21:00:00"
"Exam Edge CDA Healthcare Certifications - Save 10%","Exam Edge","Exam Edge is a leading provider of online test preparation for your CDA Healthcare certifications. Our exams are content focused helping you become as prepared as possible for your certification exam. We want you to walk out of the real exam confident and knowing that your time preparing with ExamEdge.com was a success!",15.00%,https://www.tkqlhce.com/click-100179843-13331118-1608148945000,https://www.ExamEdge.com/CDA,13331118,"Text Link",SAVE-CJ10,Coupon,"2018-05-01 21:00:00","2025-05-24 21:00:00"
"Exam Edge ASCP Medical Laboratory Certifications - Save 10%","Exam Edge","Exam Edge is a leading provider of online test preparation for your ASCP Medical Laboratory certifications. Our exams are content focused helping you become as prepared as possible for your certification exam. We want you to walk out of the real exam confident and knowing that your time preparing with ExamEdge.com was a success!",15.00%,https://www.dpbolvw.net/click-100179843-13331136-1608148945000,https://www.ExamEdge.com/ASCP,13331136,"Text Link",SAVE-CJ10,Coupon,"2018-05-01 21:00:00","2025-05-24 21:00:00"
"Exam Edge PNCB Healthcare Certifications - Save 10%","Exam Edge","Exam Edge is a leading provider of online test preparation for your PNCB Healthcare certifications. Our exams are content focused helping you become as prepared as possible for your certification exam. We want you to walk out of the real exam confident and knowing that your time preparing with ExamEdge.com was a success!",15.00%,https://www.dpbolvw.net/click-100179843-13331206-1608148945000,https://www.ExamEdge.com/PNCB,13331206,"Text Link",SAVE-CJ10,Coupon,"2018-05-01 21:00:00","2025-05-24 21:00:00"
"Exam Edge CCB Healthcare Certifications - Save 10%","Exam Edge","Exam Edge is a leading provider of online test preparation for your CCB Healthcare certifications. Our exams are content focused helping you become as prepared as possible for your certification exam. We want you to walk out of the real exam confident and knowing that your time preparing with ExamEdge.com was a success!",15.00%,https://www.dpbolvw.net/click-100179843-13331255-1608148945000,https://www.ExamEdge.com/CBC,13331255,"Text Link",SAVE-CJ10,Coupon,"2018-05-01 21:00:00","2025-05-24 21:00:00"
"Exam Edge International Certifications - Save 10%","Exam Edge","Exam Edge is a leading provider of online test preparation for International certifications. We offer practice exams covering 197 subjects. Our exams are content focused helping you become as prepared as possible for your certification exam. We want you to walk out of the real exam confident and knowing that your time preparing with ExamEdge.com was a success!",15.00%,https://www.kqzyfj.com/click-100179843-13275932-1608148945000,https://www.examedge.com/international/,13275932,"Text Link",SAVE-CJ10,Coupon,"2018-03-23 13:00:00","2025-03-23 13:00:00"
"Exam Edge - save 10%","Exam Edge","Exam Edge is a leading provider of online certification prep tests.  We offer practice exams in over 20 industries covering over 1800 subjects.  Our exams are content focused helping you become as prepared as possible for your certification exam. We want you to walk out of the real exam confident and knowing that your time preparing with ExamEdge.com was a success!",15.00%,https://www.tkqlhce.com/click-100179843-13277782-1608148945000,https://www.examedge.com,13277782,Banner,SAVE-CJ10,Coupon,"2018-03-21 10:00:00","2025-03-21 21:00:00"
"Exam Edge - save 10%","Exam Edge","Exam Edge is a leading provider of online certification prep tests.  We offer practice exams in over 20 industries covering over 1800 subjects.  Our exams are content focused helping you become as prepared as possible for your certification exam. We want you to walk out of the real exam confident and knowing that your time preparing with ExamEdge.com was a success!",15.00%,https://www.anrdoezrs.net/click-100179843-13277799-1608148945000,https://www.examedge.com,13277799,Banner,SAVE-CJ10,Coupon,"2018-03-21 10:00:00","2025-03-21 21:00:00"
"Exam Edge Teaching Certifications - Save 10%","Exam Edge","Save 10% with promo code SAVE-CJ10 on Exam Edge's online certification prep tests for teachers. We offer practice exams covering over 1100 subjects. Our exams are content focused helping you become as prepared as possible for your certification exam. We want you to walk out of the real exam confident and knowing that your time preparing with ExamEdge.com was a success!",15.00%,https://www.kqzyfj.com/click-100179843-13278847-1608148945000,https://www.examedge.com/teaching,13278847,Banner,SAVE-CJ10,Coupon,"2018-03-24 21:00:00","2022-03-25 21:00:00"
"Exam Edge Radiology Certifications - Save 10%","Exam Edge","Exam Edge is a leading provider of online test preparation for Radiology certifications. We offer practice exams covering 12 subjects. Our exams are content focused helping you become as prepared as possible for your certification exam. We want you to walk out of the real exam confident and knowing that your time preparing with ExamEdge.com was a success!
",15.00%,https://www.dpbolvw.net/click-100179843-13280356-1608148945000,https://www.examedge.com/Radiology/,13280356,Banner,SAVE-CJ10,Coupon,"2019-03-21 10:00:00","2022-05-21 21:00:00"
"Exam Edge Radiology Certifications - Save 10%","Exam Edge","Exam Edge is a leading provider of online test preparation for Radiology certifications. We offer practice exams covering 12 subjects. Our exams are content focused helping you become as prepared as possible for your certification exam. We want you to walk out of the real exam confident and knowing that your time preparing with ExamEdge.com was a success!
",15.00%,https://www.tkqlhce.com/click-100179843-13280359-1608148945000,https://www.examedge.com/Radiology/,13280359,Banner,SAVE-CJ10,Coupon,"2019-03-21 10:00:00","2022-05-21 21:00:00"
"Exam Edge Health Care - Save 10%","Exam Edge","Exam Edge is a leading provider of online certification prep tests for Healthcare. We offer practice exams covering over 400 subjects. Our exams are content focused helping you become as prepared as possible for your certification exam. We want you to walk out of the real exam confident and knowing that your time preparing with ExamEdge.com was a success!",15.00%,https://www.jdoqocy.com/click-100179843-13280184-1608148945000,https://www.examedge.com/healthcare,13280184,Banner,SAVE-CJ10,Coupon,"2019-03-21 10:00:00","2022-05-21 21:00:00"
"Exam Edge Radiology Certifications - Save 10%","Exam Edge","Exam Edge is a leading provider of online test preparation for Radiology certifications. We offer practice exams covering 12 subjects. Our exams are content focused helping you become as prepared as possible for your certification exam. We want you to walk out of the real exam confident and knowing that your time preparing with ExamEdge.com was a success!
",15.00%,https://www.kqzyfj.com/click-100179843-13280360-1608148945000,https://www.examedge.com/Radiology/,13280360,Banner,SAVE-CJ10,Coupon,"2019-03-21 10:00:00","2022-05-21 21:00:00"
"Exam Edge - Act now and save 10% on AACN Nursing Practice Tests","Exam Edge","Exam Edge is a leading provider of online test preparation for your AACN Nursing certifications. Our exams are content focused helping you become as prepared as possible for your certification exam. We want you to walk out of the real exam confident and knowing that your time preparing with ExamEdge.com was a success!",15.00%,https://www.jdoqocy.com/click-100179843-13344350-1608148945000,https://www.ExamEdge.com/AACN,13344350,"Text Link",SAVE-AACN,Coupon,"2018-05-01 21:00:00","2025-05-24 21:00:00"
"Exam Edge - Act now and save 10% on ARRT Radiology Practice Tests","Exam Edge","Exam Edge is a leading provider of online test preparation for your ARRT Radiology certifications. Our exams are content focused helping you become as prepared as possible for your certification exam. We want you to walk out of the real exam confident and knowing that your time preparing with ExamEdge.com was a success!",15.00%,https://www.jdoqocy.com/click-100179843-13344362-1608148945000,https://www.ExamEdge.com/ARRT,13344362,"Text Link",SAVE-ARRT,Coupon,"2018-05-01 21:00:00","2025-05-24 21:00:00"
"Exam Edge - Act now and save 10% on FINRA Financial Practice Tests","Exam Edge","Exam Edge is a leading provider of online test preparation for your FINRA Financial certifications. Our exams are content focused helping you become as prepared as possible for your certification exam. We want you to walk out of the real exam confident and knowing that your time preparing with ExamEdge.com was a success!",15.00%,https://www.jdoqocy.com/click-100179843-13344408-1608148945000,https://www.ExamEdge.com/FINRA,13344408,"Text Link",SAVE-FINR,Coupon,"2018-05-01 21:00:00","2025-05-24 21:00:00"
"Exam Edge - Act now and save 10% on GHSGT High School Practice Tests","Exam Edge","Exam Edge is a leading provider of online test preparation for your GHSGT High School certifications. Our exams are content focused helping you become as prepared as possible for your certification exam. We want you to walk out of the real exam confident and knowing that your time preparing with ExamEdge.com was a success!",15.00%,https://www.kqzyfj.com/click-100179843-13344413-1608148945000,https://www.ExamEdge.com/GHSGT,13344413,"Text Link",SAVE-GHSG,Coupon,"2018-05-01 21:00:00","2025-05-24 21:00:00"
"Exam Edge - Act now and save 10% on HRCI Business Practice Tests","Exam Edge","Exam Edge is a leading provider of online test preparation for your HRCI Business certifications. Our exams are content focused helping you become as prepared as possible for your certification exam. We want you to walk out of the real exam confident and knowing that your time preparing with ExamEdge.com was a success!",15.00%,https://www.tkqlhce.com/click-100179843-13344417-1608148945000,https://www.ExamEdge.com/HRIC,13344417,"Text Link",SAVE-HRCI,Coupon,"2018-05-01 21:00:00","2025-05-24 21:00:00"
"Exam Edge - Act now and save 10% on ILTS Teaching Practice Tests","Exam Edge","Exam Edge is a leading provider of online test preparation for your ILTS Teaching certifications. Our exams are content focused helping you become as prepared as possible for your certification exam. We want you to walk out of the real exam confident and knowing that your time preparing with ExamEdge.com was a success!",15.00%,https://www.anrdoezrs.net/click-100179843-13344420-1608148945000,https://www.ExamEdge.com/ILTS,13344420,"Text Link",SAVE-ILTS,Coupon,"2018-05-01 21:00:00","2025-05-24 21:00:00"
"Exam Edge - Act now and save 10% on MAOB Healthcare Practice Tests","Exam Edge","Exam Edge is a leading provider of online test preparation for your MAOB Healthcare certifications. Our exams are content focused helping you become as prepared as possible for your certification exam. We want you to walk out of the real exam confident and knowing that your time preparing with ExamEdge.com was a success!",15.00%,https://www.tkqlhce.com/click-100179843-13344426-1608148945000,https://www.ExamEdge.com/MAOB,13344426,"Text Link",SAVE-MAOB,Coupon,"2018-05-01 21:00:00","2025-05-24 21:00:00"
"Exam Edge - Act now and save 10% on CHSPE High School Practice Tests","Exam Edge","Exam Edge is a leading provider of online test preparation for your CHSPE High School certifications. Our exams are content focused helping you become as prepared as possible for your certification exam. We want you to walk out of the real exam confident and knowing that your time preparing with ExamEdge.com was a success!",15.00%,https://www.kqzyfj.com/click-100179843-13344375-1608148945000,https://www.ExamEdge.com/CHSPE,13344375,"Text Link",SAVE-CHSP,Coupon,"2018-05-01 21:00:00","2025-05-24 21:00:00"
"Exam Edge - Act now and save 10% on CTC Teaching Practice Tests","Exam Edge","Exam Edge is a leading provider of online test preparation for your CTC Teaching certifications. Our exams are content focused helping you become as prepared as possible for your certification exam. We want you to walk out of the real exam confident and knowing that your time preparing with ExamEdge.com was a success!",15.00%,https://www.jdoqocy.com/click-100179843-13344394-1608148945000,https://www.ExamEdge.com/CTC,13344394,"Text Link",SAVE-CTC,Coupon,"2018-05-01 21:00:00","2025-05-24 21:00:00"
"Exam Edge - Act now and save 10% on FTCE Teaching Practice Tests","Exam Edge","Exam Edge is a leading provider of online test preparation for your FTCE Teaching certifications. Our exams are content focused helping you become as prepared as possible for your certification exam. We want you to walk out of the real exam confident and knowing that your time preparing with ExamEdge.com was a success!",15.00%,https://www.jdoqocy.com/click-100179843-13344409-1608148945000,https://www.ExamEdge.com/FTCE,13344409,"Text Link",SAVE-FTCE,Coupon,"2018-05-01 21:00:00","2025-05-24 21:00:00"
"Exam Edge - Act now and save 10% on JCAHPO Optometry Practice Tests","Exam Edge","Exam Edge is a leading provider of online test preparation for your JCAHPO Optometry certifications. Our exams are content focused helping you become as prepared as possible for your certification exam. We want you to walk out of the real exam confident and knowing that your time preparing with ExamEdge.com was a success!",15.00%,https://www.dpbolvw.net/click-100179843-13344425-1608148945000,https://www.ExamEdge.com/JCAHPO,13344425,"Text Link",SAVE-JCAH,Coupon,"2018-05-01 21:00:00","2025-05-24 21:00:00"
"Exam Edge - Act now and save 10% on ASVAB Government Practice Tests","Exam Edge","Exam Edge is a leading provider of online test preparation for your ASVAB Government certifications. Our exams are content focused helping you become as prepared as possible for your certification exam. We want you to walk out of the real exam confident and knowing that your time preparing with ExamEdge.com was a success!",15.00%,https://www.tkqlhce.com/click-100179843-13344371-1608148945000,https://www.ExamEdge.com/ASVAB,13344371,"Text Link",SAVE-ASVA,Coupon,"2018-05-01 21:00:00","2025-05-24 21:00:00"
"Exam Edge - Act now and save 10% on AFPA Fitness Practice Tests","Exam Edge","Exam Edge is a leading provider of online test preparation for your AFPA Fitness certifications. Our exams are content focused helping you become as prepared as possible for your certification exam. We want you to walk out of the real exam confident and knowing that your time preparing with ExamEdge.com was a success!",15.00%,https://www.kqzyfj.com/click-100179843-13344345-1608148945000,https://www.ExamEdge.com/AFPA,13344345,"Text Link",SAVE-AFPA,Coupon,"2018-05-01 21:00:00","2025-05-24 21:00:00"
"Exam Edge - Act now and save 10% on AHSGE High School Practice Tests","Exam Edge","Exam Edge is a leading provider of online test preparation for your AHSGE High School certifications. Our exams are content focused helping you become as prepared as possible for your certification exam. We want you to walk out of the real exam confident and knowing that your time preparing with ExamEdge.com was a success!",15.00%,https://www.tkqlhce.com/click-100179843-13344499-1608148945000,https://www.ExamEdge.com/AHSGE,13344499,"Text Link",SAVE-AHSG,Coupon,"2018-05-01 21:00:00","2025-05-24 21:00:00"
"Exam Edge - Act now and save 10% on SSAT High School Practice Tests","Exam Edge","Exam Edge is a leading provider of online test preparation for your SSAT High School certifications. Our exams are content focused helping you become as prepared as possible for your certification exam. We want you to walk out of the real exam confident and knowing that your time preparing with ExamEdge.com was a success!",15.00%,https://www.anrdoezrs.net/click-100179843-13344527-1608148945000,https://www.ExamEdge.com/SSAT,13344527,"Text Link",SAVE-SSAT,Coupon,"2018-05-01 21:00:00","2025-05-24 21:00:00"
"Exam Edge - Act now and save 10% on SNB International Practice Tests","Exam Edge","Exam Edge is a leading provider of online test preparation for your SNB International certifications. Our exams are content focused helping you become as prepared as possible for your certification exam. We want you to walk out of the real exam confident and knowing that your time preparing with ExamEdge.com was a success!",15.00%,https://www.tkqlhce.com/click-100179843-13344533-1608148945000,https://www.ExamEdge.com/SNB,13344533,"Text Link",SAVE-SNB,Coupon,"2018-05-01 21:00:00","2025-05-24 21:00:00"
"Exam Edge - Act now and save 10% on TEXES Teaching Practice Tests","Exam Edge","Exam Edge is a leading provider of online test preparation for your TEXES Teaching certifications. Our exams are content focused helping you become as prepared as possible for your certification exam. We want you to walk out of the real exam confident and knowing that your time preparing with ExamEdge.com was a success!",15.00%,https://www.tkqlhce.com/click-100179843-13344547-1608148945000,https://www.ExamEdge.com/TEXES,13344547,"Text Link",SAVE-TEXE,Coupon,"2018-05-01 21:00:00","2025-05-24 21:00:00"
"Exam Edge - Act now and save 10% on CHSPE High School Practice Tests","Exam Edge","Exam Edge is a leading provider of online test preparation for your CHSPE High School certifications. Our exams are content focused helping you become as prepared as possible for your certification exam. We want you to walk out of the real exam confident and knowing that your time preparing with ExamEdge.com was a success!",15.00%,https://www.tkqlhce.com/click-100179843-13344556-1608148945000,https://www.ExamEdge.com/CHSPE,13344556,"Text Link",SAVE-CHSP,Coupon,"2018-05-01 21:00:00","2025-05-24 21:00:00"
"Exam Edge - Act now and save 10% on DAT Dental Practice Tests","Exam Edge","Exam Edge is a leading provider of online test preparation for your DAT Dental certifications. Our exams are content focused helping you become as prepared as possible for your certification exam. We want you to walk out of the real exam confident and knowing that your time preparing with ExamEdge.com was a success!",15.00%,https://www.kqzyfj.com/click-100179843-13344581-1608148945000,https://www.ExamEdge.com/DAT,13344581,"Text Link",SAVE-DAT,Coupon,"2018-05-01 21:00:00","2025-05-24 21:00:00"
"Exam Edge - Act now and save 10% on HESI� Healthcare Practice Tests","Exam Edge","Exam Edge is a leading provider of online test preparation for your HESI� Healthcare certifications. Our exams are content focused helping you become as prepared as possible for your certification exam. We want you to walk out of the real exam confident and knowing that your time preparing with ExamEdge.com was a success!",15.00%,https://www.kqzyfj.com/click-100179843-13344596-1608148945000,https://www.ExamEdge.com/HESI,13344596,"Text Link",SAVE-HESI,Coupon,"2018-05-01 21:00:00","2025-05-24 21:00:00"
"Exam Edge - Act now and save 10% on NES Teaching Practice Tests","Exam Edge","Exam Edge is a leading provider of online test preparation for your NES Teaching certifications. Our exams are content focused helping you become as prepared as possible for your certification exam. We want you to walk out of the real exam confident and knowing that your time preparing with ExamEdge.com was a success!",15.00%,https://www.anrdoezrs.net/click-100179843-13344638-1608148945000,https://www.ExamEdge.com/NES,13344638,"Text Link",SAVE-NES,Coupon,"2018-05-01 21:00:00","2025-05-24 21:00:00"
"Exam Edge - Act now and save 10% on NACE Healthcare Practice Tests","Exam Edge","Exam Edge is a leading provider of online test preparation for your NACE Healthcare certifications. Our exams are content focused helping you become as prepared as possible for your certification exam. We want you to walk out of the real exam confident and knowing that your time preparing with ExamEdge.com was a success!",15.00%,https://www.anrdoezrs.net/click-100179843-13344648-1608148945000,https://www.ExamEdge.com/NACE,13344648,"Text Link",SAVE-NACE,Coupon,"2018-05-01 21:00:00","2025-05-24 21:00:00"
"Exam Edge - Act now and save 10% on PMI Business Practice Tests","Exam Edge","Exam Edge is a leading provider of online test preparation for your PMI Business certifications. Our exams are content focused helping you become as prepared as possible for your certification exam. We want you to walk out of the real exam confident and knowing that your time preparing with ExamEdge.com was a success!",15.00%,https://www.dpbolvw.net/click-100179843-13344670-1608148945000,https://www.ExamEdge.com/PMI,13344670,"Text Link",SAVE-PMI,Coupon,"2018-05-01 21:00:00","2025-05-24 21:00:00"
"Exam Edge - Act now and save 10% on AFAA Fitness Practice Tests","Exam Edge","Exam Edge is a leading provider of online test preparation for your AFAA Fitness certifications. Our exams are content focused helping you become as prepared as possible for your certification exam. We want you to walk out of the real exam confident and knowing that your time preparing with ExamEdge.com was a success!",15.00%,https://www.dpbolvw.net/click-100179843-13344494-1608148945000,https://www.ExamEdge.com/AFAA,13344494,"Text Link",SAVE-AFAA,Coupon,"2018-05-01 21:00:00","2025-05-24 21:00:00"
"Exam Edge - Act now and save 10% on WEST Teaching Practice Tests","Exam Edge","Exam Edge is a leading provider of online test preparation for your WEST Teaching certifications. Our exams are content focused helping you become as prepared as possible for your certification exam. We want you to walk out of the real exam confident and knowing that your time preparing with ExamEdge.com was a success!",15.00%,https://www.jdoqocy.com/click-100179843-13344552-1608148945000,https://www.ExamEdge.com/WESTB,13344552,"Text Link",SAVE-WEST,Coupon,"2018-05-01 21:00:00","2025-05-24 21:00:00"
"Exam Edge - Act now and save 10% on SNB International Practice Tests","Exam Edge","Exam Edge is a leading provider of online test preparation for your SNB International certifications. Our exams are content focused helping you become as prepared as possible for your certification exam. We want you to walk out of the real exam confident and knowing that your time preparing with ExamEdge.com was a success!",15.00%,https://www.tkqlhce.com/click-100179843-13344679-1608148945000,https://www.ExamEdge.com/SNB,13344679,"Text Link",SAVE-SNB,Coupon,"2018-05-01 21:00:00","2025-05-24 21:00:00"
"Exam Edge - Act now and save 10% on WAEC International Practice Tests","Exam Edge","Exam Edge is a leading provider of online test preparation for your WAEC International certifications. Our exams are content focused helping you become as prepared as possible for your certification exam. We want you to walk out of the real exam confident and knowing that your time preparing with ExamEdge.com was a success!",15.00%,https://www.tkqlhce.com/click-100179843-13344689-1608148945000,https://www.ExamEdge.com/WAEC,13344689,"Text Link",SAVE-WAEC,Coupon,"2018-05-01 21:00:00","2025-05-24 21:00:00"
"Exam Edge - Act now and save 10% on DHA International Practice Tests","Exam Edge","Exam Edge is a leading provider of online test preparation for your DHA International certifications. Our exams are content focused helping you become as prepared as possible for your certification exam. We want you to walk out of the real exam confident and knowing that your time preparing with ExamEdge.com was a success!",15.00%,https://www.tkqlhce.com/click-100179843-13344583-1608148945000,https://www.ExamEdge.com/DHA,13344583,"Text Link",SAVE-DHA,Coupon,"2018-05-01 21:00:00","2025-05-24 21:00:00"
"Exam Edge - Act now and save 10% on PSB Healthcare Practice Tests","Exam Edge","Exam Edge is a leading provider of online test preparation for your PSB Healthcare certifications. Our exams are content focused helping you become as prepared as possible for your certification exam. We want you to walk out of the real exam confident and knowing that your time preparing with ExamEdge.com was a success!",15.00%,https://www.kqzyfj.com/click-100179843-13344671-1608148945000,https://www.ExamEdge.com/PSB,13344671,"Text Link",SAVE-PSB,Coupon,"2018-05-01 21:00:00","2025-05-24 21:00:00"
"Exam Edge - Act now and save 10% on NARM Healthcare Practice Tests","Exam Edge","Exam Edge is a leading provider of online test preparation for your NARM Healthcare certifications. Our exams are content focused helping you become as prepared as possible for your certification exam. We want you to walk out of the real exam confident and knowing that your time preparing with ExamEdge.com was a success!",15.00%,https://www.kqzyfj.com/click-100179843-13344463-1608148945000,https://www.ExamEdge.com/NARM,13344463,"Text Link",SAVE-NARM,Coupon,"2018-05-01 21:00:00","2025-05-24 21:00:00"
"Exam Edge - Act now and save 10% on KAPLAN High School Practice Tests","Exam Edge","Exam Edge is a leading provider of online test preparation for your KAPLAN High School certifications. Our exams are content focused helping you become as prepared as possible for your certification exam. We want you to walk out of the real exam confident and knowing that your time preparing with ExamEdge.com was a success!",15.00%,https://www.dpbolvw.net/click-100179843-13344466-1608148945000,https://www.ExamEdge.com/KAPLAN,13344466,"Text Link",SAVE-KAPL,Coupon,"2018-05-01 21:00:00","2025-05-24 21:00:00"
"Exam Edge - Act now and save 10% on NACE Healthcare Practice Tests","Exam Edge","Exam Edge is a leading provider of online test preparation for your NACE Healthcare certifications. Our exams are content focused helping you become as prepared as possible for your certification exam. We want you to walk out of the real exam confident and knowing that your time preparing with ExamEdge.com was a success!",15.00%,https://www.kqzyfj.com/click-100179843-13344470-1608148945000,https://www.ExamEdge.com/NACE,13344470,"Text Link",SAVE-NACE,Coupon,"2018-05-01 21:00:00","2025-05-24 21:00:00"
"Exam Edge - Act now and save 10% on FSBPT Healthcare Practice Tests","Exam Edge","Exam Edge is a leading provider of online test preparation for your FSBPT Healthcare certifications. Our exams are content focused helping you become as prepared as possible for your certification exam. We want you to walk out of the real exam confident and knowing that your time preparing with ExamEdge.com was a success!",15.00%,https://www.tkqlhce.com/click-100179843-13344587-1608148945000,https://www.ExamEdge.com/FSBPT,13344587,"Text Link",SAVE-FSBP,Coupon,"2018-05-01 21:00:00","2025-05-24 21:00:00"
"Exam Edge - Act now and save 10% on ISCD Radiology Practice Tests","Exam Edge","Exam Edge is a leading provider of online test preparation for your ISCD Radiology certifications. Our exams are content focused helping you become as prepared as possible for your certification exam. We want you to walk out of the real exam confident and knowing that your time preparing with ExamEdge.com was a success!",15.00%,https://www.dpbolvw.net/click-100179843-13344604-1608148945000,https://www.ExamEdge.com/ISCD,13344604,"Text Link",SAVE-ISCD,Coupon,"2018-05-01 21:00:00","2025-05-24 21:00:00"
"Exam Edge - Act now and save 10% on MTTC Teaching Practice Tests","Exam Edge","Exam Edge is a leading provider of online test preparation for your MTTC Teaching certifications. Our exams are content focused helping you become as prepared as possible for your certification exam. We want you to walk out of the real exam confident and knowing that your time preparing with ExamEdge.com was a success!",15.00%,https://www.tkqlhce.com/click-100179843-13344609-1608148945000,https://www.ExamEdge.com/MTTC,13344609,"Text Link",SAVE-MTTC,Coupon,"2018-05-01 21:00:00","2025-05-24 21:00:00"
"Exam Edge - Act now and save 10% on NCBDE Healthcare Practice Tests","Exam Edge","Exam Edge is a leading provider of online test preparation for your NCBDE Healthcare certifications. Our exams are content focused helping you become as prepared as possible for your certification exam. We want you to walk out of the real exam confident and knowing that your time preparing with ExamEdge.com was a success!",15.00%,https://www.jdoqocy.com/click-100179843-13344630-1608148945000,https://www.ExamEdge.com/NCBDE,13344630,"Text Link",SAVE-NCBD,Coupon,"2018-05-01 21:00:00","2025-05-24 21:00:00"
"Exam Edge - Act now and save 10% on PCAT Pharmacy Technician Practice Tests","Exam Edge","Exam Edge is a leading provider of online test preparation for your PCAT Pharmacy Technician certifications. Our exams are content focused helping you become as prepared as possible for your certification exam. We want you to walk out of the real exam confident and knowing that your time preparing with ExamEdge.com was a success!",15.00%,https://www.anrdoezrs.net/click-100179843-13344666-1608148945000,https://www.ExamEdge.com/PCAT,13344666,"Text Link",SAVE-PCAT,Coupon,"2018-05-01 21:00:00","2025-05-24 21:00:00"
"Exam Edge - Act now and save 10% on NMBI International Practice Tests","Exam Edge","Exam Edge is a leading provider of online test preparation for your NMBI International certifications. Our exams are content focused helping you become as prepared as possible for your certification exam. We want you to walk out of the real exam confident and knowing that your time preparing with ExamEdge.com was a success!",15.00%,https://www.jdoqocy.com/click-100179843-13344472-1608148945000,https://www.ExamEdge.com/NBMI,13344472,"Text Link",SAVE-NMBI,Coupon,"2018-05-01 21:00:00","2025-05-24 21:00:00"
"Exam Edge - Act now and save 10% on VCLA Teaching Practice Tests","Exam Edge","Exam Edge is a leading provider of online test preparation for your VCLA Teaching certifications. Our exams are content focused helping you become as prepared as possible for your certification exam. We want you to walk out of the real exam confident and knowing that your time preparing with ExamEdge.com was a success!",15.00%,https://www.tkqlhce.com/click-100179843-13344688-1608148945000,https://www.ExamEdge.com/VCLA,13344688,"Text Link",SAVE-VCLA,Coupon,"2018-05-01 21:00:00","2025-05-24 21:00:00"
"Exam Edge - Act now and save 10% on Civil Service Government Practice Tests","Exam Edge","Exam Edge is a leading provider of online test preparation for your Civil Service Government certifications. Our exams are content focused helping you become as prepared as possible for your certification exam. We want you to walk out of the real exam confident and knowing that your time preparing with ExamEdge.com was a success!",15.00%,https://www.jdoqocy.com/click-100179843-13344570-1608148945000,https://www.ExamEdge.com/CivilService,13344570,"Text Link",SAVE-Civi,Coupon,"2018-05-01 21:00:00","2025-05-24 21:00:00"
"Exam Edge - Act now and save 10% on CCB Healthcare Practice Tests","Exam Edge","Exam Edge is a leading provider of online test preparation for your CCB Healthcare certifications. Our exams are content focused helping you become as prepared as possible for your certification exam. We want you to walk out of the real exam confident and knowing that your time preparing with ExamEdge.com was a success!",15.00%,https://www.anrdoezrs.net/click-100179843-13344577-1608148945000,https://www.ExamEdge.com/CBC,13344577,"Text Link",SAVE-CCB,Coupon,"2018-05-01 21:00:00","2025-05-24 21:00:00"
"Exam Edge - Act now and save 10% on MOH Saudi Arabia International Practice Tests","Exam Edge","Exam Edge is a leading provider of online test preparation for your MOH Saudi Arabia International certifications. Our exams are content focused helping you become as prepared as possible for your certification exam. We want you to walk out of the real exam confident and knowing that your time preparing with ExamEdge.com was a success!",15.00%,https://www.anrdoezrs.net/click-100179843-13344612-1608148945000,https://www.ExamEdge.com/MOH,13344612,"Text Link",SAVE-MOH,Coupon,"2018-05-01 21:00:00","2025-05-24 21:00:00"
"Exam Edge - Act now and save 10% on MTLE Teaching Practice Tests","Exam Edge","Exam Edge is a leading provider of online test preparation for your MTLE Teaching certifications. Our exams are content focused helping you become as prepared as possible for your certification exam. We want you to walk out of the real exam confident and knowing that your time preparing with ExamEdge.com was a success!",15.00%,https://www.dpbolvw.net/click-100179843-13344615-1608148945000,https://www.ExamEdge.com/MTLE,13344615,"Text Link",SAVE-MTLE,Coupon,"2018-05-01 21:00:00","2025-05-24 21:00:00"
"Exam Edge - Act now and save 10% on NDAEB Dental Practice Tests","Exam Edge","Exam Edge is a leading provider of online test preparation for your NDAEB Dental certifications. Our exams are content focused helping you become as prepared as possible for your certification exam. We want you to walk out of the real exam confident and knowing that your time preparing with ExamEdge.com was a success!",15.00%,https://www.anrdoezrs.net/click-100179843-13344622-1608148945000,https://www.ExamEdge.com/NDAEB,13344622,"Text Link",SAVE-NDAE,Coupon,"2018-05-01 21:00:00","2025-05-24 21:00:00"
"Exam Edge - Act now and save 10% on NLN Nursing Practice Tests","Exam Edge","Exam Edge is a leading provider of online test preparation for your NLN Nursing certifications. Our exams are content focused helping you become as prepared as possible for your certification exam. We want you to walk out of the real exam confident and knowing that your time preparing with ExamEdge.com was a success!",15.00%,https://www.dpbolvw.net/click-100179843-13344625-1608148945000,https://www.ExamEdge.com/NLN,13344625,"Text Link",SAVE-NLN,Coupon,"2018-05-01 21:00:00","2025-05-24 21:00:00"
"Exam Edge - Act now and save 10% on ATS Teaching Practice Tests","Exam Edge","Exam Edge is a leading provider of online test preparation for your ATS Teaching certifications. Our exams are content focused helping you become as prepared as possible for your certification exam. We want you to walk out of the real exam confident and knowing that your time preparing with ExamEdge.com was a success!",15.00%,https://www.dpbolvw.net/click-100179843-13344484-1608148945000,https://www.ExamEdge.com/ATSW,13344484,"Text Link",SAVE-ATS,Coupon,"2018-05-01 21:00:00","2025-05-24 21:00:00"
"Exam Edge - Act now and save 10% on PSB Healthcare Practice Tests","Exam Edge","Exam Edge is a leading provider of online test preparation for your PSB Healthcare certifications. Our exams are content focused helping you become as prepared as possible for your certification exam. We want you to walk out of the real exam confident and knowing that your time preparing with ExamEdge.com was a success!",15.00%,https://www.anrdoezrs.net/click-100179843-13344514-1608148945000,https://www.ExamEdge.com/PSB,13344514,"Text Link",SAVE-PSB,Coupon,"2018-05-01 21:00:00","2025-05-24 21:00:00"
"Exam Edge - Act now and save 10% on ARRT Radiology Practice Tests","Exam Edge","Exam Edge is a leading provider of online test preparation for your ARRT Radiology certifications. Our exams are content focused helping you become as prepared as possible for your certification exam. We want you to walk out of the real exam confident and knowing that your time preparing with ExamEdge.com was a success!",15.00%,https://www.tkqlhce.com/click-100179843-13344529-1608148945000,https://www.ExamEdge.com/ARRT,13344529,"Text Link",SAVE-ARRT,Coupon,"2018-05-01 21:00:00","2025-05-24 21:00:00"
"Exam Edge - Act now and save 10% on ASHA Healthcare Practice Tests","Exam Edge","Exam Edge is a leading provider of online test preparation for your ASHA Healthcare certifications. Our exams are content focused helping you become as prepared as possible for your certification exam. We want you to walk out of the real exam confident and knowing that your time preparing with ExamEdge.com was a success!",15.00%,https://www.kqzyfj.com/click-100179843-13344535-1608148945000,https://www.ExamEdge.com/ASHA,13344535,"Text Link",SAVE-ASHA,Coupon,"2018-05-01 21:00:00","2025-05-24 21:00:00"
"Exam Edge - Act now and save 10% on WEST Teaching Practice Tests","Exam Edge","Exam Edge is a leading provider of online test preparation for your WEST Teaching certifications. Our exams are content focused helping you become as prepared as possible for your certification exam. We want you to walk out of the real exam confident and knowing that your time preparing with ExamEdge.com was a success!",15.00%,https://www.jdoqocy.com/click-100179843-13344555-1608148945000,https://www.ExamEdge.com/WEST,13344555,"Text Link",SAVE-WEST,Coupon,"2018-05-01 21:00:00","2025-05-24 21:00:00"
"Exam Edge - Act now and save 10% on SANC International Practice Tests","Exam Edge","Exam Edge is a leading provider of online test preparation for your SANC International certifications. Our exams are content focused helping you become as prepared as possible for your certification exam. We want you to walk out of the real exam confident and knowing that your time preparing with ExamEdge.com was a success!",15.00%,https://www.dpbolvw.net/click-100179843-13344680-1608148945000,https://www.ExamEdge.com/SANC,13344680,"Text Link",SAVE-SANC,Coupon,"2018-05-01 21:00:00","2025-05-24 21:00:00"
"Exam Edge - Act now and save 10% on TEXES Teaching Practice Tests","Exam Edge","Exam Edge is a leading provider of online test preparation for your TEXES Teaching certifications. Our exams are content focused helping you become as prepared as possible for your certification exam. We want you to walk out of the real exam confident and knowing that your time preparing with ExamEdge.com was a success!",15.00%,https://www.tkqlhce.com/click-100179843-13344687-1608148945000,https://www.ExamEdge.com/TEXES,13344687,"Text Link",SAVE-TEXE,Coupon,"2018-05-01 21:00:00","2025-05-24 21:00:00"
"Exam Edge - Act now and save 10% on NBCOT Healthcare Practice Tests","Exam Edge","Exam Edge is a leading provider of online test preparation for your NBCOT Healthcare certifications. Our exams are content focused helping you become as prepared as possible for your certification exam. We want you to walk out of the real exam confident and knowing that your time preparing with ExamEdge.com was a success!",15.00%,https://www.jdoqocy.com/click-100179843-13344446-1608148945000,https://www.ExamEdge.com/NBCOT,13344446,"Text Link",SAVE-NBCO,Coupon,"2018-05-01 21:00:00","2025-05-24 21:00:00"
"Exam Edge - Act now and save 10% on NETA Fitness Practice Tests","Exam Edge","Exam Edge is a leading provider of online test preparation for your NETA Fitness certifications. Our exams are content focused helping you become as prepared as possible for your certification exam. We want you to walk out of the real exam confident and knowing that your time preparing with ExamEdge.com was a success!",15.00%,https://www.anrdoezrs.net/click-100179843-13344459-1608148945000,https://www.ExamEdge.com/NETA,13344459,"Text Link",SAVE-NETA,Coupon,"2018-05-01 21:00:00","2025-05-24 21:00:00"
"Exam Edge - Act now and save 10% on AAVSB Veterinary Practice Tests","Exam Edge","Exam Edge is a leading provider of online test preparation for your AAVSB Veterinary certifications. Our exams are content focused helping you become as prepared as possible for your certification exam. We want you to walk out of the real exam confident and knowing that your time preparing with ExamEdge.com was a success!",15.00%,https://www.anrdoezrs.net/click-100179843-13344480-1608148945000,https://www.ExamEdge.com/AAVSB,13344480,"Text Link",SAVE-AAVS,Coupon,"2018-05-01 21:00:00","2025-05-24 21:00:00"
"Exam Edge - Act now and save 10% on ASCP Medical Laboratory Practice Tests","Exam Edge","Exam Edge is a leading provider of online test preparation for your ASCP Medical Laboratory certifications. Our exams are content focused helping you become as prepared as possible for your certification exam. We want you to walk out of the real exam confident and knowing that your time preparing with ExamEdge.com was a success!",15.00%,https://www.dpbolvw.net/click-100179843-13344517-1608148945000,https://www.ExamEdge.com/ASCP,13344517,"Text Link",SAVE-ASCP,Coupon,"2018-05-01 21:00:00","2025-05-24 21:00:00"
"Exam Edge - Act now and save 10% on NAECB Healthcare Practice Tests","Exam Edge","Exam Edge is a leading provider of online test preparation for your NAECB Healthcare certifications. Our exams are content focused helping you become as prepared as possible for your certification exam. We want you to walk out of the real exam confident and knowing that your time preparing with ExamEdge.com was a success!",15.00%,https://www.kqzyfj.com/click-100179843-13344616-1608148945000,https://www.ExamEdge.com/NAECB,13344616,"Text Link",SAVE-NAEC,Coupon,"2018-05-01 21:00:00","2025-05-24 21:00:00"
"Exam Edge - Act now and save 10% on SHRM Business Practice Tests","Exam Edge","Exam Edge is a leading provider of online test preparation for your SHRM Business certifications. Our exams are content focused helping you become as prepared as possible for your certification exam. We want you to walk out of the real exam confident and knowing that your time preparing with ExamEdge.com was a success!",15.00%,https://www.kqzyfj.com/click-100179843-13344678-1608148945000,https://www.ExamEdge.com/SHRM,13344678,"Text Link",SAVE-SHRM,Coupon,"2018-05-01 21:00:00","2025-05-24 21:00:00"
"Exam Edge - Act now and save 10% on CCI (cardio) Healthcare Practice Tests","Exam Edge","Exam Edge is a leading provider of online test preparation for your CCI (cardio) Healthcare certifications. Our exams are content focused helping you become as prepared as possible for your certification exam. We want you to walk out of the real exam confident and knowing that your time preparing with ExamEdge.com was a success!",15.00%,https://www.kqzyfj.com/click-100179843-13344561-1608148945000,https://www.ExamEdge.com/CCI,13344561,"Text Link",SAVE-CCI,Coupon,"2018-05-01 21:00:00","2025-05-24 21:00:00"
"Exam Edge - Act now and save 10% on CBASE Teaching Practice Tests","Exam Edge","Exam Edge is a leading provider of online test preparation for your CBASE Teaching certifications. Our exams are content focused helping you become as prepared as possible for your certification exam. We want you to walk out of the real exam confident and knowing that your time preparing with ExamEdge.com was a success!",15.00%,https://www.anrdoezrs.net/click-100179843-13344563-1608148945000,https://www.ExamEdge.com/CBASE,13344563,"Text Link",SAVE-CBAS,Coupon,"2018-05-01 21:00:00","2025-05-24 21:00:00"
"Exam Edge - Act now and save 10% on Cosmetology Service Industry Practice Tests","Exam Edge","Exam Edge is a leading provider of online test preparation for your Cosmetology Service Industry certifications. Our exams are content focused helping you become as prepared as possible for your certification exam. We want you to walk out of the real exam confident and knowing that your time preparing with ExamEdge.com was a success!",15.00%,https://www.kqzyfj.com/click-100179843-13344579-1608148945000,https://www.ExamEdge.com/COSM,13344579,"Text Link",SAVE-Cosm,Coupon,"2018-05-01 21:00:00","2025-05-24 21:00:00"
"Exam Edge - Act now and save 10% on NCSTATE Teaching Practice Tests","Exam Edge","Exam Edge is a leading provider of online test preparation for your NCSTATE Teaching certifications. Our exams are content focused helping you become as prepared as possible for your certification exam. We want you to walk out of the real exam confident and knowing that your time preparing with ExamEdge.com was a success!",15.00%,https://www.dpbolvw.net/click-100179843-13344629-1608148945000,https://www.ExamEdge.com/NCSTATE,13344629,"Text Link",SAVE-NCST,Coupon,"2018-05-01 21:00:00","2025-05-24 21:00:00"
"Exam Edge - Act now and save 10% on NCC Healthcare Practice Tests","Exam Edge","Exam Edge is a leading provider of online test preparation for your NCC Healthcare certifications. Our exams are content focused helping you become as prepared as possible for your certification exam. We want you to walk out of the real exam confident and knowing that your time preparing with ExamEdge.com was a success!",15.00%,https://www.tkqlhce.com/click-100179843-13344631-1608148945000,https://www.ExamEdge.com/NCC,13344631,"Text Link",SAVE-NCC,Coupon,"2018-05-01 21:00:00","2025-05-24 21:00:00"
"Exam Edge - Act now and save 10% on NARM Healthcare Practice Tests","Exam Edge","Exam Edge is a leading provider of online test preparation for your NARM Healthcare certifications. Our exams are content focused helping you become as prepared as possible for your certification exam. We want you to walk out of the real exam confident and knowing that your time preparing with ExamEdge.com was a success!",15.00%,https://www.tkqlhce.com/click-100179843-13344644-1608148945000,https://www.ExamEdge.com/NARM,13344644,"Text Link",SAVE-NARM,Coupon,"2018-05-01 21:00:00","2025-05-24 21:00:00"
"Exam Edge Canadian Nursing Canadian Certifications - Save 10%","Exam Edge","Exam Edge is a leading provider of online test preparation for your Canadian Nursing Canadian certifications. Our exams are content focused helping you become as prepared as possible for your certification exam. We want you to walk out of the real exam confident and knowing that your time preparing with ExamEdge.com was a success!",15.00%,https://www.tkqlhce.com/click-100179843-13331148-1608148945000,https://www.ExamEdge.com/CANurse,13331148,"Text Link",SAVE-CJ10,Coupon,"2018-05-01 21:00:00","2025-05-24 21:00:00"
"Exam Edge AAMI (ACI) Healthcare Certifications - Save 10%","Exam Edge","Exam Edge is a leading provider of online test preparation for your AAMI (ACI) Healthcare certifications. Our exams are content focused helping you become as prepared as possible for your certification exam. We want you to walk out of the real exam confident and knowing that your time preparing with ExamEdge.com was a success!",15.00%,https://www.dpbolvw.net/click-100179843-13331172-1608148945000,https://www.ExamEdge.com/AAMI,13331172,"Text Link",SAVE-CJ10,Coupon,"2018-05-01 21:00:00","2025-05-24 21:00:00"
"Exam Edge NREMT Healthcare Certifications - Save 10%","Exam Edge","Exam Edge is a leading provider of online test preparation for your NREMT Healthcare certifications. Our exams are content focused helping you become as prepared as possible for your certification exam. We want you to walk out of the real exam confident and knowing that your time preparing with ExamEdge.com was a success!",15.00%,https://www.dpbolvw.net/click-100179843-13331192-1608148945000,https://www.ExamEdge.com/NREMT,13331192,"Text Link",SAVE-CJ10,Coupon,"2018-05-01 21:00:00","2025-05-24 21:00:00"
"Exam Edge BCEN Misc Certifications - Save 10%","Exam Edge","Exam Edge is a leading provider of online test preparation for your BCEN Misc certifications. Our exams are content focused helping you become as prepared as possible for your certification exam. We want you to walk out of the real exam confident and knowing that your time preparing with ExamEdge.com was a success!",15.00%,https://www.dpbolvw.net/click-100179843-13331245-1608148945000,https://www.ExamEdge.com/BCEN,13331245,"Text Link",SAVE-CJ10,Coupon,"2018-05-01 21:00:00","2025-05-24 21:00:00"
"Exam Edge CTCE Teaching Certifications - Save 10%","Exam Edge","Exam Edge is a leading provider of online test preparation for your CTCE Teaching certifications. Our exams are content focused helping you become as prepared as possible for your certification exam. We want you to walk out of the real exam confident and knowing that your time preparing with ExamEdge.com was a success!",15.00%,https://www.anrdoezrs.net/click-100179843-13331258-1608148945000,https://www.ExamEdge.com/CTCE,13331258,"Text Link",SAVE-CJ10,Coupon,"2018-05-01 21:00:00","2025-05-24 21:00:00"
"Exam Edge KAPLAN High School Certifications - Save 10%","Exam Edge","Exam Edge is a leading provider of online test preparation for your KAPLAN High School certifications. Our exams are content focused helping you become as prepared as possible for your certification exam. We want you to walk out of the real exam confident and knowing that your time preparing with ExamEdge.com was a success!",15.00%,https://www.tkqlhce.com/click-100179843-13331094-1608148945000,https://www.ExamEdge.com/KAPLAN,13331094,"Text Link",SAVE-CJ10,Coupon,"2018-05-01 21:00:00","2025-05-24 21:00:00"
"Exam Edge DHA International Certifications - Save 10%","Exam Edge","Exam Edge is a leading provider of online test preparation for your DHA International certifications. Our exams are content focused helping you become as prepared as possible for your certification exam. We want you to walk out of the real exam confident and knowing that your time preparing with ExamEdge.com was a success!",15.00%,https://www.kqzyfj.com/click-100179843-13331162-1608148945000,https://www.ExamEdge.com/DHA,13331162,"Text Link",SAVE-CJ10,Coupon,"2018-05-01 21:00:00","2025-05-24 21:00:00"
"Exam Edge ISMOH International Certifications - Save 10%","Exam Edge","Exam Edge is a leading provider of online test preparation for your ISMOH International certifications. Our exams are content focused helping you become as prepared as possible for your certification exam. We want you to walk out of the real exam confident and knowing that your time preparing with ExamEdge.com was a success!",15.00%,https://www.anrdoezrs.net/click-100179843-13331171-1608148945000,https://www.ExamEdge.com/IsraelMOH,13331171,"Text Link",SAVE-CJ10,Coupon,"2018-05-01 21:00:00","2025-05-24 21:00:00"
"Exam Edge NLN Nursing Certifications - Save 10%","Exam Edge","Exam Edge is a leading provider of online test preparation for your NLN Nursing certifications. Our exams are content focused helping you become as prepared as possible for your certification exam. We want you to walk out of the real exam confident and knowing that your time preparing with ExamEdge.com was a success!",15.00%,https://www.jdoqocy.com/click-100179843-13331182-1608148945000,https://www.ExamEdge.com/NLN,13331182,"Text Link",SAVE-CJ10,Coupon,"2018-05-01 21:00:00","2025-05-24 21:00:00"
"Exam Edge PSAE High School Certifications - Save 10%","Exam Edge","Exam Edge is a leading provider of online test preparation for your PSAE High School certifications. Our exams are content focused helping you become as prepared as possible for your certification exam. We want you to walk out of the real exam confident and knowing that your time preparing with ExamEdge.com was a success!",15.00%,https://www.anrdoezrs.net/click-100179843-13331209-1608148945000,https://www.ExamEdge.com/PSAE,13331209,"Text Link",SAVE-CJ10,Coupon,"2018-05-01 21:00:00","2025-05-24 21:00:00"
"Exam Edge CCI (cardio) Healthcare Certifications - Save 10%","Exam Edge","Exam Edge is a leading provider of online test preparation for your CCI (cardio) Healthcare certifications. Our exams are content focused helping you become as prepared as possible for your certification exam. We want you to walk out of the real exam confident and knowing that your time preparing with ExamEdge.com was a success!",15.00%,https://www.anrdoezrs.net/click-100179843-13331248-1608148945000,https://www.ExamEdge.com/CCI,13331248,"Text Link",SAVE-CJ10,Coupon,"2018-05-01 21:00:00","2025-05-24 21:00:00"
"Exam Edge ABCTE Teaching Certifications - Save 10%","Exam Edge","Exam Edge is a leading provider of online test preparation for your ABCTE Teaching certifications. Our exams are content focused helping you become as prepared as possible for your certification exam. We want you to walk out of the real exam confident and knowing that your time preparing with ExamEdge.com was a success!",15.00%,https://www.jdoqocy.com/click-100179843-13331097-1608148945000,https://www.ExamEdge.com/ABTCE,13331097,"Text Link",SAVE-CJ10,Coupon,"2018-05-01 21:00:00","2025-05-24 21:00:00"
"Exam Edge ANMAC Healthcare Certifications - Save 10%","Exam Edge","Exam Edge is a leading provider of online test preparation for your ANMAC Healthcare certifications. Our exams are content focused helping you become as prepared as possible for your certification exam. We want you to walk out of the real exam confident and knowing that your time preparing with ExamEdge.com was a success!",15.00%,https://www.kqzyfj.com/click-100179843-13331111-1608148945000,https://www.ExamEdge.com/ANMAC,13331111,"Text Link",SAVE-CJ10,Coupon,"2018-05-01 21:00:00","2025-05-24 21:00:00"
"Exam Edge CCI (cardio) Healthcare Certifications - Save 10%","Exam Edge","Exam Edge is a leading provider of online test preparation for your CCI (cardio) Healthcare certifications. Our exams are content focused helping you become as prepared as possible for your certification exam. We want you to walk out of the real exam confident and knowing that your time preparing with ExamEdge.com was a success!",15.00%,https://www.dpbolvw.net/click-100179843-13331115-1608148945000,https://www.ExamEdge.com/CCI,13331115,"Text Link",SAVE-CJ10,Coupon,"2018-05-01 21:00:00","2025-05-24 21:00:00"
"Exam Edge CLAST College Placement Certifications - Save 10%","Exam Edge","Exam Edge is a leading provider of online test preparation for your CLAST College Placement certifications. Our exams are content focused helping you become as prepared as possible for your certification exam. We want you to walk out of the real exam confident and knowing that your time preparing with ExamEdge.com was a success!",15.00%,https://www.tkqlhce.com/click-100179843-13331155-1608148945000,https://www.ExamEdge.com/CLAST,13331155,"Text Link",SAVE-CJ10,Coupon,"2018-05-01 21:00:00","2025-05-24 21:00:00"
"Exam Edge NHA Healthcare Certifications - Save 10%","Exam Edge","Exam Edge is a leading provider of online test preparation for your NHA Healthcare certifications. Our exams are content focused helping you become as prepared as possible for your certification exam. We want you to walk out of the real exam confident and knowing that your time preparing with ExamEdge.com was a success!",15.00%,https://www.dpbolvw.net/click-100179843-13331181-1608148945000,https://www.ExamEdge.com/NHA,13331181,"Text Link",SAVE-CJ10,Coupon,"2018-05-01 21:00:00","2025-05-24 21:00:00"
"Exam Edge ASCO (OAT) Optometry Certifications - Save 10%","Exam Edge","Exam Edge is a leading provider of online test preparation for your ASCO (OAT) Optometry certifications. Our exams are content focused helping you become as prepared as possible for your certification exam. We want you to walk out of the real exam confident and knowing that your time preparing with ExamEdge.com was a success!",15.00%,https://www.anrdoezrs.net/click-100179843-13331108-1608148945000,https://www.ExamEdge.com/ASCO,13331108,"Text Link",SAVE-CJ10,Coupon,"2018-05-01 21:00:00","2025-05-24 21:00:00"
"Exam Edge Dental Certifications - Save 10%","Exam Edge","Exam Edge is a leading provider of online test preparation for Dental certifications. We offer practice exams covering 41 subjects. Our exams are content focused helping you become as prepared as possible for your certification exam. We want you to walk out of the real exam confident and knowing that your time preparing with ExamEdge.com was a success!",15.00%,https://www.jdoqocy.com/click-100179843-13275916-1608148945000,https://www.ExamEdge.com/Dental,13275916,"Text Link",SAVE-CJ10,Coupon,"2018-03-23 13:00:00","2025-03-23 13:00:00"
"Exam Edge Healthcare Certifications - Save 10%","Exam Edge","Exam Edge is a leading provider of online certification prep tests for Healthcare. We offer practice exams covering over 400 subjects. Our exams are content focused helping you become as prepared as possible for your certification exam. We want you to walk out of the real exam confident and knowing that your time preparing with ExamEdge.com was a success!",15.00%,https://www.anrdoezrs.net/click-100179843-13275926-1608148945000,https://www.ExamEdge.com/healthcare,13275926,"Text Link",SAVE-CJ10,Coupon,"2018-03-23 13:00:00","2025-03-23 13:00:00"
"Exam Edge - Act now and save 10% on CTCE Teaching Practice Tests","Exam Edge","Exam Edge is a leading provider of online test preparation for your CTCE Teaching certifications. Our exams are content focused helping you become as prepared as possible for your certification exam. We want you to walk out of the real exam confident and knowing that your time preparing with ExamEdge.com was a success!",15.00%,https://www.dpbolvw.net/click-100179843-13344399-1608148945000,https://www.ExamEdge.com/CTCE,13344399,"Text Link",SAVE-CTCE,Coupon,"2018-05-01 21:00:00","2025-05-24 21:00:00"
"Exam Edge - Act now and save 10% on FCAT Teaching Practice Tests","Exam Edge","Exam Edge is a leading provider of online test preparation for your FCAT Teaching certifications. Our exams are content focused helping you become as prepared as possible for your certification exam. We want you to walk out of the real exam confident and knowing that your time preparing with ExamEdge.com was a success!",15.00%,https://www.jdoqocy.com/click-100179843-13344404-1608148945000,https://www.ExamEdge.com/FCAT,13344404,"Text Link",SAVE-FCAT,Coupon,"2018-05-01 21:00:00","2025-05-24 21:00:00"
"Exam Edge Financial Certifications - Save 10%","Exam Edge","Exam Edge is a leading provider of online test preparation for Financial certifications. We offer practice exams covering 6 subjects. Our exams are content focused helping you become as prepared as possible for your certification exam. We want you to walk out of the real exam confident and knowing that your time preparing with ExamEdge.com was a success!",15.00%,https://www.dpbolvw.net/click-100179843-13275917-1608148945000,https://www.ExamEdge.com/Financial,13275917,"Text Link",SAVE-CJ10,Coupon,"2018-03-23 13:00:00","2025-03-23 13:00:00"
"Exam Edge Teaching Certifications - Save 10%","Exam Edge","Save 10% with promo code SAVE-CJ10 on Exam Edge's online certification prep tests for teachers. We offer practice exams covering over 1100 subjects. Our exams are content focused helping you become as prepared as possible for your certification exam. We want you to walk out of the real exam confident and knowing that your time preparing with ExamEdge.com was a success!",15.00%,https://www.jdoqocy.com/click-100179843-13276753-1608148945000,https://www.examedge.com/teaching,13276753,Banner,SAVE-CJ10,Coupon,"2018-03-24 21:00:00","2022-03-25 21:00:00"
"Exam Edge - save 10%","Exam Edge","Exam Edge is a leading provider of online certification prep tests.  We offer practice exams in over 20 industries covering over 1800 subjects.  Our exams are content focused helping you become as prepared as possible for your certification exam. We want you to walk out of the real exam confident and knowing that your time preparing with ExamEdge.com was a success!",15.00%,https://www.anrdoezrs.net/click-100179843-13277797-1608148945000,https://www.examedge.com,13277797,Banner,SAVE-CJ10,Coupon,"2018-03-21 10:00:00","2025-03-21 21:00:00"
"Exam Edge - save 10%","Exam Edge","Exam Edge is a leading provider of online certification prep tests.  We offer practice exams in over 20 industries covering over 1800 subjects.  Our exams are content focused helping you become as prepared as possible for your certification exam. We want you to walk out of the real exam confident and knowing that your time preparing with ExamEdge.com was a success!",15.00%,https://www.tkqlhce.com/click-100179843-13277798-1608148945000,https://www.examedge.com,13277798,Banner,SAVE-CJ10,Coupon,"2018-03-21 10:00:00","2025-03-21 21:00:00"
"Exam Edge - save 10%","Exam Edge","Exam Edge is a leading provider of online certification prep tests.  We offer practice exams in over 20 industries covering over 1800 subjects.  Our exams are content focused helping you become as prepared as possible for your certification exam. We want you to walk out of the real exam confident and knowing that your time preparing with ExamEdge.com was a success!",15.00%,https://www.kqzyfj.com/click-100179843-13277783-1608148945000,https://www.examedge.com,13277783,Banner,SAVE-CJ10,Coupon,"2018-03-21 10:00:00","2025-03-21 21:00:00"
"Exam Edge - save 10%","Exam Edge","Exam Edge is a leading provider of online certification prep tests.  We offer practice exams in over 20 industries covering over 1800 subjects.  Our exams are content focused helping you become as prepared as possible for your certification exam. We want you to walk out of the real exam confident and knowing that your time preparing with ExamEdge.com was a success!",15.00%,https://www.dpbolvw.net/click-100179843-13277788-1608148945000,https://www.examedge.com,13277788,Banner,SAVE-CJ10,Coupon,"2018-03-21 10:00:00","2025-03-21 21:00:00"
"Exam Edge Health Care - Save 10%","Exam Edge","Exam Edge is a leading provider of online certification prep tests for Healthcare. We offer practice exams covering over 400 subjects. Our exams are content focused helping you become as prepared as possible for your certification exam. We want you to walk out of the real exam confident and knowing that your time preparing with ExamEdge.com was a success!",15.00%,https://www.dpbolvw.net/click-100179843-13280188-1608148945000,https://www.examedge.com/healthcare,13280188,Banner,SAVE-CJ10,Coupon,"2019-03-21 10:00:00","2022-05-21 21:00:00"
"Exam Edge Health Care - Save 10%","Exam Edge","Exam Edge is a leading provider of online certification prep tests for Healthcare. We offer practice exams covering over 400 subjects. Our exams are content focused helping you become as prepared as possible for your certification exam. We want you to walk out of the real exam confident and knowing that your time preparing with ExamEdge.com was a success!",15.00%,https://www.jdoqocy.com/click-100179843-13280181-1608148945000,https://www.examedge.com/healthcare,13280181,Banner,SAVE-CJ10,Coupon,"2019-03-21 10:00:00","2022-01-31 21:00:00"
"Exam Edge Nursing Certifications - Save 10%","Exam Edge","Exam Edge is a leading provider of online certification prep tests for Nursing Exams. We offer practice exams covering over 100 subjects. Our exams are content focused helping you become as prepared as possible for your certification exam. We want you to walk out of the real exam confident and knowing that your time preparing with ExamEdge.com was a success!
",15.00%,https://www.tkqlhce.com/click-100179843-13280402-1608148945000,https://www.examedge.com/nursing/,13280402,Banner,SAVE-CJ10,Coupon,"2019-03-21 10:00:00","2022-05-21 21:00:00"
"Exam Edge Radiology Certifications - Save 10%","Exam Edge","Exam Edge is a leading provider of online test preparation for Radiology certifications. We offer practice exams covering 12 subjects. Our exams are content focused helping you become as prepared as possible for your certification exam. We want you to walk out of the real exam confident and knowing that your time preparing with ExamEdge.com was a success!
",15.00%,https://www.tkqlhce.com/click-100179843-13280347-1608148945000,https://www.examedge.com/Radiology/,13280347,Banner,SAVE-CJ10,Coupon,"2019-03-21 10:00:00","2022-05-21 21:00:00"
"Exam Edge Nursing Certifications - Save 10%","Exam Edge","Exam Edge is a leading provider of online certification prep tests for Nursing Exams. We offer practice exams covering over 100 subjects. Our exams are content focused helping you become as prepared as possible for your certification exam. We want you to walk out of the real exam confident and knowing that your time preparing with ExamEdge.com was a success!
",15.00%,https://www.kqzyfj.com/click-100179843-13280400-1608148945000,https://www.examedge.com/nursing/,13280400,Banner,SAVE-CJ10,Coupon,"2019-03-21 10:00:00","2022-05-21 21:00:00"
"Exam Edge Health Care - Save 10%","Exam Edge","Exam Edge is a leading provider of online certification prep tests for Healthcare. We offer practice exams covering over 400 subjects. Our exams are content focused helping you become as prepared as possible for your certification exam. We want you to walk out of the real exam confident and knowing that your time preparing with ExamEdge.com was a success!",15.00%,https://www.anrdoezrs.net/click-100179843-13280194-1608148945000,https://www.examedge.com/healthcare,13280194,Banner,SAVE-CJ10,Coupon,"2019-03-21 10:00:00","2022-05-21 21:00:00"
"Exam Edge Radiology Certifications - Save 10%","Exam Edge","Exam Edge is a leading provider of online test preparation for Radiology certifications. We offer practice exams covering 12 subjects. Our exams are content focused helping you become as prepared as possible for your certification exam. We want you to walk out of the real exam confident and knowing that your time preparing with ExamEdge.com was a success!
",15.00%,https://www.jdoqocy.com/click-100179843-13280351-1608148945000,https://www.examedge.com/Radiology/,13280351,Banner,SAVE-CJ10,Coupon,"2019-03-21 10:00:00","2022-05-21 21:00:00"
"Exam Edge - Act now and save 10% on NNCO Nursing Practice Tests","Exam Edge","Exam Edge is a leading provider of online test preparation for your NNCO Nursing certifications. Our exams are content focused helping you become as prepared as possible for your certification exam. We want you to walk out of the real exam confident and knowing that your time preparing with ExamEdge.com was a success!",15.00%,https://www.jdoqocy.com/click-100179843-13344642-1608148945000,https://www.ExamEdge.com/NNCO,13344642,"Text Link",SAVE-NNCO,Coupon,"2018-05-01 21:00:00","2025-05-24 21:00:00"
"Exam Edge - Act now and save 10% on STS High School Practice Tests","Exam Edge","Exam Edge is a leading provider of online test preparation for your STS High School certifications. Our exams are content focused helping you become as prepared as possible for your certification exam. We want you to walk out of the real exam confident and knowing that your time preparing with ExamEdge.com was a success!",15.00%,https://www.tkqlhce.com/click-100179843-13344675-1608148945000,https://www.ExamEdge.com/STS,13344675,"Text Link",SAVE-STS,Coupon,"2018-05-01 21:00:00","2025-05-24 21:00:00"
"Exam Edge - Act now and save 10% on PNCB Healthcare Practice Tests","Exam Edge","Exam Edge is a leading provider of online test preparation for your PNCB Healthcare certifications. Our exams are content focused helping you become as prepared as possible for your certification exam. We want you to walk out of the real exam confident and knowing that your time preparing with ExamEdge.com was a success!",15.00%,https://www.anrdoezrs.net/click-100179843-13344500-1608148945000,https://www.ExamEdge.com/PNCB,13344500,"Text Link",SAVE-PNCB,Coupon,"2018-05-01 21:00:00","2025-05-24 21:00:00"
"Exam Edge - Act now and save 10% on SLE International Practice Tests","Exam Edge","Exam Edge is a leading provider of online test preparation for your SLE International certifications. Our exams are content focused helping you become as prepared as possible for your certification exam. We want you to walk out of the real exam confident and knowing that your time preparing with ExamEdge.com was a success!",15.00%,https://www.anrdoezrs.net/click-100179843-13344521-1608148945000,https://www.ExamEdge.com/SLE,13344521,"Text Link",SAVE-SLE,Coupon,"2018-05-01 21:00:00","2025-05-24 21:00:00"
"Exam Edge - Act now and save 10% on TASC High School Practice Tests","Exam Edge","Exam Edge is a leading provider of online test preparation for your TASC High School certifications. Our exams are content focused helping you become as prepared as possible for your certification exam. We want you to walk out of the real exam confident and knowing that your time preparing with ExamEdge.com was a success!",15.00%,https://www.dpbolvw.net/click-100179843-13344682-1608148945000,https://www.ExamEdge.com/TASC,13344682,"Text Link",SAVE-TASC,Coupon,"2018-05-01 21:00:00","2025-05-24 21:00:00"
"Exam Edge - Act now and save 10% on WEST Teaching Practice Tests","Exam Edge","Exam Edge is a leading provider of online test preparation for your WEST Teaching certifications. Our exams are content focused helping you become as prepared as possible for your certification exam. We want you to walk out of the real exam confident and knowing that your time preparing with ExamEdge.com was a success!",15.00%,https://www.dpbolvw.net/click-100179843-13344691-1608148945000,https://www.ExamEdge.com/WEST,13344691,"Text Link",SAVE-WEST,Coupon,"2018-05-01 21:00:00","2025-05-24 21:00:00"
"Exam Edge - Act now and save 10% on ORELA Teaching Practice Tests","Exam Edge","Exam Edge is a leading provider of online test preparation for your ORELA Teaching certifications. Our exams are content focused helping you become as prepared as possible for your certification exam. We want you to walk out of the real exam confident and knowing that your time preparing with ExamEdge.com was a success!",15.00%,https://www.anrdoezrs.net/click-100179843-13344493-1608148945000,https://www.ExamEdge.com/ORELA,13344493,"Text Link",SAVE-OREL,Coupon,"2018-05-01 21:00:00","2025-05-24 21:00:00"
"Exam Edge - Act now and save 10% on ASFA Fitness Practice Tests","Exam Edge","Exam Edge is a leading provider of online test preparation for your ASFA Fitness certifications. Our exams are content focused helping you become as prepared as possible for your certification exam. We want you to walk out of the real exam confident and knowing that your time preparing with ExamEdge.com was a success!",15.00%,https://www.jdoqocy.com/click-100179843-13344532-1608148945000,https://www.ExamEdge.com/ASFA,13344532,"Text Link",SAVE-ASFA,Coupon,"2018-05-01 21:00:00","2025-05-24 21:00:00"
"Exam Edge - Act now and save 10% on NBNSC Nutrition Practice Tests","Exam Edge","Exam Edge is a leading provider of online test preparation for your NBNSC Nutrition certifications. Our exams are content focused helping you become as prepared as possible for your certification exam. We want you to walk out of the real exam confident and knowing that your time preparing with ExamEdge.com was a success!",15.00%,https://www.jdoqocy.com/click-100179843-13344619-1608148945000,https://www.ExamEdge.com/NBNSC,13344619,"Text Link",SAVE-NBNS,Coupon,"2018-05-01 21:00:00","2025-05-24 21:00:00"
"Exam Edge - Act now and save 10% on NREMT Healthcare Practice Tests","Exam Edge","Exam Edge is a leading provider of online test preparation for your NREMT Healthcare certifications. Our exams are content focused helping you become as prepared as possible for your certification exam. We want you to walk out of the real exam confident and knowing that your time preparing with ExamEdge.com was a success!",15.00%,https://www.anrdoezrs.net/click-100179843-13344645-1608148945000,https://www.ExamEdge.com/NREMT,13344645,"Text Link",SAVE-NREM,Coupon,"2018-05-01 21:00:00","2025-05-24 21:00:00"
"Exam Edge - Act now and save 10% on NMC of the UK International Practice Tests","Exam Edge","Exam Edge is a leading provider of online test preparation for your NMC of the UK International certifications. Our exams are content focused helping you become as prepared as possible for your certification exam. We want you to walk out of the real exam confident and knowing that your time preparing with ExamEdge.com was a success!",15.00%,https://www.jdoqocy.com/click-100179843-13344650-1608148945000,https://www.ExamEdge.com/NMC,13344650,"Text Link",SAVE-NMC,Coupon,"2018-05-01 21:00:00","2025-05-24 21:00:00"
"Exam Edge - Act now and save 10% on TACHS High School Practice Tests","Exam Edge","Exam Edge is a leading provider of online test preparation for your TACHS High School certifications. Our exams are content focused helping you become as prepared as possible for your certification exam. We want you to walk out of the real exam confident and knowing that your time preparing with ExamEdge.com was a success!",15.00%,https://www.kqzyfj.com/click-100179843-13344683-1608148945000,https://www.ExamEdge.com/TACHS,13344683,"Text Link",SAVE-TACH,Coupon,"2018-05-01 21:00:00","2025-05-24 21:00:00"
"Exam Edge - Act now and save 10% on THEA College Placement Practice Tests","Exam Edge","Exam Edge is a leading provider of online test preparation for your THEA College Placement certifications. Our exams are content focused helping you become as prepared as possible for your certification exam. We want you to walk out of the real exam confident and knowing that your time preparing with ExamEdge.com was a success!",15.00%,https://www.tkqlhce.com/click-100179843-13344686-1608148945000,https://www.ExamEdge.com/THEA,13344686,"Text Link",SAVE-THEA,Coupon,"2018-05-01 21:00:00","2025-05-24 21:00:00"
"Exam Edge - Act now and save 10% on CTCE Teaching Practice Tests","Exam Edge","Exam Edge is a leading provider of online test preparation for your CTCE Teaching certifications. Our exams are content focused helping you become as prepared as possible for your certification exam. We want you to walk out of the real exam confident and knowing that your time preparing with ExamEdge.com was a success!",15.00%,https://www.kqzyfj.com/click-100179843-13344580-1608148945000,https://www.ExamEdge.com/CTCE,13344580,"Text Link",SAVE-CTCE,Coupon,"2018-05-01 21:00:00","2025-05-24 21:00:00"
"Exam Edge - Act now and save 10% on NCCT Healthcare Practice Tests","Exam Edge","Exam Edge is a leading provider of online test preparation for your NCCT Healthcare certifications. Our exams are content focused helping you become as prepared as possible for your certification exam. We want you to walk out of the real exam confident and knowing that your time preparing with ExamEdge.com was a success!",15.00%,https://www.kqzyfj.com/click-100179843-13344451-1608148945000,https://www.ExamEdge.com/NCCT,13344451,"Text Link",SAVE-NCCT,Coupon,"2018-05-01 21:00:00","2025-05-24 21:00:00"
"Exam Edge - Act now and save 10% on AAPAIN Healthcare Practice Tests","Exam Edge","Exam Edge is a leading provider of online test preparation for your AAPAIN Healthcare certifications. Our exams are content focused helping you become as prepared as possible for your certification exam. We want you to walk out of the real exam confident and knowing that your time preparing with ExamEdge.com was a success!",15.00%,https://www.tkqlhce.com/click-100179843-13344476-1608148945000,https://www.ExamEdge.com/AIPM,13344476,"Text Link",SAVE-AAPA,Coupon,"2018-05-01 21:00:00","2025-05-24 21:00:00"
"Exam Edge - Save 10%","Exam Edge","Exam Edge is a leading provider of online certification prep tests. We offer practice exams in over 20 industries covering over 1800 subjects. Our exams are content focused helping you become as prepared as possible for your certification exam. We want you to walk out of the real exam confident and knowing that your time preparing with ExamEdge.com was a success!",15.00%,https://www.kqzyfj.com/click-100179843-13260670-1608148945000,https://www.ExamEdge.com,13260670,"Text Link",SAVE-CJ10,Coupon,"2018-03-13 00:00:00","2025-03-19 00:02:00"
"Exam Edge Health Care - Save 10%","Exam Edge","Exam Edge is a leading provider of online certification prep tests for Healthcare. We offer practice exams covering over 400 subjects. Our exams are content focused helping you become as prepared as possible for your certification exam. We want you to walk out of the real exam confident and knowing that your time preparing with ExamEdge.com was a success!",15.00%,https://www.dpbolvw.net/click-100179843-13272876-1608148945000,https://www.examedge.com/healthcare,13272876,Banner,SAVE-CJ10,Coupon,"2019-03-21 10:00:00","2022-05-21 21:00:00"
"Exam Edge High School Certifications - Save 10%","Exam Edge","Exam Edge is a leading provider of online test preparation for High School certifications. We offer practice exams covering 58 subjects. Our exams are content focused helping you become as prepared as possible for your certification exam. We want you to walk out of the real exam confident and knowing that your time preparing with ExamEdge.com was a success!",15.00%,https://www.dpbolvw.net/click-100179843-13275928-1608148945000,https://www.ExamEdge.com/HighSchool,13275928,"Text Link",SAVE-CJ10,Coupon,"2018-03-23 13:00:00","2025-03-23 13:00:00"
"Exam Edge Service Industry Certifications - Save 10%","Exam Edge","Exam Edge is a leading provider of online test preparation for Service Industry certifications. We offer practice exams covering 16 subjects. Our exams are content focused helping you become as prepared as possible for your certification exam. We want you to walk out of the real exam confident and knowing that your time preparing with ExamEdge.com was a success!",15.00%,https://www.kqzyfj.com/click-100179843-13275868-1608148945000,https://www.ExamEdge.com/ServiceIndustry,13275868,"Text Link",SAVE-CJ10,Coupon,"2018-03-23 13:00:00","2025-03-23 13:00:00"
"Exam Edge FTCE / FELE Teaching Certifications - Save 10%","Exam Edge","Exam Edge is a leading provider of online test preparation for your FTCE / FELE Teaching certifications. Our exams are content focused helping you become as prepared as possible for your certification exam. We want you to walk out of the real exam confident and knowing that your time preparing with ExamEdge.com was a success!",15.00%,https://www.dpbolvw.net/click-100179843-13331264-1608148945000,https://www.ExamEdge.com/FTCE,13331264,"Text Link",SAVE-CJ10,Coupon,"2018-05-01 21:00:00","2025-05-24 21:00:00"
"Exam Edge ONCC Nursing Certifications - Save 10%","Exam Edge","Exam Edge is a leading provider of online test preparation for your ONCC Nursing certifications. Our exams are content focused helping you become as prepared as possible for your certification exam. We want you to walk out of the real exam confident and knowing that your time preparing with ExamEdge.com was a success!",15.00%,https://www.anrdoezrs.net/click-100179843-13331301-1608148945000,https://www.ExamEdge.com/ONCC,13331301,"Text Link",SAVE-CJ10,Coupon,"2018-05-01 21:00:00","2025-05-24 21:00:00"
"Exam Edge SANC International Certifications - Save 10%","Exam Edge","Exam Edge is a leading provider of online test preparation for your SANC International certifications. Our exams are content focused helping you become as prepared as possible for your certification exam. We want you to walk out of the real exam confident and knowing that your time preparing with ExamEdge.com was a success!",15.00%,https://www.dpbolvw.net/click-100179843-13331317-1608148945000,https://www.ExamEdge.com/SANC,13331317,"Text Link",SAVE-CJ10,Coupon,"2018-05-01 21:00:00","2025-05-24 21:00:00"
"Exam Edge ORELA Teaching Certifications - Save 10%","Exam Edge","Exam Edge is a leading provider of online test preparation for your ORELA Teaching certifications. Our exams are content focused helping you become as prepared as possible for your certification exam. We want you to walk out of the real exam confident and knowing that your time preparing with ExamEdge.com was a success!",15.00%,https://www.anrdoezrs.net/click-100179843-13331204-1608148945000,https://www.ExamEdge.com/ORELA,13331204,"Text Link",SAVE-CJ10,Coupon,"2018-05-01 21:00:00","2025-05-24 21:00:00"
"Exam Edge AMT Healthcare Certifications - Save 10%","Exam Edge","Exam Edge is a leading provider of online test preparation for your AMT Healthcare certifications. Our exams are content focused helping you become as prepared as possible for your certification exam. We want you to walk out of the real exam confident and knowing that your time preparing with ExamEdge.com was a success!",15.00%,https://www.anrdoezrs.net/click-100179843-13331233-1608148945000,https://www.ExamEdge.com/AMT,13331233,"Text Link",SAVE-CJ10,Coupon,"2018-05-01 21:00:00","2025-05-24 21:00:00"
"Exam Edge MTLE Teaching Certifications - Save 10%","Exam Edge","Exam Edge is a leading provider of online test preparation for your MTLE Teaching certifications. Our exams are content focused helping you become as prepared as possible for your certification exam. We want you to walk out of the real exam confident and knowing that your time preparing with ExamEdge.com was a success!",15.00%,https://www.kqzyfj.com/click-100179843-13331275-1608148945000,https://www.ExamEdge.com/MTLE,13331275,"Text Link",SAVE-CJ10,Coupon,"2018-05-01 21:00:00","2025-05-24 21:00:00"
"Exam Edge AICPA Accounting Certifications - Save 10%","Exam Edge","Exam Edge is a leading provider of online test preparation for your AICPA Accounting certifications. Our exams are content focused helping you become as prepared as possible for your certification exam. We want you to walk out of the real exam confident and knowing that your time preparing with ExamEdge.com was a success!",15.00%,https://www.anrdoezrs.net/click-100179843-13331152-1608148945000,https://www.ExamEdge.com/AICPA,13331152,"Text Link",SAVE-CJ10,Coupon,"2018-05-01 21:00:00","2025-05-24 21:00:00"
"Exam Edge NES Teaching Certifications - Save 10%","Exam Edge","Exam Edge is a leading provider of online test preparation for your NES Teaching certifications. Our exams are content focused helping you become as prepared as possible for your certification exam. We want you to walk out of the real exam confident and knowing that your time preparing with ExamEdge.com was a success!",15.00%,https://www.kqzyfj.com/click-100179843-13331189-1608148945000,https://www.ExamEdge.com/NES,13331189,"Text Link",SAVE-CJ10,Coupon,"2018-05-01 21:00:00","2025-05-24 21:00:00"
"Exam Edge SSAT High School Certifications - Save 10%","Exam Edge","Exam Edge is a leading provider of online test preparation for your SSAT High School certifications. Our exams are content focused helping you become as prepared as possible for your certification exam. We want you to walk out of the real exam confident and knowing that your time preparing with ExamEdge.com was a success!",15.00%,https://www.jdoqocy.com/click-100179843-13331216-1608148945000,https://www.ExamEdge.com/SSAT,13331216,"Text Link",SAVE-CJ10,Coupon,"2018-05-01 21:00:00","2025-05-24 21:00:00"
"Exam Edge ANMAC Healthcare Certifications - Save 10%","Exam Edge","Exam Edge is a leading provider of online test preparation for your ANMAC Healthcare certifications. Our exams are content focused helping you become as prepared as possible for your certification exam. We want you to walk out of the real exam confident and knowing that your time preparing with ExamEdge.com was a success!",15.00%,https://www.tkqlhce.com/click-100179843-13331244-1608148945000,https://www.ExamEdge.com/ANMAC,13331244,"Text Link",SAVE-CJ10,Coupon,"2018-05-01 21:00:00","2025-05-24 21:00:00"
"Exam Edge HAAD International Certifications - Save 10%","Exam Edge","Exam Edge is a leading provider of online test preparation for your HAAD International certifications. Our exams are content focused helping you become as prepared as possible for your certification exam. We want you to walk out of the real exam confident and knowing that your time preparing with ExamEdge.com was a success!",15.00%,https://www.tkqlhce.com/click-100179843-13331266-1608148945000,https://www.ExamEdge.com/HAAD,13331266,"Text Link",SAVE-CJ10,Coupon,"2018-05-01 21:00:00","2025-05-24 21:00:00"
"Exam Edge NNCC Nursing Certifications - Save 10%","Exam Edge","Exam Edge is a leading provider of online test preparation for your NNCC Nursing certifications. Our exams are content focused helping you become as prepared as possible for your certification exam. We want you to walk out of the real exam confident and knowing that your time preparing with ExamEdge.com was a success!",15.00%,https://www.dpbolvw.net/click-100179843-13331286-1608148945000,https://www.ExamEdge.com/NNCC,13331286,"Text Link",SAVE-CJ10,Coupon,"2018-05-01 21:00:00","2025-05-24 21:00:00"
"Exam Edge THEA College Placement Certifications - Save 10%","Exam Edge","Exam Edge is a leading provider of online test preparation for your THEA College Placement certifications. Our exams are content focused helping you become as prepared as possible for your certification exam. We want you to walk out of the real exam confident and knowing that your time preparing with ExamEdge.com was a success!",15.00%,https://www.anrdoezrs.net/click-100179843-13331319-1608148945000,https://www.ExamEdge.com/THEA,13331319,"Text Link",SAVE-CJ10,Coupon,"2018-05-01 21:00:00","2025-05-24 21:00:00"
"Exam Edge CDR Healthcare Certifications - Save 10%","Exam Edge","Exam Edge is a leading provider of online test preparation for your CDR Healthcare certifications. Our exams are content focused helping you become as prepared as possible for your certification exam. We want you to walk out of the real exam confident and knowing that your time preparing with ExamEdge.com was a success!",15.00%,https://www.tkqlhce.com/click-100179843-13331133-1608148945000,https://www.ExamEdge.com/ADA,13331133,"Text Link",SAVE-CJ10,Coupon,"2018-05-01 21:00:00","2025-05-24 21:00:00"
"Exam Edge NMC of the UK International Certifications - Save 10%","Exam Edge","Exam Edge is a leading provider of online test preparation for your NMC of the UK International certifications. Our exams are content focused helping you become as prepared as possible for your certification exam. We want you to walk out of the real exam confident and knowing that your time preparing with ExamEdge.com was a success!",15.00%,https://www.jdoqocy.com/click-100179843-13331194-1608148945000,https://www.ExamEdge.com/NMC,13331194,"Text Link",SAVE-CJ10,Coupon,"2018-05-01 21:00:00","2025-05-24 21:00:00"
"Exam Edge ONCC Nursing Certifications - Save 10%","Exam Edge","Exam Edge is a leading provider of online test preparation for your ONCC Nursing certifications. Our exams are content focused helping you become as prepared as possible for your certification exam. We want you to walk out of the real exam confident and knowing that your time preparing with ExamEdge.com was a success!",15.00%,https://www.kqzyfj.com/click-100179843-13331203-1608148945000,https://www.ExamEdge.com/ONCC,13331203,"Text Link",SAVE-CJ10,Coupon,"2018-05-01 21:00:00","2025-05-24 21:00:00"
"Exam Edge PSB Healthcare Certifications - Save 10%","Exam Edge","Exam Edge is a leading provider of online test preparation for your PSB Healthcare certifications. Our exams are content focused helping you become as prepared as possible for your certification exam. We want you to walk out of the real exam confident and knowing that your time preparing with ExamEdge.com was a success!",15.00%,https://www.anrdoezrs.net/click-100179843-13331212-1608148945000,https://www.ExamEdge.com/PSB,13331212,"Text Link",SAVE-CJ10,Coupon,"2018-05-01 21:00:00","2025-05-24 21:00:00"
"Exam Edge AANP Nursing Certifications - Save 10%","Exam Edge","Exam Edge is a leading provider of online test preparation for your AANP Nursing certifications. Our exams are content focused helping you become as prepared as possible for your certification exam. We want you to walk out of the real exam confident and knowing that your time preparing with ExamEdge.com was a success!",15.00%,https://www.anrdoezrs.net/click-100179843-13331228-1608148945000,https://www.ExamEdge.com/AANP,13331228,"Text Link",SAVE-CJ10,Coupon,"2018-05-01 21:00:00","2025-05-24 21:00:00"
"Exam Edge ATCB Healthcare Certifications - Save 10%","Exam Edge","Exam Edge is a leading provider of online test preparation for your ATCB Healthcare certifications. Our exams are content focused helping you become as prepared as possible for your certification exam. We want you to walk out of the real exam confident and knowing that your time preparing with ExamEdge.com was a success!",15.00%,https://www.tkqlhce.com/click-100179843-13331239-1608148945000,https://www.ExamEdge.com/ATCB,13331239,"Text Link",SAVE-CJ10,Coupon,"2018-05-01 21:00:00","2025-05-24 21:00:00"
"Exam Edge CTC Teaching Certifications - Save 10%","Exam Edge","Exam Edge is a leading provider of online test preparation for your CTC Teaching certifications. Our exams are content focused helping you become as prepared as possible for your certification exam. We want you to walk out of the real exam confident and knowing that your time preparing with ExamEdge.com was a success!",15.00%,https://www.dpbolvw.net/click-100179843-13331249-1608148945000,https://www.ExamEdge.com/CBEST,13331249,"Text Link",SAVE-CJ10,Coupon,"2018-05-01 21:00:00","2025-05-24 21:00:00"
"Exam Edge CDR Healthcare Certifications - Save 10%","Exam Edge","Exam Edge is a leading provider of online test preparation for your CDR Healthcare certifications. Our exams are content focused helping you become as prepared as possible for your certification exam. We want you to walk out of the real exam confident and knowing that your time preparing with ExamEdge.com was a success!",15.00%,https://www.dpbolvw.net/click-100179843-13331098-1608148945000,https://www.ExamEdge.com/ADA,13331098,"Text Link",SAVE-CJ10,Coupon,"2018-05-01 21:00:00","2025-05-24 21:00:00"
"Exam Edge DANB Dental Certifications - Save 10%","Exam Edge","Exam Edge is a leading provider of online test preparation for your DANB Dental certifications. Our exams are content focused helping you become as prepared as possible for your certification exam. We want you to walk out of the real exam confident and knowing that your time preparing with ExamEdge.com was a success!",15.00%,https://www.dpbolvw.net/click-100179843-13331126-1608148945000,https://www.ExamEdge.com/DANB,13331126,"Text Link",SAVE-CJ10,Coupon,"2018-05-01 21:00:00","2025-05-24 21:00:00"
"Exam Edge ASVAB Government Certifications - Save 10%","Exam Edge","Exam Edge is a leading provider of online test preparation for your ASVAB Government certifications. Our exams are content focused helping you become as prepared as possible for your certification exam. We want you to walk out of the real exam confident and knowing that your time preparing with ExamEdge.com was a success!",15.00%,https://www.kqzyfj.com/click-100179843-13331145-1608148945000,https://www.ExamEdge.com/ASVAB,13331145,"Text Link",SAVE-CJ10,Coupon,"2018-05-01 21:00:00","2025-05-24 21:00:00"
"Exam Edge TEXES Teaching Certifications - Save 10%","Exam Edge","Exam Edge is a leading provider of online test preparation for your TEXES Teaching certifications. Our exams are content focused helping you become as prepared as possible for your certification exam. We want you to walk out of the real exam confident and knowing that your time preparing with ExamEdge.com was a success!",15.00%,https://www.dpbolvw.net/click-100179843-13331223-1608148945000,https://www.ExamEdge.com/TEXMAT,13331223,"Text Link",SAVE-CJ10,Coupon,"2018-05-01 21:00:00","2025-05-24 21:00:00"
"Exam Edge AMT Healthcare Certifications - Save 10%","Exam Edge","Exam Edge is a leading provider of online test preparation for your AMT Healthcare certifications. Our exams are content focused helping you become as prepared as possible for your certification exam. We want you to walk out of the real exam confident and knowing that your time preparing with ExamEdge.com was a success!",15.00%,https://www.anrdoezrs.net/click-100179843-13331135-1608148945000,https://www.ExamEdge.com/AMT,13331135,"Text Link",SAVE-CJ10,Coupon,"2018-05-01 21:00:00","2025-05-24 21:00:00"
"Exam Edge GACE Teaching Certifications - Save 10%","Exam Edge","Exam Edge is a leading provider of online test preparation for your GACE Teaching certifications. Our exams are content focused helping you become as prepared as possible for your certification exam. We want you to walk out of the real exam confident and knowing that your time preparing with ExamEdge.com was a success!",15.00%,https://www.dpbolvw.net/click-100179843-13331167-1608148945000,https://www.ExamEdge.com/GACE,13331167,"Text Link",SAVE-CJ10,Coupon,"2018-05-01 21:00:00","2025-05-24 21:00:00"
"Exam Edge NMBI International Certifications - Save 10%","Exam Edge","Exam Edge is a leading provider of online test preparation for your NMBI International certifications. Our exams are content focused helping you become as prepared as possible for your certification exam. We want you to walk out of the real exam confident and knowing that your time preparing with ExamEdge.com was a success!",15.00%,https://www.anrdoezrs.net/click-100179843-13331193-1608148945000,https://www.ExamEdge.com/NBMI,13331193,"Text Link",SAVE-CJ10,Coupon,"2018-05-01 21:00:00","2025-05-24 21:00:00"
"Exam Edge NCSBN Nursing Certifications - Save 10%","Exam Edge","Exam Edge is a leading provider of online test preparation for your NCSBN Nursing certifications. Our exams are content focused helping you become as prepared as possible for your certification exam. We want you to walk out of the real exam confident and knowing that your time preparing with ExamEdge.com was a success!",15.00%,https://www.kqzyfj.com/click-100179843-13331285-1608148945000,https://www.ExamEdge.com/NCLEX,13331285,"Text Link",SAVE-CJ10,Coupon,"2018-05-01 21:00:00","2025-05-24 21:00:00"
"Exam Edge PSSA High School Certifications - Save 10%","Exam Edge","Exam Edge is a leading provider of online test preparation for your PSSA High School certifications. Our exams are content focused helping you become as prepared as possible for your certification exam. We want you to walk out of the real exam confident and knowing that your time preparing with ExamEdge.com was a success!",15.00%,https://www.jdoqocy.com/click-100179843-13331306-1608148945000,https://www.ExamEdge.com/PSSA,13331306,"Text Link",SAVE-CJ10,Coupon,"2018-05-01 21:00:00","2025-05-24 21:00:00"
"Exam Edge ServSafe Service Industry Certifications - Save 10%","Exam Edge","Exam Edge is a leading provider of online test preparation for your ServSafe Service Industry certifications. Our exams are content focused helping you become as prepared as possible for your certification exam. We want you to walk out of the real exam confident and knowing that your time preparing with ExamEdge.com was a success!",15.00%,https://www.jdoqocy.com/click-100179843-13331315-1608148945000,https://www.ExamEdge.com/ServSafe,13331315,"Text Link",SAVE-CJ10,Coupon,"2018-05-01 21:00:00","2025-05-24 21:00:00"
"Exam Edge SNB International Certifications - Save 10%","Exam Edge","Exam Edge is a leading provider of online test preparation for your SNB International certifications. Our exams are content focused helping you become as prepared as possible for your certification exam. We want you to walk out of the real exam confident and knowing that your time preparing with ExamEdge.com was a success!",15.00%,https://www.tkqlhce.com/click-100179843-13331316-1608148945000,https://www.ExamEdge.com/SNB,13331316,"Text Link",SAVE-CJ10,Coupon,"2018-05-01 21:00:00","2025-05-24 21:00:00"
"Exam Edge - Save 10% On your order!","Exam Edge","Exam Edge is a leading provider of online certification prep tests. We offer practice exams in over 20 industries covering over 1800 subjects. Our exams are content focused helping you become as prepared as possible for your certification exam. We want you to walk out of the real exam confident and knowing that your time preparing with ExamEdge.com was a success!",15.00%,https://www.tkqlhce.com/click-100179843-13334861-1608148945000,https://www.ExamEdge.com,13334861,"Text Link",SAVE-CJ10,Coupon,"2018-03-13 00:00:00","2025-03-19 00:02:00"
"Exam Edge - Act now and save 10% on ASFA Fitness Practice Tests","Exam Edge","Exam Edge is a leading provider of online test preparation for your ASFA Fitness certifications. Our exams are content focused helping you become as prepared as possible for your certification exam. We want you to walk out of the real exam confident and knowing that your time preparing with ExamEdge.com was a success!",15.00%,https://www.anrdoezrs.net/click-100179843-13344364-1608148945000,https://www.ExamEdge.com/ASFA,13344364,"Text Link",SAVE-ASFA,Coupon,"2018-05-01 21:00:00","2025-05-24 21:00:00"
"Exam Edge - Act now and save 10% on AFQT Government Practice Tests","Exam Edge","Exam Edge is a leading provider of online test preparation for your AFQT Government certifications. Our exams are content focused helping you become as prepared as possible for your certification exam. We want you to walk out of the real exam confident and knowing that your time preparing with ExamEdge.com was a success!",15.00%,https://www.tkqlhce.com/click-100179843-13344346-1608148945000,https://www.ExamEdge.com/AFQT,13344346,"Text Link",SAVE-AFQT,Coupon,"2018-05-01 21:00:00","2025-05-24 21:00:00"
"Exam Edge - Act now and save 10% on CCI (cardio) Healthcare Practice Tests","Exam Edge","Exam Edge is a leading provider of online test preparation for your CCI (cardio) Healthcare certifications. Our exams are content focused helping you become as prepared as possible for your certification exam. We want you to walk out of the real exam confident and knowing that your time preparing with ExamEdge.com was a success!",15.00%,https://www.kqzyfj.com/click-100179843-13344380-1608148945000,https://www.ExamEdge.com/CCI,13344380,"Text Link",SAVE-CCI,Coupon,"2018-05-01 21:00:00","2025-05-24 21:00:00"
"Exam Edge - Act now and save 10% on Cosmetology Service Industry Practice Tests","Exam Edge","Exam Edge is a leading provider of online test preparation for your Cosmetology Service Industry certifications. Our exams are content focused helping you become as prepared as possible for your certification exam. We want you to walk out of the real exam confident and knowing that your time preparing with ExamEdge.com was a success!",15.00%,https://www.jdoqocy.com/click-100179843-13344398-1608148945000,https://www.ExamEdge.com/COSM,13344398,"Text Link",SAVE-Cosm,Coupon,"2018-05-01 21:00:00","2025-05-24 21:00:00"
"Exam Edge - Act now and save 10% on IFPA Fitness Practice Tests","Exam Edge","Exam Edge is a leading provider of online test preparation for your IFPA Fitness certifications. Our exams are content focused helping you become as prepared as possible for your certification exam. We want you to walk out of the real exam confident and knowing that your time preparing with ExamEdge.com was a success!",15.00%,https://www.dpbolvw.net/click-100179843-13344419-1608148945000,https://www.ExamEdge.com/IFPA,13344419,"Text Link",SAVE-IFPA,Coupon,"2018-05-01 21:00:00","2025-05-24 21:00:00"
"Exam Edge - Act now and save 10% on CNCB Healthcare Practice Tests","Exam Edge","Exam Edge is a leading provider of online test preparation for your CNCB Healthcare certifications. Our exams are content focused helping you become as prepared as possible for your certification exam. We want you to walk out of the real exam confident and knowing that your time preparing with ExamEdge.com was a success!",15.00%,https://www.jdoqocy.com/click-100179843-13344392-1608148945000,https://www.ExamEdge.com/CNCB,13344392,"Text Link",SAVE-CNCB,Coupon,"2018-05-01 21:00:00","2025-05-24 21:00:00"
"Exam Edge - Act now and save 10% on ACMA Healthcare Practice Tests","Exam Edge","Exam Edge is a leading provider of online test preparation for your ACMA Healthcare certifications. Our exams are content focused helping you become as prepared as possible for your certification exam. We want you to walk out of the real exam confident and knowing that your time preparing with ExamEdge.com was a success!",15.00%,https://www.dpbolvw.net/click-100179843-13344341-1608148945000,https://www.ExamEdge.com/ACMA,13344341,"Text Link",SAVE-ACMA,Coupon,"2018-05-01 21:00:00","2025-05-24 21:00:00"
"Exam Edge - Act now and save 10% on AHSGE High School Practice Tests","Exam Edge","Exam Edge is a leading provider of online test preparation for your AHSGE High School certifications. Our exams are content focused helping you become as prepared as possible for your certification exam. We want you to walk out of the real exam confident and knowing that your time preparing with ExamEdge.com was a success!",15.00%,https://www.tkqlhce.com/click-100179843-13344347-1608148945000,https://www.ExamEdge.com/AHSGE,13344347,"Text Link",SAVE-AHSG,Coupon,"2018-05-01 21:00:00","2025-05-24 21:00:00"
"Exam Edge - Act now and save 10% on Canadian Nursing Canadian Practice Tests","Exam Edge","Exam Edge is a leading provider of online test preparation for your Canadian Nursing Canadian certifications. Our exams are content focused helping you become as prepared as possible for your certification exam. We want you to walk out of the real exam confident and knowing that your time preparing with ExamEdge.com was a success!",15.00%,https://www.kqzyfj.com/click-100179843-13344378-1608148945000,https://www.ExamEdge.com/CANurse,13344378,"Text Link",SAVE-Cana,Coupon,"2018-05-01 21:00:00","2025-05-24 21:00:00"
"Exam Edge - Act now and save 10% on CCB Healthcare Practice Tests","Exam Edge","Exam Edge is a leading provider of online test preparation for your CCB Healthcare certifications. Our exams are content focused helping you become as prepared as possible for your certification exam. We want you to walk out of the real exam confident and knowing that your time preparing with ExamEdge.com was a success!",15.00%,https://www.kqzyfj.com/click-100179843-13344396-1608148945000,https://www.ExamEdge.com/CBC,13344396,"Text Link",SAVE-CCB,Coupon,"2018-05-01 21:00:00","2025-05-24 21:00:00"
"Exam Edge Veterinary Certifications - Save 10%","Exam Edge","Exam Edge is a leading provider of online test preparation for Veterinary certifications. We offer practice exams covering 2 subjects. Our exams are content focused helping you become as prepared as possible for your certification exam. We want you to walk out of the real exam confident and knowing that your time preparing with ExamEdge.com was a success!",15.00%,https://www.tkqlhce.com/click-100179843-13275866-1608148945000,https://www.ExamEdge.com/Veterinary,13275866,"Text Link",SAVE-CJ10,Coupon,"2018-03-22 21:00:00","2025-03-22 21:00:00"
"Exam Edge Nursing Certifications - Save 10%","Exam Edge","Exam Edge is a leading provider of online certification prep tests for Nursing Exams. We offer practice exams covering over 100 subjects. Our exams are content focused helping you become as prepared as possible for your certification exam. We want you to walk out of the real exam confident and knowing that your time preparing with ExamEdge.com was a success!",15.00%,https://www.jdoqocy.com/click-100179843-13275939-1608148945000,https://www.examedge.com/Nursing/,13275939,"Text Link",SAVE-CJ10,Coupon,"2018-03-23 13:00:00","2025-03-23 13:00:00"
"Exam Edge Optometry Certifications - Save 10%","Exam Edge","Exam Edge is a leading provider of online test preparation for Optometry certifications. We offer practice exams covering 7 subjects. Our exams are content focused helping you become as prepared as possible for your certification exam. We want you to walk out of the real exam confident and knowing that your time preparing with ExamEdge.com was a success!",15.00%,https://www.dpbolvw.net/click-100179843-13275944-1608148945000,https://www.ExamEdge.com/Optometry,13275944,"Text Link",SAVE-CJ10,Coupon,"2018-03-23 13:00:00","2022-03-23 13:00:00"
"Exam Edge Radiology Certifications - Save 10%","Exam Edge","Exam Edge is a leading provider of online test preparation for Radiology certifications. We offer practice exams covering 12 subjects. Our exams are content focused helping you become as prepared as possible for your certification exam. We want you to walk out of the real exam confident and knowing that your time preparing with ExamEdge.com was a success!",15.00%,https://www.kqzyfj.com/click-100179843-13275950-1608148945000,https://www.ExamEdge.com/Radiology,13275950,"Text Link",SAVE-CJ10,Coupon,"2018-03-23 13:30:00","2022-03-23 13:30:00"
"Exam Edge FINRA Financial Certifications - Save 10%","Exam Edge","Exam Edge is a leading provider of online test preparation for your FINRA Financial certifications. Our exams are content focused helping you become as prepared as possible for your certification exam. We want you to walk out of the real exam confident and knowing that your time preparing with ExamEdge.com was a success!",15.00%,https://www.dpbolvw.net/click-100179843-13331165-1608148945000,https://www.ExamEdge.com/FINRA,13331165,"Text Link",SAVE-CJ10,Coupon,"2018-05-01 21:00:00","2025-05-24 21:00:00"
"Exam Edge QCHP International Certifications - Save 10%","Exam Edge","Exam Edge is a leading provider of online test preparation for your QCHP International certifications. Our exams are content focused helping you become as prepared as possible for your certification exam. We want you to walk out of the real exam confident and knowing that your time preparing with ExamEdge.com was a success!",15.00%,https://www.dpbolvw.net/click-100179843-13331213-1608148945000,https://www.ExamEdge.com/QCHP,13331213,"Text Link",SAVE-CJ10,Coupon,"2018-05-01 21:00:00","2025-05-24 21:00:00"
"Exam Edge AACN Nursing Certifications - Save 10%","Exam Edge","Exam Edge is a leading provider of online test preparation for your AACN Nursing certifications. Our exams are content focused helping you become as prepared as possible for your certification exam. We want you to walk out of the real exam confident and knowing that your time preparing with ExamEdge.com was a success!",15.00%,https://www.anrdoezrs.net/click-100179843-13331229-1608148945000,https://www.ExamEdge.com/AACN,13331229,"Text Link",SAVE-CJ10,Coupon,"2018-05-01 21:00:00","2025-05-24 21:00:00"
"Exam Edge ASCO (OAT) Optometry Certifications - Save 10%","Exam Edge","Exam Edge is a leading provider of online test preparation for your ASCO (OAT) Optometry certifications. Our exams are content focused helping you become as prepared as possible for your certification exam. We want you to walk out of the real exam confident and knowing that your time preparing with ExamEdge.com was a success!",15.00%,https://www.tkqlhce.com/click-100179843-13331241-1608148945000,https://www.ExamEdge.com/ASCO,13331241,"Text Link",SAVE-CJ10,Coupon,"2018-05-01 21:00:00","2025-05-24 21:00:00"
"Exam Edge DANB Dental Certifications - Save 10%","Exam Edge","Exam Edge is a leading provider of online test preparation for your DANB Dental certifications. Our exams are content focused helping you become as prepared as possible for your certification exam. We want you to walk out of the real exam confident and knowing that your time preparing with ExamEdge.com was a success!",15.00%,https://www.anrdoezrs.net/click-100179843-13331259-1608148945000,https://www.ExamEdge.com/DANB,13331259,"Text Link",SAVE-CJ10,Coupon,"2018-05-01 21:00:00","2025-05-24 21:00:00"
"Exam Edge ILTS Teaching Certifications - Save 10%","Exam Edge","Exam Edge is a leading provider of online test preparation for your ILTS Teaching certifications. Our exams are content focused helping you become as prepared as possible for your certification exam. We want you to walk out of the real exam confident and knowing that your time preparing with ExamEdge.com was a success!",15.00%,https://www.jdoqocy.com/click-100179843-13331268-1608148945000,https://www.ExamEdge.com/ILTS,13331268,"Text Link",SAVE-CJ10,Coupon,"2018-05-01 21:00:00","2025-05-24 21:00:00"
"Exam Edge ATS Teaching Certifications - Save 10%","Exam Edge","Exam Edge is a leading provider of online test preparation for your ATS Teaching certifications. Our exams are content focused helping you become as prepared as possible for your certification exam. We want you to walk out of the real exam confident and knowing that your time preparing with ExamEdge.com was a success!",15.00%,https://www.kqzyfj.com/click-100179843-13331198-1608148945000,https://www.ExamEdge.com/ATSW,13331198,"Text Link",SAVE-CJ10,Coupon,"2018-05-01 21:00:00","2025-05-24 21:00:00"
"Exam Edge ANCC Nursing Certifications - Save 10%","Exam Edge","Exam Edge is a leading provider of online test preparation for your ANCC Nursing certifications. Our exams are content focused helping you become as prepared as possible for your certification exam. We want you to walk out of the real exam confident and knowing that your time preparing with ExamEdge.com was a success!",15.00%,https://www.tkqlhce.com/click-100179843-13331236-1608148945000,https://www.ExamEdge.com/ANCC,13331236,"Text Link",SAVE-CJ10,Coupon,"2018-05-01 21:00:00","2025-05-24 21:00:00"
"Exam Edge AAMI (ACI) Healthcare Certifications - Save 10%","Exam Edge","Exam Edge is a leading provider of online test preparation for your AAMI (ACI) Healthcare certifications. Our exams are content focused helping you become as prepared as possible for your certification exam. We want you to walk out of the real exam confident and knowing that your time preparing with ExamEdge.com was a success!",15.00%,https://www.jdoqocy.com/click-100179843-13331270-1608148945000,https://www.ExamEdge.com/AAMI,13331270,"Text Link",SAVE-CJ10,Coupon,"2018-05-01 21:00:00","2025-05-24 21:00:00"
"Exam Edge ATCB Healthcare Certifications - Save 10%","Exam Edge","Exam Edge is a leading provider of online test preparation for your ATCB Healthcare certifications. Our exams are content focused helping you become as prepared as possible for your certification exam. We want you to walk out of the real exam confident and knowing that your time preparing with ExamEdge.com was a success!",15.00%,https://www.kqzyfj.com/click-100179843-13331106-1608148945000,https://www.ExamEdge.com/ATCB,13331106,"Text Link",SAVE-CJ10,Coupon,"2018-05-01 21:00:00","2025-05-24 21:00:00"
"Exam Edge AICPA Accounting Certifications - Save 10%","Exam Edge","Exam Edge is a leading provider of online test preparation for your AICPA Accounting certifications. Our exams are content focused helping you become as prepared as possible for your certification exam. We want you to walk out of the real exam confident and knowing that your time preparing with ExamEdge.com was a success!",15.00%,https://www.jdoqocy.com/click-100179843-13331117-1608148945000,https://www.ExamEdge.com/AICPA,13331117,"Text Link",SAVE-CJ10,Coupon,"2018-05-01 21:00:00","2025-05-24 21:00:00"
"Exam Edge FTCE / FELE Teaching Certifications - Save 10%","Exam Edge","Exam Edge is a leading provider of online test preparation for your FTCE / FELE Teaching certifications. Our exams are content focused helping you become as prepared as possible for your certification exam. We want you to walk out of the real exam confident and knowing that your time preparing with ExamEdge.com was a success!",15.00%,https://www.jdoqocy.com/click-100179843-13331166-1608148945000,https://www.ExamEdge.com/FTCE,13331166,"Text Link",SAVE-CJ10,Coupon,"2018-05-01 21:00:00","2025-05-24 21:00:00"
"Exam Edge IAHCSMM Healthcare Certifications - Save 10%","Exam Edge","Exam Edge is a leading provider of online test preparation for your IAHCSMM Healthcare certifications. Our exams are content focused helping you become as prepared as possible for your certification exam. We want you to walk out of the real exam confident and knowing that your time preparing with ExamEdge.com was a success!",15.00%,https://www.kqzyfj.com/click-100179843-13331220-1608148945000,https://www.ExamEdge.com/IAHCSMM,13331220,"Text Link",SAVE-CJ10,Coupon,"2018-05-01 21:00:00","2025-05-24 21:00:00"
"Exam Edge - Act now and save 10% on ACSM Fitness Practice Tests","Exam Edge","Exam Edge is a leading provider of online test preparation for your ACSM Fitness certifications. Our exams are content focused helping you become as prepared as possible for your certification exam. We want you to walk out of the real exam confident and knowing that your time preparing with ExamEdge.com was a success!",15.00%,https://www.tkqlhce.com/click-100179843-13344489-1608148945000,https://www.ExamEdge.com/ACSM,13344489,"Text Link",SAVE-ACSM,Coupon,"2018-05-01 21:00:00","2025-05-24 21:00:00"
"Exam Edge NNCC Nursing Certifications - Save 10%","Exam Edge","Exam Edge is a leading provider of online test preparation for your NNCC Nursing certifications. Our exams are content focused helping you become as prepared as possible for your certification exam. We want you to walk out of the real exam confident and knowing that your time preparing with ExamEdge.com was a success!",15.00%,https://www.jdoqocy.com/click-100179843-13331188-1608148945000,https://www.ExamEdge.com/NNCC,13331188,"Text Link",SAVE-CJ10,Coupon,"2018-05-01 21:00:00","2025-05-24 21:00:00"
"Exam Edge ASWB Healthcare Certifications - Save 10%","Exam Edge","Exam Edge is a leading provider of online test preparation for your ASWB Healthcare certifications. Our exams are content focused helping you become as prepared as possible for your certification exam. We want you to walk out of the real exam confident and knowing that your time preparing with ExamEdge.com was a success!",15.00%,https://www.dpbolvw.net/click-100179843-13331144-1608148945000,https://www.ExamEdge.com/ASWB,13331144,"Text Link",SAVE-CJ10,Coupon,"2018-05-01 21:00:00","2025-05-24 21:00:00"
"Exam Edge NCC Healthcare Certifications - Save 10%","Exam Edge","Exam Edge is a leading provider of online test preparation for your NCC Healthcare certifications. Our exams are content focused helping you become as prepared as possible for your certification exam. We want you to walk out of the real exam confident and knowing that your time preparing with ExamEdge.com was a success!",15.00%,https://www.anrdoezrs.net/click-100179843-13331283-1608148945000,https://www.ExamEdge.com/NCC,13331283,"Text Link",SAVE-CJ10,Coupon,"2018-05-01 21:00:00","2025-05-24 21:00:00"
"Exam Edge Regents High School Certifications - Save 10%","Exam Edge","Exam Edge is a leading provider of online test preparation for your Regents High School certifications. Our exams are content focused helping you become as prepared as possible for your certification exam. We want you to walk out of the real exam confident and knowing that your time preparing with ExamEdge.com was a success!",15.00%,https://www.jdoqocy.com/click-100179843-13331312-1608148945000,https://www.ExamEdge.com/REGENTS,13331312,"Text Link",SAVE-CJ10,Coupon,"2018-05-01 21:00:00","2025-05-24 21:00:00"
"Exam Edge WAEC International Certifications - Save 10%","Exam Edge","Exam Edge is a leading provider of online test preparation for your WAEC International certifications. Our exams are content focused helping you become as prepared as possible for your certification exam. We want you to walk out of the real exam confident and knowing that your time preparing with ExamEdge.com was a success!",15.00%,https://www.dpbolvw.net/click-100179843-13331322-1608148945000,https://www.ExamEdge.com/WAEC,13331322,"Text Link",SAVE-CJ10,Coupon,"2018-05-01 21:00:00","2025-05-24 21:00:00"
"Exam Edge - Act now and save 10% on CBIC Healthcare Practice Tests","Exam Edge","Exam Edge is a leading provider of online test preparation for your CBIC Healthcare certifications. Our exams are content focused helping you become as prepared as possible for your certification exam. We want you to walk out of the real exam confident and knowing that your time preparing with ExamEdge.com was a success!",15.00%,https://www.tkqlhce.com/click-100179843-13344383-1608148945000,https://www.ExamEdge.com/CBIC,13344383,"Text Link",SAVE-CBIC,Coupon,"2018-05-01 21:00:00","2025-05-24 21:00:00"
"Exam Edge - Act now and save 10% on AMT Healthcare Practice Tests","Exam Edge","Exam Edge is a leading provider of online test preparation for your AMT Healthcare certifications. Our exams are content focused helping you become as prepared as possible for your certification exam. We want you to walk out of the real exam confident and knowing that your time preparing with ExamEdge.com was a success!",15.00%,https://www.anrdoezrs.net/click-100179843-13344354-1608148945000,https://www.ExamEdge.com/AMT,13344354,"Text Link",SAVE-AMT,Coupon,"2018-05-01 21:00:00","2025-05-24 21:00:00"
"Exam Edge - Act now and save 10% on ASHA Healthcare Practice Tests","Exam Edge","Exam Edge is a leading provider of online test preparation for your ASHA Healthcare certifications. Our exams are content focused helping you become as prepared as possible for your certification exam. We want you to walk out of the real exam confident and knowing that your time preparing with ExamEdge.com was a success!",15.00%,https://www.anrdoezrs.net/click-100179843-13344365-1608148945000,https://www.ExamEdge.com/ASHA,13344365,"Text Link",SAVE-ASHA,Coupon,"2018-05-01 21:00:00","2025-05-24 21:00:00"
"Exam Edge - Act now and save 10% on AICPA Accounting Practice Tests","Exam Edge","Exam Edge is a leading provider of online test preparation for your AICPA Accounting certifications. Our exams are content focused helping you become as prepared as possible for your certification exam. We want you to walk out of the real exam confident and knowing that your time preparing with ExamEdge.com was a success!",15.00%,https://www.dpbolvw.net/click-100179843-13344387-1608148945000,https://www.ExamEdge.com/AICPA,13344387,"Text Link",SAVE-AICP,Coupon,"2018-05-01 21:00:00","2025-05-24 21:00:00"
"Exam Edge - Act now and save 10% on CDA Healthcare Practice Tests","Exam Edge","Exam Edge is a leading provider of online test preparation for your CDA Healthcare certifications. Our exams are content focused helping you become as prepared as possible for your certification exam. We want you to walk out of the real exam confident and knowing that your time preparing with ExamEdge.com was a success!",15.00%,https://www.dpbolvw.net/click-100179843-13344388-1608148945000,https://www.ExamEdge.com/CDA,13344388,"Text Link",SAVE-CDA,Coupon,"2018-05-01 21:00:00","2025-05-24 21:00:00"
"Exam Edge - Act now and save 10% on CLEP College Placement Practice Tests","Exam Edge","Exam Edge is a leading provider of online test preparation for your CLEP College Placement certifications. Our exams are content focused helping you become as prepared as possible for your certification exam. We want you to walk out of the real exam confident and knowing that your time preparing with ExamEdge.com was a success!",15.00%,https://www.kqzyfj.com/click-100179843-13344391-1608148945000,https://www.ExamEdge.com/CLEP,13344391,"Text Link",SAVE-CLEP,Coupon,"2018-05-01 21:00:00","2025-05-24 21:00:00"
"Exam Edge - Act now and save 10% on GED High School Practice Tests","Exam Edge","Exam Edge is a leading provider of online test preparation for your GED High School certifications. Our exams are content focused helping you become as prepared as possible for your certification exam. We want you to walk out of the real exam confident and knowing that your time preparing with ExamEdge.com was a success!",15.00%,https://www.tkqlhce.com/click-100179843-13344411-1608148945000,https://www.ExamEdge.com/GED,13344411,"Text Link",SAVE-GED,Coupon,"2018-05-01 21:00:00","2025-05-24 21:00:00"
"Exam Edge - Act now and save 10% on IELTS Teaching Practice Tests","Exam Edge","Exam Edge is a leading provider of online test preparation for your IELTS Teaching certifications. Our exams are content focused helping you become as prepared as possible for your certification exam. We want you to walk out of the real exam confident and knowing that your time preparing with ExamEdge.com was a success!",15.00%,https://www.jdoqocy.com/click-100179843-13344418-1608148945000,https://www.ExamEdge.com/IELTS,13344418,"Text Link",SAVE-IELT,Coupon,"2018-05-01 21:00:00","2025-05-24 21:00:00"
"Exam Edge - Act now and save 10% on AAFCS Service Industry Practice Tests","Exam Edge","Exam Edge is a leading provider of online test preparation for your AAFCS Service Industry certifications. Our exams are content focused helping you become as prepared as possible for your certification exam. We want you to walk out of the real exam confident and knowing that your time preparing with ExamEdge.com was a success!",15.00%,https://www.dpbolvw.net/click-100179843-13344403-1608148945000,https://www.ExamEdge.com/FCS,13344403,"Text Link",SAVE-AAFC,Coupon,"2018-05-01 21:00:00","2025-05-24 21:00:00"
"Exam Edge - Act now and save 10% on AADE Healthcare Practice Tests","Exam Edge","Exam Edge is a leading provider of online test preparation for your AADE Healthcare certifications. Our exams are content focused helping you become as prepared as possible for your certification exam. We want you to walk out of the real exam confident and knowing that your time preparing with ExamEdge.com was a success!",15.00%,https://www.dpbolvw.net/click-100179843-13344332-1608148945000,https://www.ExamEdge.com/AADE,13344332,"Text Link",SAVE-AADE,Coupon,"2018-05-01 21:00:00","2025-05-24 21:00:00"
"Exam Edge - Act now and save 10% on AHIMA Healthcare Practice Tests","Exam Edge","Exam Edge is a leading provider of online test preparation for your AHIMA Healthcare certifications. Our exams are content focused helping you become as prepared as possible for your certification exam. We want you to walk out of the real exam confident and knowing that your time preparing with ExamEdge.com was a success!",15.00%,https://www.anrdoezrs.net/click-100179843-13344353-1608148945000,https://www.ExamEdge.com/AHIMA,13344353,"Text Link",SAVE-AHIM,Coupon,"2018-05-01 21:00:00","2025-05-24 21:00:00"
"Exam Edge - Act now and save 10% on ATCB Healthcare Practice Tests","Exam Edge","Exam Edge is a leading provider of online test preparation for your ATCB Healthcare certifications. Our exams are content focused helping you become as prepared as possible for your certification exam. We want you to walk out of the real exam confident and knowing that your time preparing with ExamEdge.com was a success!",15.00%,https://www.jdoqocy.com/click-100179843-13344363-1608148945000,https://www.ExamEdge.com/ATCB,13344363,"Text Link",SAVE-ATCB,Coupon,"2018-05-01 21:00:00","2025-05-24 21:00:00"
"Exam Edge - Act now and save 10% on ASPPB Healthcare Practice Tests","Exam Edge","Exam Edge is a leading provider of online test preparation for your ASPPB Healthcare certifications. Our exams are content focused helping you become as prepared as possible for your certification exam. We want you to walk out of the real exam confident and knowing that your time preparing with ExamEdge.com was a success!",15.00%,https://www.tkqlhce.com/click-100179843-13344370-1608148945000,https://www.ExamEdge.com/ASPPB,13344370,"Text Link",SAVE-ASPP,Coupon,"2018-05-01 21:00:00","2025-05-24 21:00:00"
"Exam Edge - Act now and save 10% on Compass College Placement Practice Tests","Exam Edge","Exam Edge is a leading provider of online test preparation for your Compass College Placement certifications. Our exams are content focused helping you become as prepared as possible for your certification exam. We want you to walk out of the real exam confident and knowing that your time preparing with ExamEdge.com was a success!",15.00%,https://www.anrdoezrs.net/click-100179843-13344395-1608148945000,https://www.ExamEdge.com/COMPASS,13344395,"Text Link",SAVE-Comp,Coupon,"2018-05-01 21:00:00","2025-05-24 21:00:00"
"Exam Edge - Act now and save 10% on ABCTE Teaching Practice Tests","Exam Edge","Exam Edge is a leading provider of online test preparation for your ABCTE Teaching certifications. Our exams are content focused helping you become as prepared as possible for your certification exam. We want you to walk out of the real exam confident and knowing that your time preparing with ExamEdge.com was a success!",15.00%,https://www.dpbolvw.net/click-100179843-13344351-1608148945000,https://www.ExamEdge.com/ABTCE,13344351,"Text Link",SAVE-ABCT,Coupon,"2018-05-01 21:00:00","2025-05-24 21:00:00"
"Exam Edge - Act now and save 10% on HAAD International Practice Tests","Exam Edge","Exam Edge is a leading provider of online test preparation for your HAAD International certifications. Our exams are content focused helping you become as prepared as possible for your certification exam. We want you to walk out of the real exam confident and knowing that your time preparing with ExamEdge.com was a success!",15.00%,https://www.jdoqocy.com/click-100179843-13344414-1608148945000,https://www.ExamEdge.com/HAAD,13344414,"Text Link",SAVE-HAAD,Coupon,"2018-05-01 21:00:00","2025-05-24 21:00:00"
"Exam Edge - Act now and save 10% on MTEL Teaching Practice Tests","Exam Edge","Exam Edge is a leading provider of online test preparation for your MTEL Teaching certifications. Our exams are content focused helping you become as prepared as possible for your certification exam. We want you to walk out of the real exam confident and knowing that your time preparing with ExamEdge.com was a success!",15.00%,https://www.kqzyfj.com/click-100179843-13344433-1608148945000,https://www.ExamEdge.com/MTEL,13344433,"Text Link",SAVE-MTEL,Coupon,"2018-05-01 21:00:00","2025-05-24 21:00:00"
"Exam Edge - Act now and save 10% on BCEN Nursing Practice Tests","Exam Edge","Exam Edge is a leading provider of online test preparation for your BCEN Nursing certifications. Our exams are content focused helping you become as prepared as possible for your certification exam. We want you to walk out of the real exam confident and knowing that your time preparing with ExamEdge.com was a success!",15.00%,https://www.anrdoezrs.net/click-100179843-13344373-1608148945000,https://www.ExamEdge.com/BCEN,13344373,"Text Link",SAVE-BCEN,Coupon,"2018-05-01 21:00:00","2025-05-24 21:00:00"
"Exam Edge - Act now and save 10% on ACE Fitness Practice Tests","Exam Edge","Exam Edge is a leading provider of online test preparation for your ACE Fitness certifications. Our exams are content focused helping you become as prepared as possible for your certification exam. We want you to walk out of the real exam confident and knowing that your time preparing with ExamEdge.com was a success!",15.00%,https://www.anrdoezrs.net/click-100179843-13344340-1608148945000,https://www.ExamEdge.com/ACE,13344340,"Text Link",SAVE-ACE,Coupon,"2018-05-01 21:00:00","2025-05-24 21:00:00"
"Exam Edge - Act now and save 10% on AFAA Fitness Practice Tests","Exam Edge","Exam Edge is a leading provider of online test preparation for your AFAA Fitness certifications. Our exams are content focused helping you become as prepared as possible for your certification exam. We want you to walk out of the real exam confident and knowing that your time preparing with ExamEdge.com was a success!",15.00%,https://www.anrdoezrs.net/click-100179843-13344344-1608148945000,https://www.ExamEdge.com/AFAA,13344344,"Text Link",SAVE-AFAA,Coupon,"2018-05-01 21:00:00","2025-05-24 21:00:00"
"Exam Edge - Act now and save 10% on HSGQE High School Practice Tests","Exam Edge","Exam Edge is a leading provider of online test preparation for your HSGQE High School certifications. Our exams are content focused helping you become as prepared as possible for your certification exam. We want you to walk out of the real exam confident and knowing that your time preparing with ExamEdge.com was a success!",15.00%,https://www.tkqlhce.com/click-100179843-13344348-1608148945000,https://www.ExamEdge.com/HSGQE,13344348,"Text Link",SAVE-HSGQ,Coupon,"2018-05-01 21:00:00","2025-05-24 21:00:00"
"Exam Edge - Act now and save 10% on CDR Healthcare Practice Tests","Exam Edge","Exam Edge is a leading provider of online test preparation for your CDR Healthcare certifications. Our exams are content focused helping you become as prepared as possible for your certification exam. We want you to walk out of the real exam confident and knowing that your time preparing with ExamEdge.com was a success!",15.00%,https://www.jdoqocy.com/click-100179843-13344352-1608148945000,https://www.ExamEdge.com/ADA,13344352,"Text Link",SAVE-CDR,Coupon,"2018-05-01 21:00:00","2025-05-24 21:00:00"
"Exam Edge - Act now and save 10% on ABCTE Teaching Practice Tests","Exam Edge","Exam Edge is a leading provider of online test preparation for your ABCTE Teaching certifications. Our exams are content focused helping you become as prepared as possible for your certification exam. We want you to walk out of the real exam confident and knowing that your time preparing with ExamEdge.com was a success!",15.00%,https://www.dpbolvw.net/click-100179843-13344508-1608148945000,https://www.ExamEdge.com/ABTCE,13344508,"Text Link",SAVE-ABCT,Coupon,"2018-05-01 21:00:00","2025-05-24 21:00:00"
"Exam Edge - Act now and save 10% on QCHP International Practice Tests","Exam Edge","Exam Edge is a leading provider of online test preparation for your QCHP International certifications. Our exams are content focused helping you become as prepared as possible for your certification exam. We want you to walk out of the real exam confident and knowing that your time preparing with ExamEdge.com was a success!",15.00%,https://www.kqzyfj.com/click-100179843-13344516-1608148945000,https://www.ExamEdge.com/QCHP,13344516,"Text Link",SAVE-QCHP,Coupon,"2018-05-01 21:00:00","2025-05-24 21:00:00"
"Exam Edge - Act now and save 10% on THEA College Placement Practice Tests","Exam Edge","Exam Edge is a leading provider of online test preparation for your THEA College Placement certifications. Our exams are content focused helping you become as prepared as possible for your certification exam. We want you to walk out of the real exam confident and knowing that your time preparing with ExamEdge.com was a success!",15.00%,https://www.kqzyfj.com/click-100179843-13344545-1608148945000,https://www.ExamEdge.com/THEA,13344545,"Text Link",SAVE-THEA,Coupon,"2018-05-01 21:00:00","2025-05-24 21:00:00"
"Exam Edge - Act now and save 10% on ASVAB Government Practice Tests","Exam Edge","Exam Edge is a leading provider of online test preparation for your ASVAB Government certifications. Our exams are content focused helping you become as prepared as possible for your certification exam. We want you to walk out of the real exam confident and knowing that your time preparing with ExamEdge.com was a success!",15.00%,https://www.tkqlhce.com/click-100179843-13344548-1608148945000,https://www.ExamEdge.com/ASVAB,13344548,"Text Link",SAVE-ASVA,Coupon,"2018-05-01 21:00:00","2025-05-24 21:00:00"
"Exam Edge - Act now and save 10% on WAEC International Practice Tests","Exam Edge","Exam Edge is a leading provider of online test preparation for your WAEC International certifications. Our exams are content focused helping you become as prepared as possible for your certification exam. We want you to walk out of the real exam confident and knowing that your time preparing with ExamEdge.com was a success!",15.00%,https://www.dpbolvw.net/click-100179843-13344551-1608148945000,https://www.ExamEdge.com/WAEC,13344551,"Text Link",SAVE-WAEC,Coupon,"2018-05-01 21:00:00","2025-05-24 21:00:00"
"Exam Edge - Act now and save 10% on BCEN Nursing Practice Tests","Exam Edge","Exam Edge is a leading provider of online test preparation for your BCEN Nursing certifications. Our exams are content focused helping you become as prepared as possible for your certification exam. We want you to walk out of the real exam confident and knowing that your time preparing with ExamEdge.com was a success!",15.00%,https://www.tkqlhce.com/click-100179843-13344553-1608148945000,https://www.ExamEdge.com/BCEN,13344553,"Text Link",SAVE-BCEN,Coupon,"2018-05-01 21:00:00","2025-05-24 21:00:00"
"Exam Edge - Act now and save 10% on CBIC Healthcare Practice Tests","Exam Edge","Exam Edge is a leading provider of online test preparation for your CBIC Healthcare certifications. Our exams are content focused helping you become as prepared as possible for your certification exam. We want you to walk out of the real exam confident and knowing that your time preparing with ExamEdge.com was a success!",15.00%,https://www.anrdoezrs.net/click-100179843-13344564-1608148945000,https://www.ExamEdge.com/CBIC,13344564,"Text Link",SAVE-CBIC,Coupon,"2018-05-01 21:00:00","2025-05-24 21:00:00"
"Exam Edge - Act now and save 10% on FMCSA (CDL/CME) Government Practice Tests","Exam Edge","Exam Edge is a leading provider of online test preparation for your FMCSA (CDL/CME) Government certifications. Our exams are content focused helping you become as prepared as possible for your certification exam. We want you to walk out of the real exam confident and knowing that your time preparing with ExamEdge.com was a success!",15.00%,https://www.dpbolvw.net/click-100179843-13344586-1608148945000,https://www.ExamEdge.com/FMCSA,13344586,"Text Link",SAVE-FMCS,Coupon,"2018-05-01 21:00:00","2025-05-24 21:00:00"
"Exam Edge - Act now and save 10% on FELE Teaching Practice Tests","Exam Edge","Exam Edge is a leading provider of online test preparation for your FELE Teaching certifications. Our exams are content focused helping you become as prepared as possible for your certification exam. We want you to walk out of the real exam confident and knowing that your time preparing with ExamEdge.com was a success!",15.00%,https://www.anrdoezrs.net/click-100179843-13344588-1608148945000,https://www.ExamEdge.com/FELE,13344588,"Text Link",SAVE-FELE,Coupon,"2018-05-01 21:00:00","2025-05-24 21:00:00"
"Exam Edge - Act now and save 10% on ILTS Teaching Practice Tests","Exam Edge","Exam Edge is a leading provider of online test preparation for your ILTS Teaching certifications. Our exams are content focused helping you become as prepared as possible for your certification exam. We want you to walk out of the real exam confident and knowing that your time preparing with ExamEdge.com was a success!",15.00%,https://www.anrdoezrs.net/click-100179843-13344601-1608148945000,https://www.ExamEdge.com/ILTS,13344601,"Text Link",SAVE-ILTS,Coupon,"2018-05-01 21:00:00","2025-05-24 21:00:00"
"Exam Edge - Act now and save 10% on MCA Teaching Practice Tests","Exam Edge","Exam Edge is a leading provider of online test preparation for your MCA Teaching certifications. Our exams are content focused helping you become as prepared as possible for your certification exam. We want you to walk out of the real exam confident and knowing that your time preparing with ExamEdge.com was a success!",15.00%,https://www.dpbolvw.net/click-100179843-13344610-1608148945000,https://www.ExamEdge.com/MEGA,13344610,"Text Link",SAVE-MCA,Coupon,"2018-05-01 21:00:00","2025-05-24 21:00:00"
"Exam Edge - Act now and save 10% on MTEL Teaching Practice Tests","Exam Edge","Exam Edge is a leading provider of online test preparation for your MTEL Teaching certifications. Our exams are content focused helping you become as prepared as possible for your certification exam. We want you to walk out of the real exam confident and knowing that your time preparing with ExamEdge.com was a success!",15.00%,https://www.dpbolvw.net/click-100179843-13344614-1608148945000,https://www.ExamEdge.com/MTEL,13344614,"Text Link",SAVE-MTEL,Coupon,"2018-05-01 21:00:00","2025-05-24 21:00:00"
"Exam Edge - Act now and save 10% on NEHA Service Industry Practice Tests","Exam Edge","Exam Edge is a leading provider of online test preparation for your NEHA Service Industry certifications. Our exams are content focused helping you become as prepared as possible for your certification exam. We want you to walk out of the real exam confident and knowing that your time preparing with ExamEdge.com was a success!",15.00%,https://www.anrdoezrs.net/click-100179843-13344636-1608148945000,https://www.ExamEdge.com/NEHA,13344636,"Text Link",SAVE-NEHA,Coupon,"2018-05-01 21:00:00","2025-05-24 21:00:00"
"Exam Edge - Act now and save 10% on NCNZ International Practice Tests","Exam Edge","Exam Edge is a leading provider of online test preparation for your NCNZ International certifications. Our exams are content focused helping you become as prepared as possible for your certification exam. We want you to walk out of the real exam confident and knowing that your time preparing with ExamEdge.com was a success!",15.00%,https://www.anrdoezrs.net/click-100179843-13344651-1608148945000,https://www.ExamEdge.com/NCNZ,13344651,"Text Link",SAVE-NCNZ,Coupon,"2018-05-01 21:00:00","2025-05-24 21:00:00"
"Exam Edge - Act now and save 10% on PEBC Canadian Practice Tests","Exam Edge","Exam Edge is a leading provider of online test preparation for your PEBC Canadian certifications. Our exams are content focused helping you become as prepared as possible for your certification exam. We want you to walk out of the real exam confident and knowing that your time preparing with ExamEdge.com was a success!",15.00%,https://www.anrdoezrs.net/click-100179843-13344662-1608148945000,https://www.ExamEdge.com/PEBC,13344662,"Text Link",SAVE-PEBC,Coupon,"2018-05-01 21:00:00","2025-05-24 21:00:00"
"Exam Edge - Act now and save 10% on ASCO (OAT) Optometry Practice Tests","Exam Edge","Exam Edge is a leading provider of online test preparation for your ASCO (OAT) Optometry certifications. Our exams are content focused helping you become as prepared as possible for your certification exam. We want you to walk out of the real exam confident and knowing that your time preparing with ExamEdge.com was a success!",15.00%,https://www.jdoqocy.com/click-100179843-13344541-1608148945000,https://www.ExamEdge.com/ASCO,13344541,"Text Link",SAVE-ASCO,Coupon,"2018-05-01 21:00:00","2025-05-24 21:00:00"
"Exam Edge - Act now and save 10% on ASPPB Healthcare Practice Tests","Exam Edge","Exam Edge is a leading provider of online test preparation for your ASPPB Healthcare certifications. Our exams are content focused helping you become as prepared as possible for your certification exam. We want you to walk out of the real exam confident and knowing that your time preparing with ExamEdge.com was a success!",15.00%,https://www.tkqlhce.com/click-100179843-13344546-1608148945000,https://www.ExamEdge.com/ASPPB,13344546,"Text Link",SAVE-ASPP,Coupon,"2018-05-01 21:00:00","2025-05-24 21:00:00"
"Exam Edge - Act now and save 10% on WEST Teaching Practice Tests","Exam Edge","Exam Edge is a leading provider of online test preparation for your WEST Teaching certifications. Our exams are content focused helping you become as prepared as possible for your certification exam. We want you to walk out of the real exam confident and knowing that your time preparing with ExamEdge.com was a success!",15.00%,https://www.anrdoezrs.net/click-100179843-13344690-1608148945000,https://www.ExamEdge.com/WESTB,13344690,"Text Link",SAVE-WEST,Coupon,"2018-05-01 21:00:00","2025-05-24 21:00:00"
"Exam Edge - Act now and save 10% on CSMLS Canadian Practice Tests","Exam Edge","Exam Edge is a leading provider of online test preparation for your CSMLS Canadian certifications. Our exams are content focused helping you become as prepared as possible for your certification exam. We want you to walk out of the real exam confident and knowing that your time preparing with ExamEdge.com was a success!",15.00%,https://www.tkqlhce.com/click-100179843-13344560-1608148945000,https://www.ExamEdge.com/CSMLS,13344560,"Text Link",SAVE-CSML,Coupon,"2018-05-01 21:00:00","2025-05-24 21:00:00"
"Exam Edge - Act now and save 10% on MAOB Healthcare Practice Tests","Exam Edge","Exam Edge is a leading provider of online test preparation for your MAOB Healthcare certifications. Our exams are content focused helping you become as prepared as possible for your certification exam. We want you to walk out of the real exam confident and knowing that your time preparing with ExamEdge.com was a success!",15.00%,https://www.tkqlhce.com/click-100179843-13344607-1608148945000,https://www.ExamEdge.com/MAOB,13344607,"Text Link",SAVE-MAOB,Coupon,"2018-05-01 21:00:00","2025-05-24 21:00:00"
"Exam Edge - Act now and save 10% on NOCTI Dental Practice Tests","Exam Edge","Exam Edge is a leading provider of online test preparation for your NOCTI Dental certifications. Our exams are content focused helping you become as prepared as possible for your certification exam. We want you to walk out of the real exam confident and knowing that your time preparing with ExamEdge.com was a success!",15.00%,https://www.tkqlhce.com/click-100179843-13344643-1608148945000,https://www.ExamEdge.com/NOCTI,13344643,"Text Link",SAVE-NOCT,Coupon,"2018-05-01 21:00:00","2025-05-24 21:00:00"
"Exam Edge - Act now and save 10% on Regents High School Practice Tests","Exam Edge","Exam Edge is a leading provider of online test preparation for your Regents High School certifications. Our exams are content focused helping you become as prepared as possible for your certification exam. We want you to walk out of the real exam confident and knowing that your time preparing with ExamEdge.com was a success!",15.00%,https://www.dpbolvw.net/click-100179843-13344673-1608148945000,https://www.ExamEdge.com/REGENTS,13344673,"Text Link",SAVE-Rege,Coupon,"2018-05-01 21:00:00","2025-05-24 21:00:00"
"Exam Edge - Act now and save 10% on School Nurses Healthcare Practice Tests","Exam Edge","Exam Edge is a leading provider of online test preparation for your School Nurses Healthcare certifications. Our exams are content focused helping you become as prepared as possible for your certification exam. We want you to walk out of the real exam confident and knowing that your time preparing with ExamEdge.com was a success!",15.00%,https://www.tkqlhce.com/click-100179843-13344437-1608148945000,https://www.ExamEdge.com/NBCSN,13344437,"Text Link",SAVE-Scho,Coupon,"2018-05-01 21:00:00","2025-05-24 21:00:00"
"Exam Edge - Act now and save 10% on NMTA Teaching Practice Tests","Exam Edge","Exam Edge is a leading provider of online test preparation for your NMTA Teaching certifications. Our exams are content focused helping you become as prepared as possible for your certification exam. We want you to walk out of the real exam confident and knowing that your time preparing with ExamEdge.com was a success!",15.00%,https://www.kqzyfj.com/click-100179843-13344460-1608148945000,https://www.ExamEdge.com/NMTA,13344460,"Text Link",SAVE-NMTA,Coupon,"2018-05-01 21:00:00","2025-05-24 21:00:00"
"Exam Edge - Act now and save 10% on ACE Fitness Practice Tests","Exam Edge","Exam Edge is a leading provider of online test preparation for your ACE Fitness certifications. Our exams are content focused helping you become as prepared as possible for your certification exam. We want you to walk out of the real exam confident and knowing that your time preparing with ExamEdge.com was a success!",15.00%,https://www.kqzyfj.com/click-100179843-13344485-1608148945000,https://www.ExamEdge.com/ACE,13344485,"Text Link",SAVE-ACE,Coupon,"2018-05-01 21:00:00","2025-05-24 21:00:00"
"Exam Edge - Act now and save 10% on PCAT Pharmacy Technician Practice Tests","Exam Edge","Exam Edge is a leading provider of online test preparation for your PCAT Pharmacy Technician certifications. Our exams are content focused helping you become as prepared as possible for your certification exam. We want you to walk out of the real exam confident and knowing that your time preparing with ExamEdge.com was a success!",15.00%,https://www.dpbolvw.net/click-100179843-13344505-1608148945000,https://www.ExamEdge.com/PCAT,13344505,"Text Link",SAVE-PCAT,Coupon,"2018-05-01 21:00:00","2025-05-24 21:00:00"
"Exam Edge - Act now and save 10% on PMI Business Practice Tests","Exam Edge","Exam Edge is a leading provider of online test preparation for your PMI Business certifications. Our exams are content focused helping you become as prepared as possible for your certification exam. We want you to walk out of the real exam confident and knowing that your time preparing with ExamEdge.com was a success!",15.00%,https://www.kqzyfj.com/click-100179843-13344512-1608148945000,https://www.ExamEdge.com/PMI,13344512,"Text Link",SAVE-PMI,Coupon,"2018-05-01 21:00:00","2025-05-24 21:00:00"
"Exam Edge - Act now and save 10% on ASWB Healthcare Practice Tests","Exam Edge","Exam Edge is a leading provider of online test preparation for your ASWB Healthcare certifications. Our exams are content focused helping you become as prepared as possible for your certification exam. We want you to walk out of the real exam confident and knowing that your time preparing with ExamEdge.com was a success!",15.00%,https://www.anrdoezrs.net/click-100179843-13344544-1608148945000,https://www.ExamEdge.com/ASWB,13344544,"Text Link",SAVE-ASWB,Coupon,"2018-05-01 21:00:00","2025-05-24 21:00:00"
"Exam Edge - Act now and save 10% on ANMAC Healthcare Practice Tests","Exam Edge","Exam Edge is a leading provider of online test preparation for your ANMAC Healthcare certifications. Our exams are content focused helping you become as prepared as possible for your certification exam. We want you to walk out of the real exam confident and knowing that your time preparing with ExamEdge.com was a success!",15.00%,https://www.dpbolvw.net/click-100179843-13344550-1608148945000,https://www.ExamEdge.com/ANMAC,13344550,"Text Link",SAVE-ANMA,Coupon,"2018-05-01 21:00:00","2025-05-24 21:00:00"
"Exam Edge - Act now and save 10% on NBCOT Healthcare Practice Tests","Exam Edge","Exam Edge is a leading provider of online test preparation for your NBCOT Healthcare certifications. Our exams are content focused helping you become as prepared as possible for your certification exam. We want you to walk out of the real exam confident and knowing that your time preparing with ExamEdge.com was a success!",15.00%,https://www.dpbolvw.net/click-100179843-13344627-1608148945000,https://www.ExamEdge.com/NBCOT,13344627,"Text Link",SAVE-NBCO,Coupon,"2018-05-01 21:00:00","2025-05-24 21:00:00"
"Exam Edge - Act now and save 10% on OAE Teaching Practice Tests","Exam Edge","Exam Edge is a leading provider of online test preparation for your OAE Teaching certifications. Our exams are content focused helping you become as prepared as possible for your certification exam. We want you to walk out of the real exam confident and knowing that your time preparing with ExamEdge.com was a success!",15.00%,https://www.anrdoezrs.net/click-100179843-13344656-1608148945000,https://www.ExamEdge.com/OAE,13344656,"Text Link",SAVE-OAE,Coupon,"2018-05-01 21:00:00","2025-05-24 21:00:00"
"Exam Edge - Act now and save 10% on FINRA Financial Practice Tests","Exam Edge","Exam Edge is a leading provider of online test preparation for your FINRA Financial certifications. Our exams are content focused helping you become as prepared as possible for your certification exam. We want you to walk out of the real exam confident and knowing that your time preparing with ExamEdge.com was a success!",15.00%,https://www.dpbolvw.net/click-100179843-13344589-1608148945000,https://www.ExamEdge.com/FINRA,13344589,"Text Link",SAVE-FINR,Coupon,"2018-05-01 21:00:00","2025-05-24 21:00:00"
"Exam Edge AANP Nursing Certifications - Save 10%","Exam Edge","Exam Edge is a leading provider of online test preparation for your AANP Nursing certifications. Our exams are content focused helping you become as prepared as possible for your certification exam. We want you to walk out of the real exam confident and knowing that your time preparing with ExamEdge.com was a success!",15.00%,https://www.jdoqocy.com/click-100179843-13331095-1608148945000,https://www.ExamEdge.com/AANP,13331095,"Text Link",SAVE-CJ10,Coupon,"2018-05-01 21:00:00","2025-05-24 21:00:00"
"Exam Edge CCB Healthcare Certifications - Save 10%","Exam Edge","Exam Edge is a leading provider of online test preparation for your CCB Healthcare certifications. Our exams are content focused helping you become as prepared as possible for your certification exam. We want you to walk out of the real exam confident and knowing that your time preparing with ExamEdge.com was a success!",15.00%,https://www.anrdoezrs.net/click-100179843-13331157-1608148945000,https://www.ExamEdge.com/CBC,13331157,"Text Link",SAVE-CJ10,Coupon,"2018-05-01 21:00:00","2025-05-24 21:00:00"
"Exam Edge CEOE Teaching Certifications - Save 10%","Exam Edge","Exam Edge is a leading provider of online test preparation for your CEOE Teaching certifications. Our exams are content focused helping you become as prepared as possible for your certification exam. We want you to walk out of the real exam confident and knowing that your time preparing with ExamEdge.com was a success!",15.00%,https://www.tkqlhce.com/click-100179843-13331201-1608148945000,https://www.ExamEdge.com/CEOE,13331201,"Text Link",SAVE-CJ10,Coupon,"2018-05-01 21:00:00","2025-05-24 21:00:00"
"Exam Edge SANC International Certifications - Save 10%","Exam Edge","Exam Edge is a leading provider of online test preparation for your SANC International certifications. Our exams are content focused helping you become as prepared as possible for your certification exam. We want you to walk out of the real exam confident and knowing that your time preparing with ExamEdge.com was a success!",15.00%,https://www.anrdoezrs.net/click-100179843-13331219-1608148945000,https://www.ExamEdge.com/SANC,13331219,"Text Link",SAVE-CJ10,Coupon,"2018-05-01 21:00:00","2025-05-24 21:00:00"
"Exam Edge AICPA Accounting Certifications - Save 10%","Exam Edge","Exam Edge is a leading provider of online test preparation for your AICPA Accounting certifications. Our exams are content focused helping you become as prepared as possible for your certification exam. We want you to walk out of the real exam confident and knowing that your time preparing with ExamEdge.com was a success!",15.00%,https://www.anrdoezrs.net/click-100179843-13331250-1608148945000,https://www.ExamEdge.com/AICPA,13331250,"Text Link",SAVE-CJ10,Coupon,"2018-05-01 21:00:00","2025-05-24 21:00:00"
"Exam Edge MTTC Teaching Certifications - Save 10%","Exam Edge","Exam Edge is a leading provider of online test preparation for your MTTC Teaching certifications. Our exams are content focused helping you become as prepared as possible for your certification exam. We want you to walk out of the real exam confident and knowing that your time preparing with ExamEdge.com was a success!",15.00%,https://www.kqzyfj.com/click-100179843-13331271-1608148945000,https://www.ExamEdge.com/MTTC,13331271,"Text Link",SAVE-CJ10,Coupon,"2018-05-01 21:00:00","2025-05-24 21:00:00"
"Exam Edge NMC of the UK International Certifications - Save 10%","Exam Edge","Exam Edge is a leading provider of online test preparation for your NMC of the UK International certifications. Our exams are content focused helping you become as prepared as possible for your certification exam. We want you to walk out of the real exam confident and knowing that your time preparing with ExamEdge.com was a success!",15.00%,https://www.tkqlhce.com/click-100179843-13331292-1608148945000,https://www.ExamEdge.com/NMC,13331292,"Text Link",SAVE-CJ10,Coupon,"2018-05-01 21:00:00","2025-05-24 21:00:00"
"Exam Edge AACN Nursing Certifications - Save 10%","Exam Edge","Exam Edge is a leading provider of online test preparation for your AACN Nursing certifications. Our exams are content focused helping you become as prepared as possible for your certification exam. We want you to walk out of the real exam confident and knowing that your time preparing with ExamEdge.com was a success!",15.00%,https://www.anrdoezrs.net/click-100179843-13331131-1608148945000,https://www.ExamEdge.com/AACN,13331131,"Text Link",SAVE-CJ10,Coupon,"2018-05-01 21:00:00","2025-05-24 21:00:00"
"Exam Edge CSMLS Canadian Certifications - Save 10%","Exam Edge","Exam Edge is a leading provider of online test preparation for your CSMLS Canadian certifications. Our exams are content focused helping you become as prepared as possible for your certification exam. We want you to walk out of the real exam confident and knowing that your time preparing with ExamEdge.com was a success!",15.00%,https://www.kqzyfj.com/click-100179843-13331149-1608148945000,https://www.ExamEdge.com/CSMLS,13331149,"Text Link",SAVE-CJ10,Coupon,"2018-05-01 21:00:00","2025-05-24 21:00:00"
"Exam Edge FSBPT Healthcare Certifications - Save 10%","Exam Edge","Exam Edge is a leading provider of online test preparation for your FSBPT Healthcare certifications. Our exams are content focused helping you become as prepared as possible for your certification exam. We want you to walk out of the real exam confident and knowing that your time preparing with ExamEdge.com was a success!",15.00%,https://www.anrdoezrs.net/click-100179843-13331164-1608148945000,https://www.ExamEdge.com/FSBPT,13331164,"Text Link",SAVE-CJ10,Coupon,"2018-05-01 21:00:00","2025-05-24 21:00:00"
"Exam Edge BCEN Misc Certifications - Save 10%","Exam Edge","Exam Edge is a leading provider of online test preparation for your BCEN Misc certifications. Our exams are content focused helping you become as prepared as possible for your certification exam. We want you to walk out of the real exam confident and knowing that your time preparing with ExamEdge.com was a success!",15.00%,https://www.kqzyfj.com/click-100179843-13331147-1608148945000,https://www.ExamEdge.com/BCEN,13331147,"Text Link",SAVE-CJ10,Coupon,"2018-05-01 21:00:00","2025-05-24 21:00:00"
"Exam Edge NCSBN Nursing Certifications - Save 10%","Exam Edge","Exam Edge is a leading provider of online test preparation for your NCSBN Nursing certifications. Our exams are content focused helping you become as prepared as possible for your certification exam. We want you to walk out of the real exam confident and knowing that your time preparing with ExamEdge.com was a success!",15.00%,https://www.jdoqocy.com/click-100179843-13331187-1608148945000,https://www.ExamEdge.com/NCLEX,13331187,"Text Link",SAVE-CJ10,Coupon,"2018-05-01 21:00:00","2025-05-24 21:00:00"
"Exam Edge CBPPS Healthcare Certifications - Save 10%","Exam Edge","Exam Edge is a leading provider of online test preparation for your CBPPS Healthcare certifications. Our exams are content focused helping you become as prepared as possible for your certification exam. We want you to walk out of the real exam confident and knowing that your time preparing with ExamEdge.com was a success!",15.00%,https://www.jdoqocy.com/click-100179843-13331205-1608148945000,https://www.ExamEdge.com/PatientSafety,13331205,"Text Link",SAVE-CJ10,Coupon,"2018-05-01 21:00:00","2025-05-24 21:00:00"
"Exam Edge CLAST College Placement Certifications - Save 10%","Exam Edge","Exam Edge is a leading provider of online test preparation for your CLAST College Placement certifications. Our exams are content focused helping you become as prepared as possible for your certification exam. We want you to walk out of the real exam confident and knowing that your time preparing with ExamEdge.com was a success!",15.00%,https://www.kqzyfj.com/click-100179843-13331253-1608148945000,https://www.ExamEdge.com/CLAST,13331253,"Text Link",SAVE-CJ10,Coupon,"2018-05-01 21:00:00","2025-05-24 21:00:00"
"Exam Edge CSMLS Canadian Certifications - Save 10%","Exam Edge","Exam Edge is a leading provider of online test preparation for your CSMLS Canadian certifications. Our exams are content focused helping you become as prepared as possible for your certification exam. We want you to walk out of the real exam confident and knowing that your time preparing with ExamEdge.com was a success!",15.00%,https://www.jdoqocy.com/click-100179843-13331114-1608148945000,https://www.ExamEdge.com/CSMLS,13331114,"Text Link",SAVE-CJ10,Coupon,"2018-05-01 21:00:00","2025-05-24 21:00:00"
"Exam Edge Civil Service Government Certifications - Save 10%","Exam Edge","Exam Edge is a leading provider of online test preparation for your Civil Service Government certifications. Our exams are content focused helping you become as prepared as possible for your certification exam. We want you to walk out of the real exam confident and knowing that your time preparing with ExamEdge.com was a success!",15.00%,https://www.dpbolvw.net/click-100179843-13331119-1608148945000,https://www.ExamEdge.com/CivilService,13331119,"Text Link",SAVE-CJ10,Coupon,"2018-05-01 21:00:00","2025-05-24 21:00:00"
"Exam Edge ANMAC Healthcare Certifications - Save 10%","Exam Edge","Exam Edge is a leading provider of online test preparation for your ANMAC Healthcare certifications. Our exams are content focused helping you become as prepared as possible for your certification exam. We want you to walk out of the real exam confident and knowing that your time preparing with ExamEdge.com was a success!",15.00%,https://www.jdoqocy.com/click-100179843-13331146-1608148945000,https://www.ExamEdge.com/ANMAC,13331146,"Text Link",SAVE-CJ10,Coupon,"2018-05-01 21:00:00","2025-05-24 21:00:00"
"Exam Edge MOH Saudi Arabia International Certifications - Save 10%","Exam Edge","Exam Edge is a leading provider of online test preparation for your MOH Saudi Arabia International certifications. Our exams are content focused helping you become as prepared as possible for your certification exam. We want you to walk out of the real exam confident and knowing that your time preparing with ExamEdge.com was a success!",15.00%,https://www.dpbolvw.net/click-100179843-13331175-1608148945000,https://www.ExamEdge.com/MOH,13331175,"Text Link",SAVE-CJ10,Coupon,"2018-05-01 21:00:00","2025-05-24 21:00:00"
"Exam Edge NMTA Teaching Certifications - Save 10%","Exam Edge","Exam Edge is a leading provider of online test preparation for your NMTA Teaching certifications. Our exams are content focused helping you become as prepared as possible for your certification exam. We want you to walk out of the real exam confident and knowing that your time preparing with ExamEdge.com was a success!",15.00%,https://www.tkqlhce.com/click-100179843-13331190-1608148945000,https://www.ExamEdge.com/NMTA,13331190,"Text Link",SAVE-CJ10,Coupon,"2018-05-01 21:00:00","2025-05-24 21:00:00"
"Exam Edge PSSA High School Certifications - Save 10%","Exam Edge","Exam Edge is a leading provider of online test preparation for your PSSA High School certifications. Our exams are content focused helping you become as prepared as possible for your certification exam. We want you to walk out of the real exam confident and knowing that your time preparing with ExamEdge.com was a success!",15.00%,https://www.jdoqocy.com/click-100179843-13331208-1608148945000,https://www.ExamEdge.com/PSSA,13331208,"Text Link",SAVE-CJ10,Coupon,"2018-05-01 21:00:00","2025-05-24 21:00:00"
"Exam Edge WEST Teaching Certifications - Save 10%","Exam Edge","Exam Edge is a leading provider of online test preparation for your WEST Teaching certifications. Our exams are content focused helping you become as prepared as possible for your certification exam. We want you to walk out of the real exam confident and knowing that your time preparing with ExamEdge.com was a success!",15.00%,https://www.dpbolvw.net/click-100179843-13331225-1608148945000,https://www.ExamEdge.com/WESTB,13331225,"Text Link",SAVE-CJ10,Coupon,"2018-05-01 21:00:00","2025-05-24 21:00:00"
"Exam Edge Canadian Nursing Canadian Certifications - Save 10%","Exam Edge","Exam Edge is a leading provider of online test preparation for your Canadian Nursing Canadian certifications. Our exams are content focused helping you become as prepared as possible for your certification exam. We want you to walk out of the real exam confident and knowing that your time preparing with ExamEdge.com was a success!",15.00%,https://www.tkqlhce.com/click-100179843-13331113-1608148945000,https://www.ExamEdge.com/CANurse,13331113,"Text Link",SAVE-CJ10,Coupon,"2018-05-01 21:00:00","2025-05-24 21:00:00"
"Exam Edge ABCTE Teaching Certifications - Save 10%","Exam Edge","Exam Edge is a leading provider of online test preparation for your ABCTE Teaching certifications. Our exams are content focused helping you become as prepared as possible for your certification exam. We want you to walk out of the real exam confident and knowing that your time preparing with ExamEdge.com was a success!",15.00%,https://www.tkqlhce.com/click-100179843-13331230-1608148945000,https://www.ExamEdge.com/ABTCE,13331230,"Text Link",SAVE-CJ10,Coupon,"2018-05-01 21:00:00","2025-05-24 21:00:00"
"Exam Edge NCNZ International Certifications - Save 10%","Exam Edge","Exam Edge is a leading provider of online test preparation for your NCNZ International certifications. Our exams are content focused helping you become as prepared as possible for your certification exam. We want you to walk out of the real exam confident and knowing that your time preparing with ExamEdge.com was a success!",15.00%,https://www.jdoqocy.com/click-100179843-13331293-1608148945000,https://www.ExamEdge.com/NCNZ,13331293,"Text Link",SAVE-CJ10,Coupon,"2018-05-01 21:00:00","2025-05-24 21:00:00"
"Exam Edge TEXES Teaching Certifications - Save 10%","Exam Edge","Exam Edge is a leading provider of online test preparation for your TEXES Teaching certifications. Our exams are content focused helping you become as prepared as possible for your certification exam. We want you to walk out of the real exam confident and knowing that your time preparing with ExamEdge.com was a success!",15.00%,https://www.jdoqocy.com/click-100179843-13331321-1608148945000,https://www.ExamEdge.com/TEXMAT,13331321,"Text Link",SAVE-CJ10,Coupon,"2018-05-01 21:00:00","2025-05-24 21:00:00"
"Exam Edge WEST Teaching Certifications - Save 10%","Exam Edge","Exam Edge is a leading provider of online test preparation for your WEST Teaching certifications. Our exams are content focused helping you become as prepared as possible for your certification exam. We want you to walk out of the real exam confident and knowing that your time preparing with ExamEdge.com was a success!",15.00%,https://www.kqzyfj.com/click-100179843-13331323-1608148945000,https://www.ExamEdge.com/WESTB,13331323,"Text Link",SAVE-CJ10,Coupon,"2018-05-01 21:00:00","2025-05-24 21:00:00"
"Exam Edge AHIMA Healthcare Certifications - Save 10%","Exam Edge","Exam Edge is a leading provider of online test preparation for your AHIMA Healthcare certifications. Our exams are content focused helping you become as prepared as possible for your certification exam. We want you to walk out of the real exam confident and knowing that your time preparing with ExamEdge.com was a success!",15.00%,https://www.dpbolvw.net/click-100179843-13331099-1608148945000,https://www.ExamEdge.com/AHIMA,13331099,"Text Link",SAVE-CJ10,Coupon,"2018-05-01 21:00:00","2025-05-24 21:00:00"
"Exam Edge - Act now and save 10% on CEOE Teaching Practice Tests","Exam Edge","Exam Edge is a leading provider of online test preparation for your CEOE Teaching certifications. Our exams are content focused helping you become as prepared as possible for your certification exam. We want you to walk out of the real exam confident and knowing that your time preparing with ExamEdge.com was a success!",15.00%,https://www.kqzyfj.com/click-100179843-13344488-1608148945000,https://www.ExamEdge.com/CEOE,13344488,"Text Link",SAVE-CEOE,Coupon,"2018-05-01 21:00:00","2025-05-24 21:00:00"
"Exam Edge - Act now and save 10% on AFQT Government Practice Tests","Exam Edge","Exam Edge is a leading provider of online test preparation for your AFQT Government certifications. Our exams are content focused helping you become as prepared as possible for your certification exam. We want you to walk out of the real exam confident and knowing that your time preparing with ExamEdge.com was a success!",15.00%,https://www.kqzyfj.com/click-100179843-13344497-1608148945000,https://www.ExamEdge.com/AFQT,13344497,"Text Link",SAVE-AFQT,Coupon,"2018-05-01 21:00:00","2025-05-24 21:00:00"
"Exam Edge - Act now and save 10% on ONCC Nursing Practice Tests","Exam Edge","Exam Edge is a leading provider of online test preparation for your ONCC Nursing certifications. Our exams are content focused helping you become as prepared as possible for your certification exam. We want you to walk out of the real exam confident and knowing that your time preparing with ExamEdge.com was a success!",15.00%,https://www.jdoqocy.com/click-100179843-13344659-1608148945000,https://www.ExamEdge.com/ONCC,13344659,"Text Link",SAVE-ONCC,Coupon,"2018-05-01 21:00:00","2025-05-24 21:00:00"
"Exam Edge - Act now and save 10% on PSAE High School Practice Tests","Exam Edge","Exam Edge is a leading provider of online test preparation for your PSAE High School certifications. Our exams are content focused helping you become as prepared as possible for your certification exam. We want you to walk out of the real exam confident and knowing that your time preparing with ExamEdge.com was a success!",15.00%,https://www.tkqlhce.com/click-100179843-13344668-1608148945000,https://www.ExamEdge.com/PSAE,13344668,"Text Link",SAVE-PSAE,Coupon,"2018-05-01 21:00:00","2025-05-24 21:00:00"
"Exam Edge - Act now and save 10% on NCMA Healthcare Practice Tests","Exam Edge","Exam Edge is a leading provider of online test preparation for your NCMA Healthcare certifications. Our exams are content focused helping you become as prepared as possible for your certification exam. We want you to walk out of the real exam confident and knowing that your time preparing with ExamEdge.com was a success!",15.00%,https://www.dpbolvw.net/click-100179843-13344440-1608148945000,https://www.ExamEdge.com/NCMA,13344440,"Text Link",SAVE-NCMA,Coupon,"2018-05-01 21:00:00","2025-05-24 21:00:00"
"Exam Edge - Act now and save 10% on TEAS Healthcare Practice Tests","Exam Edge","Exam Edge is a leading provider of online test preparation for your TEAS Healthcare certifications. Our exams are content focused helping you become as prepared as possible for your certification exam. We want you to walk out of the real exam confident and knowing that your time preparing with ExamEdge.com was a success!",15.00%,https://www.dpbolvw.net/click-100179843-13344685-1608148945000,https://www.ExamEdge.com/TEAS,13344685,"Text Link",SAVE-TEAS,Coupon,"2018-05-01 21:00:00","2025-05-24 21:00:00"
"Exam Edge - Act now and save 10% on CLAST College Placement Practice Tests","Exam Edge","Exam Edge is a leading provider of online test preparation for your CLAST College Placement certifications. Our exams are content focused helping you become as prepared as possible for your certification exam. We want you to walk out of the real exam confident and knowing that your time preparing with ExamEdge.com was a success!",15.00%,https://www.dpbolvw.net/click-100179843-13344571-1608148945000,https://www.ExamEdge.com/CLAST,13344571,"Text Link",SAVE-CLAS,Coupon,"2018-05-01 21:00:00","2025-05-24 21:00:00"
"Exam Edge - Act now and save 10% on CORE Teaching Practice Tests","Exam Edge","Exam Edge is a leading provider of online test preparation for your CORE Teaching certifications. Our exams are content focused helping you become as prepared as possible for your certification exam. We want you to walk out of the real exam confident and knowing that your time preparing with ExamEdge.com was a success!",15.00%,https://www.kqzyfj.com/click-100179843-13344578-1608148945000,https://www.ExamEdge.com/CORE,13344578,"Text Link",SAVE-CORE,Coupon,"2018-05-01 21:00:00","2025-05-24 21:00:00"
"Exam Edge - Act now and save 10% on NRFSP Service Industry Practice Tests","Exam Edge","Exam Edge is a leading provider of online test preparation for your NRFSP Service Industry certifications. Our exams are content focused helping you become as prepared as possible for your certification exam. We want you to walk out of the real exam confident and knowing that your time preparing with ExamEdge.com was a success!",15.00%,https://www.tkqlhce.com/click-100179843-13344646-1608148945000,https://www.ExamEdge.com/NRFSP,13344646,"Text Link",SAVE-NRFS,Coupon,"2018-05-01 21:00:00","2025-05-24 21:00:00"
"Exam Edge - Act now and save 10% on NCSBN Nursing Practice Tests","Exam Edge","Exam Edge is a leading provider of online test preparation for your NCSBN Nursing certifications. Our exams are content focused helping you become as prepared as possible for your certification exam. We want you to walk out of the real exam confident and knowing that your time preparing with ExamEdge.com was a success!",15.00%,https://www.kqzyfj.com/click-100179843-13344453-1608148945000,https://www.ExamEdge.com/NCLEX,13344453,"Text Link",SAVE-NCSB,Coupon,"2018-05-01 21:00:00","2025-05-24 21:00:00"
"Exam Edge - Act now and save 10% on ONCC Nursing Practice Tests","Exam Edge","Exam Edge is a leading provider of online test preparation for your ONCC Nursing certifications. Our exams are content focused helping you become as prepared as possible for your certification exam. We want you to walk out of the real exam confident and knowing that your time preparing with ExamEdge.com was a success!",15.00%,https://www.kqzyfj.com/click-100179843-13344492-1608148945000,https://www.ExamEdge.com/ONCC,13344492,"Text Link",SAVE-ONCC,Coupon,"2018-05-01 21:00:00","2025-05-24 21:00:00"
"Exam Edge - Act now and save 10% on CTC Teaching Practice Tests","Exam Edge","Exam Edge is a leading provider of online test preparation for your CTC Teaching certifications. Our exams are content focused helping you become as prepared as possible for your certification exam. We want you to walk out of the real exam confident and knowing that your time preparing with ExamEdge.com was a success!",15.00%,https://www.kqzyfj.com/click-100179843-13344575-1608148945000,https://www.ExamEdge.com/CTC,13344575,"Text Link",SAVE-CTC,Coupon,"2018-05-01 21:00:00","2025-05-24 21:00:00"
"Exam Edge - Act now and save 10% on NBSTSA Healthcare Practice Tests","Exam Edge","Exam Edge is a leading provider of online test preparation for your NBSTSA Healthcare certifications. Our exams are content focused helping you become as prepared as possible for your certification exam. We want you to walk out of the real exam confident and knowing that your time preparing with ExamEdge.com was a success!",15.00%,https://www.dpbolvw.net/click-100179843-13344620-1608148945000,https://www.ExamEdge.com/NBSTSA,13344620,"Text Link",SAVE-NBST,Coupon,"2018-05-01 21:00:00","2025-05-24 21:00:00"
"Exam Edge - Act now and save 10% on NETA Fitness Practice Tests","Exam Edge","Exam Edge is a leading provider of online test preparation for your NETA Fitness certifications. Our exams are content focused helping you become as prepared as possible for your certification exam. We want you to walk out of the real exam confident and knowing that your time preparing with ExamEdge.com was a success!",15.00%,https://www.dpbolvw.net/click-100179843-13344640-1608148945000,https://www.ExamEdge.com/NETA,13344640,"Text Link",SAVE-NETA,Coupon,"2018-05-01 21:00:00","2025-05-24 21:00:00"
"Exam Edge - Act now and save 10% on CBPPS Healthcare Practice Tests","Exam Edge","Exam Edge is a leading provider of online test preparation for your CBPPS Healthcare certifications. Our exams are content focused helping you become as prepared as possible for your certification exam. We want you to walk out of the real exam confident and knowing that your time preparing with ExamEdge.com was a success!",15.00%,https://www.anrdoezrs.net/click-100179843-13344661-1608148945000,https://www.ExamEdge.com/PatientSafety,13344661,"Text Link",SAVE-CBPP,Coupon,"2018-05-01 21:00:00","2025-05-24 21:00:00"
"Exam Edge - Act now and save 10% on SSAT High School Practice Tests","Exam Edge","Exam Edge is a leading provider of online test preparation for your SSAT High School certifications. Our exams are content focused helping you become as prepared as possible for your certification exam. We want you to walk out of the real exam confident and knowing that your time preparing with ExamEdge.com was a success!",15.00%,https://www.dpbolvw.net/click-100179843-13344676-1608148945000,https://www.ExamEdge.com/SSAT,13344676,"Text Link",SAVE-SSAT,Coupon,"2018-05-01 21:00:00","2025-05-24 21:00:00"
"Exam Edge - Act now and save 10% on TABE Teaching Practice Tests","Exam Edge","Exam Edge is a leading provider of online test preparation for your TABE Teaching certifications. Our exams are content focused helping you become as prepared as possible for your certification exam. We want you to walk out of the real exam confident and knowing that your time preparing with ExamEdge.com was a success!",15.00%,https://www.dpbolvw.net/click-100179843-13344684-1608148945000,https://www.ExamEdge.com/TABE,13344684,"Text Link",SAVE-TABE,Coupon,"2018-05-01 21:00:00","2025-05-24 21:00:00"
"Exam Edge - Act now and save 10% on HRCI Business Practice Tests","Exam Edge","Exam Edge is a leading provider of online test preparation for your HRCI Business certifications. Our exams are content focused helping you become as prepared as possible for your certification exam. We want you to walk out of the real exam confident and knowing that your time preparing with ExamEdge.com was a success!",15.00%,https://www.anrdoezrs.net/click-100179843-13344598-1608148945000,https://www.ExamEdge.com/HRIC,13344598,"Text Link",SAVE-HRCI,Coupon,"2018-05-01 21:00:00","2025-05-24 21:00:00"
"Exam Edge - Act now and save 10% on IFPA Fitness Practice Tests","Exam Edge","Exam Edge is a leading provider of online test preparation for your IFPA Fitness certifications. Our exams are content focused helping you become as prepared as possible for your certification exam. We want you to walk out of the real exam confident and knowing that your time preparing with ExamEdge.com was a success!",15.00%,https://www.dpbolvw.net/click-100179843-13344600-1608148945000,https://www.ExamEdge.com/IFPA,13344600,"Text Link",SAVE-IFPA,Coupon,"2018-05-01 21:00:00","2025-05-24 21:00:00"
"Exam Edge - Act now and save 10% on ISSA Fitness Practice Tests","Exam Edge","Exam Edge is a leading provider of online test preparation for your ISSA Fitness certifications. Our exams are content focused helping you become as prepared as possible for your certification exam. We want you to walk out of the real exam confident and knowing that your time preparing with ExamEdge.com was a success!",15.00%,https://www.kqzyfj.com/click-100179843-13344603-1608148945000,https://www.ExamEdge.com/ISSA,13344603,"Text Link",SAVE-ISSA,Coupon,"2018-05-01 21:00:00","2025-05-24 21:00:00"
"Exam Edge - Act now and save 10% on NHA Healthcare Practice Tests","Exam Edge","Exam Edge is a leading provider of online test preparation for your NHA Healthcare certifications. Our exams are content focused helping you become as prepared as possible for your certification exam. We want you to walk out of the real exam confident and knowing that your time preparing with ExamEdge.com was a success!",15.00%,https://www.kqzyfj.com/click-100179843-13344624-1608148945000,https://www.ExamEdge.com/NHA,13344624,"Text Link",SAVE-NHA,Coupon,"2018-05-01 21:00:00","2025-05-24 21:00:00"
"Exam Edge - Act now and save 10% on NMTA Teaching Practice Tests","Exam Edge","Exam Edge is a leading provider of online test preparation for your NMTA Teaching certifications. Our exams are content focused helping you become as prepared as possible for your certification exam. We want you to walk out of the real exam confident and knowing that your time preparing with ExamEdge.com was a success!",15.00%,https://www.dpbolvw.net/click-100179843-13344641-1608148945000,https://www.ExamEdge.com/NMTA,13344641,"Text Link",SAVE-NMTA,Coupon,"2018-05-01 21:00:00","2025-05-24 21:00:00"
"Exam Edge - Act now and save 10% on Praxis Teaching Practice Tests","Exam Edge","Exam Edge is a leading provider of online test preparation for your Praxis Teaching certifications. Our exams are content focused helping you become as prepared as possible for your certification exam. We want you to walk out of the real exam confident and knowing that your time preparing with ExamEdge.com was a success!",15.00%,https://www.jdoqocy.com/click-100179843-13344669-1608148945000,https://www.ExamEdge.com/PRAXIS,13344669,"Text Link",SAVE-Prax,Coupon,"2018-05-01 21:00:00","2025-05-24 21:00:00"
"Exam Edge - Act now and save 10% on AFPA Fitness Practice Tests","Exam Edge","Exam Edge is a leading provider of online test preparation for your AFPA Fitness certifications. Our exams are content focused helping you become as prepared as possible for your certification exam. We want you to walk out of the real exam confident and knowing that your time preparing with ExamEdge.com was a success!",15.00%,https://www.kqzyfj.com/click-100179843-13344495-1608148945000,https://www.ExamEdge.com/AFPA,13344495,"Text Link",SAVE-AFPA,Coupon,"2018-05-01 21:00:00","2025-05-24 21:00:00"
"Exam Edge - Act now and save 10% on NNCO Nursing Practice Tests","Exam Edge","Exam Edge is a leading provider of online test preparation for your NNCO Nursing certifications. Our exams are content focused helping you become as prepared as possible for your certification exam. We want you to walk out of the real exam confident and knowing that your time preparing with ExamEdge.com was a success!",15.00%,https://www.kqzyfj.com/click-100179843-13344461-1608148945000,https://www.ExamEdge.com/NNCO,13344461,"Text Link",SAVE-NNCO,Coupon,"2018-05-01 21:00:00","2025-05-24 21:00:00"
"Exam Edge - Act now and save 10% on AADE Healthcare Practice Tests","Exam Edge","Exam Edge is a leading provider of online test preparation for your AADE Healthcare certifications. Our exams are content focused helping you become as prepared as possible for your certification exam. We want you to walk out of the real exam confident and knowing that your time preparing with ExamEdge.com was a success!",15.00%,https://www.kqzyfj.com/click-100179843-13344469-1608148945000,https://www.ExamEdge.com/AADE,13344469,"Text Link",SAVE-AADE,Coupon,"2018-05-01 21:00:00","2025-05-24 21:00:00"
"Exam Edge - Act now and save 10% on AANP Nursing Practice Tests","Exam Edge","Exam Edge is a leading provider of online test preparation for your AANP Nursing certifications. Our exams are content focused helping you become as prepared as possible for your certification exam. We want you to walk out of the real exam confident and knowing that your time preparing with ExamEdge.com was a success!",15.00%,https://www.kqzyfj.com/click-100179843-13344475-1608148945000,https://www.ExamEdge.com/AANP,13344475,"Text Link",SAVE-AANP,Coupon,"2018-05-01 21:00:00","2025-05-24 21:00:00"
"Exam Edge Nutrition Certifications - Save 10%","Exam Edge","Exam Edge is a leading provider of online test preparation for Nutrition certifications. We offer practice exams covering 2 subjects. Our exams are content focused helping you become as prepared as possible for your certification exam. We want you to walk out of the real exam confident and knowing that your time preparing with ExamEdge.com was a success!",15.00%,https://www.anrdoezrs.net/click-100179843-13275942-1608148945000,https://www.ExamEdge.com/Nutrition,13275942,"Text Link",SAVE-CJ10,Coupon,"2018-03-22 13:00:00","2025-03-22 13:00:00"
"Exam Edge Medical Laboratory Certifications - Save 10%","Exam Edge","Exam Edge is a leading provider of online test preparation for Medical Laboratory certifications. We offer practice exams covering 13 subjects. Our exams are content focused helping you become as prepared as possible for your certification exam. We want you to walk out of the real exam confident and knowing that your time preparing with ExamEdge.com was a success!",15.00%,https://www.jdoqocy.com/click-100179843-13275935-1608148945000,https://www.ExamEdge.com/MedLab,13275935,"Text Link",SAVE-CJ10,Coupon,"2018-03-23 13:00:00","2025-03-23 13:00:00"
"Exam Edge - save 10%","Exam Edge","Exam Edge is a leading provider of online certification prep tests.  We offer practice exams in over 20 industries covering over 1800 subjects.  Our exams are content focused helping you become as prepared as possible for your certification exam. We want you to walk out of the real exam confident and knowing that your time preparing with ExamEdge.com was a success!",15.00%,https://www.kqzyfj.com/click-100179843-13277780-1608148945000,https://www.examedge.com,13277780,Banner,SAVE-CJ10,Coupon,"2018-03-21 10:00:00","2025-03-21 21:00:00"
"Exam Edge - save 10%","Exam Edge","Exam Edge is a leading provider of online certification prep tests.  We offer practice exams in over 20 industries covering over 1800 subjects.  Our exams are content focused helping you become as prepared as possible for your certification exam. We want you to walk out of the real exam confident and knowing that your time preparing with ExamEdge.com was a success!",15.00%,https://www.kqzyfj.com/click-100179843-13277781-1608148945000,https://www.examedge.com,13277781,Banner,SAVE-CJ10,Coupon,"2018-03-21 10:00:00","2025-03-21 21:00:00"
"Exam Edge Teaching Certifications - Save 10%","Exam Edge","Save 10% with promo code SAVE-CJ10 on Exam Edge's online certification prep tests for teachers. We offer practice exams covering over 1100 subjects. Our exams are content focused helping you become as prepared as possible for your certification exam. We want you to walk out of the real exam confident and knowing that your time preparing with ExamEdge.com was a success!",15.00%,https://www.jdoqocy.com/click-100179843-13278839-1608148945000,https://www.examedge.com/teaching,13278839,Banner,SAVE-CJ10,Coupon,"2018-03-24 21:00:00","2025-03-25 21:00:00"
"Exam Edge Teaching Certifications - Save 10%","Exam Edge","Save 10% with promo code SAVE-CJ10 on Exam Edge's online certification prep tests for teachers. We offer practice exams covering over 1100 subjects. Our exams are content focused helping you become as prepared as possible for your certification exam. We want you to walk out of the real exam confident and knowing that your time preparing with ExamEdge.com was a success!",15.00%,https://www.anrdoezrs.net/click-100179843-13278834-1608148945000,https://www.examedge.com/teaching,13278834,Banner,SAVE-CJ10,Coupon,"2018-03-24 21:00:00","2022-03-25 21:00:00"
"Exam Edge Teaching Certifications - Save 10%","Exam Edge","Save 10% with promo code SAVE-CJ10 on Exam Edge's online certification prep tests for teachers. We offer practice exams covering over 1100 subjects. Our exams are content focused helping you become as prepared as possible for your certification exam. We want you to walk out of the real exam confident and knowing that your time preparing with ExamEdge.com was a success!",15.00%,https://www.kqzyfj.com/click-100179843-13278837-1608148945000,https://www.examedge.com/teaching,13278837,Banner,SAVE-CJ10,Coupon,"2018-03-24 21:00:00","2025-03-25 21:00:00"
"Exam Edge Teaching Certifications - Save 10%","Exam Edge","Save 10% with promo code SAVE-CJ10 on Exam Edge's online certification prep tests for teachers. We offer practice exams covering over 1100 subjects. Our exams are content focused helping you become as prepared as possible for your certification exam. We want you to walk out of the real exam confident and knowing that your time preparing with ExamEdge.com was a success!",15.00%,https://www.jdoqocy.com/click-100179843-13278840-1608148945000,https://www.examedge.com/teaching,13278840,Banner,SAVE-CJ10,Coupon,"2018-03-24 21:00:00","2022-03-25 21:00:00"
"Exam Edge Teaching Certifications - Save 10%","Exam Edge","Save 10% with promo code SAVE-CJ10 on Exam Edge's online certification prep tests for teachers. We offer practice exams covering over 1100 subjects. Our exams are content focused helping you become as prepared as possible for your certification exam. We want you to walk out of the real exam confident and knowing that your time preparing with ExamEdge.com was a success!",15.00%,https://www.dpbolvw.net/click-100179843-13278842-1608148945000,https://www.examedge.com/teaching,13278842,Banner,SAVE-CJ10,Coupon,"2018-03-24 21:00:00","2022-03-25 21:00:00"
"Exam Edge Health Care - Save 10%","Exam Edge","Exam Edge is a leading provider of online certification prep tests for Healthcare. We offer practice exams covering over 400 subjects. Our exams are content focused helping you become as prepared as possible for your certification exam. We want you to walk out of the real exam confident and knowing that your time preparing with ExamEdge.com was a success!",15.00%,https://www.anrdoezrs.net/click-100179843-13280192-1608148945000,https://www.examedge.com/healthcare,13280192,Banner,SAVE-CJ10,Coupon,"2019-03-21 10:00:00","2022-05-21 21:00:00"
"Exam Edge Health Care - Save 10%","Exam Edge","Exam Edge is a leading provider of online certification prep tests for Healthcare. We offer practice exams covering over 400 subjects. Our exams are content focused helping you become as prepared as possible for your certification exam. We want you to walk out of the real exam confident and knowing that your time preparing with ExamEdge.com was a success!",15.00%,https://www.kqzyfj.com/click-100179843-13280178-1608148945000,https://www.examedge.com/healthcare,13280178,Banner,SAVE-CJ10,Coupon,"2019-03-21 10:00:00","2022-05-21 21:00:00"
"Exam Edge Nursing Certifications - Save 10%","Exam Edge","Exam Edge is a leading provider of online certification prep tests for Nursing Exams. We offer practice exams covering over 100 subjects. Our exams are content focused helping you become as prepared as possible for your certification exam. We want you to walk out of the real exam confident and knowing that your time preparing with ExamEdge.com was a success!
",15.00%,https://www.tkqlhce.com/click-100179843-13280403-1608148945000,https://www.examedge.com/nursing/,13280403,Banner,SAVE-CJ10,Coupon,"2019-03-21 10:00:00","2022-05-21 21:00:00"
"Exam Edge Health Care - Save 10%","Exam Edge","Exam Edge is a leading provider of online certification prep tests for Healthcare. We offer practice exams covering over 400 subjects. Our exams are content focused helping you become as prepared as possible for your certification exam. We want you to walk out of the real exam confident and knowing that your time preparing with ExamEdge.com was a success!",15.00%,https://www.tkqlhce.com/click-100179843-13280175-1608148945000,https://www.examedge.com/healthcare,13280175,Banner,SAVE-CJ10,Coupon,"2019-03-21 10:00:00","2022-05-21 21:00:00"
"Exam Edge CCB Healthcare Certifications - Save 10%","Exam Edge","Exam Edge is a leading provider of online test preparation for your CCB Healthcare certifications. Our exams are content focused helping you become as prepared as possible for your certification exam. We want you to walk out of the real exam confident and knowing that your time preparing with ExamEdge.com was a success!",15.00%,https://www.kqzyfj.com/click-100179843-13331122-1608148945000,https://www.ExamEdge.com/CBC,13331122,"Text Link",SAVE-CJ10,Coupon,"2018-05-01 21:00:00","2025-05-24 21:00:00"
"Exam Edge NCHEC Healthcare Certifications - Save 10%","Exam Edge","Exam Edge is a leading provider of online test preparation for your NCHEC Healthcare certifications. Our exams are content focused helping you become as prepared as possible for your certification exam. We want you to walk out of the real exam confident and knowing that your time preparing with ExamEdge.com was a success!",15.00%,https://www.jdoqocy.com/click-100179843-13331284-1608148945000,https://www.examedge.com/NCHEC,13331284,"Text Link",SAVE-CJ10,Coupon,"2018-05-01 21:00:00","2025-05-24 21:00:00"
"Exam Edge OMSB International Certifications - Save 10%","Exam Edge","Exam Edge is a leading provider of online test preparation for your OMSB International certifications. Our exams are content focused helping you become as prepared as possible for your certification exam. We want you to walk out of the real exam confident and knowing that your time preparing with ExamEdge.com was a success!",15.00%,https://www.tkqlhce.com/click-100179843-13331300-1608148945000,https://www.ExamEdge.com/OMSB,13331300,"Text Link",SAVE-CJ10,Coupon,"2018-05-01 21:00:00","2025-05-24 21:00:00"
"Exam Edge ORELA Teaching Certifications - Save 10%","Exam Edge","Exam Edge is a leading provider of online test preparation for your ORELA Teaching certifications. Our exams are content focused helping you become as prepared as possible for your certification exam. We want you to walk out of the real exam confident and knowing that your time preparing with ExamEdge.com was a success!",15.00%,https://www.kqzyfj.com/click-100179843-13331302-1608148945000,https://www.ExamEdge.com/ORELA,13331302,"Text Link",SAVE-CJ10,Coupon,"2018-05-01 21:00:00","2025-05-24 21:00:00"
"Exam Edge TEXES Teaching Certifications - Save 10%","Exam Edge","Exam Edge is a leading provider of online test preparation for your TEXES Teaching certifications. Our exams are content focused helping you become as prepared as possible for your certification exam. We want you to walk out of the real exam confident and knowing that your time preparing with ExamEdge.com was a success!",15.00%,https://www.jdoqocy.com/click-100179843-13331320-1608148945000,https://www.ExamEdge.com/TEXES,13331320,"Text Link",SAVE-CJ10,Coupon,"2018-05-01 21:00:00","2025-05-24 21:00:00"
"Exam Edge ASVAB Government Certifications - Save 10%","Exam Edge","Exam Edge is a leading provider of online test preparation for your ASVAB Government certifications. Our exams are content focused helping you become as prepared as possible for your certification exam. We want you to walk out of the real exam confident and knowing that your time preparing with ExamEdge.com was a success!",15.00%,https://www.tkqlhce.com/click-100179843-13331110-1608148945000,https://www.ExamEdge.com/ASVAB,13331110,"Text Link",SAVE-CJ10,Coupon,"2018-05-01 21:00:00","2025-05-24 21:00:00"
"Exam Edge CCI (cardio) Healthcare Certifications - Save 10%","Exam Edge","Exam Edge is a leading provider of online test preparation for your CCI (cardio) Healthcare certifications. Our exams are content focused helping you become as prepared as possible for your certification exam. We want you to walk out of the real exam confident and knowing that your time preparing with ExamEdge.com was a success!",15.00%,https://www.kqzyfj.com/click-100179843-13331150-1608148945000,https://www.ExamEdge.com/CCI,13331150,"Text Link",SAVE-CJ10,Coupon,"2018-05-01 21:00:00","2025-05-24 21:00:00"
"Exam Edge NCNZ International Certifications - Save 10%","Exam Edge","Exam Edge is a leading provider of online test preparation for your NCNZ International certifications. Our exams are content focused helping you become as prepared as possible for your certification exam. We want you to walk out of the real exam confident and knowing that your time preparing with ExamEdge.com was a success!",15.00%,https://www.dpbolvw.net/click-100179843-13331195-1608148945000,https://www.ExamEdge.com/NCNZ,13331195,"Text Link",SAVE-CJ10,Coupon,"2018-05-01 21:00:00","2025-05-24 21:00:00"
"Exam Edge NREMT Healthcare Certifications - Save 10%","Exam Edge","Exam Edge is a leading provider of online test preparation for your NREMT Healthcare certifications. Our exams are content focused helping you become as prepared as possible for your certification exam. We want you to walk out of the real exam confident and knowing that your time preparing with ExamEdge.com was a success!",15.00%,https://www.dpbolvw.net/click-100179843-13331290-1608148945000,https://www.ExamEdge.com/NREMT,13331290,"Text Link",SAVE-CJ10,Coupon,"2018-05-01 21:00:00","2025-05-24 21:00:00"
"Exam Edge GED High School Certifications - Save 10%","Exam Edge","Exam Edge is a leading provider of online test preparation for your GED High School certifications. Our exams are content focused helping you become as prepared as possible for your certification exam. We want you to walk out of the real exam confident and knowing that your time preparing with ExamEdge.com was a success!",15.00%,https://www.kqzyfj.com/click-100179843-13331169-1608148945000,https://www.ExamEdge.com/TASC,13331169,"Text Link",SAVE-CJ10,Coupon,"2018-05-01 21:00:00","2025-05-24 21:00:00"
"Exam Edge WAEC International Certifications - Save 10%","Exam Edge","Exam Edge is a leading provider of online test preparation for your WAEC International certifications. Our exams are content focused helping you become as prepared as possible for your certification exam. We want you to walk out of the real exam confident and knowing that your time preparing with ExamEdge.com was a success!",15.00%,https://www.kqzyfj.com/click-100179843-13331224-1608148945000,https://www.ExamEdge.com/WAEC,13331224,"Text Link",SAVE-CJ10,Coupon,"2018-05-01 21:00:00","2025-05-24 21:00:00"
"Exam Edge NHA Healthcare Certifications - Save 10%","Exam Edge","Exam Edge is a leading provider of online test preparation for your NHA Healthcare certifications. Our exams are content focused helping you become as prepared as possible for your certification exam. We want you to walk out of the real exam confident and knowing that your time preparing with ExamEdge.com was a success!",15.00%,https://www.jdoqocy.com/click-100179843-13331279-1608148945000,https://www.ExamEdge.com/NHA,13331279,"Text Link",SAVE-CJ10,Coupon,"2018-05-01 21:00:00","2025-05-24 21:00:00"
"Exam Edge ATS Teaching Certifications - Save 10%","Exam Edge","Exam Edge is a leading provider of online test preparation for your ATS Teaching certifications. Our exams are content focused helping you become as prepared as possible for your certification exam. We want you to walk out of the real exam confident and knowing that your time preparing with ExamEdge.com was a success!",15.00%,https://www.dpbolvw.net/click-100179843-13331296-1608148945000,https://www.ExamEdge.com/ATSW,13331296,"Text Link",SAVE-CJ10,Coupon,"2018-05-01 21:00:00","2025-05-24 21:00:00"
"Exam Edge CBPPS Healthcare Certifications - Save 10%","Exam Edge","Exam Edge is a leading provider of online test preparation for your CBPPS Healthcare certifications. Our exams are content focused helping you become as prepared as possible for your certification exam. We want you to walk out of the real exam confident and knowing that your time preparing with ExamEdge.com was a success!",15.00%,https://www.anrdoezrs.net/click-100179843-13331303-1608148945000,https://www.ExamEdge.com/PatientSafety,13331303,"Text Link",SAVE-CJ10,Coupon,"2018-05-01 21:00:00","2025-05-24 21:00:00"
"Exam Edge BCEN Misc Certifications - Save 10%","Exam Edge","Exam Edge is a leading provider of online test preparation for your BCEN Misc certifications. Our exams are content focused helping you become as prepared as possible for your certification exam. We want you to walk out of the real exam confident and knowing that your time preparing with ExamEdge.com was a success!",15.00%,https://www.jdoqocy.com/click-100179843-13331112-1608148945000,https://www.ExamEdge.com/BCEN,13331112,"Text Link",SAVE-CJ10,Coupon,"2018-05-01 21:00:00","2025-05-24 21:00:00"
"Exam Edge ACT College Placement Certifications - Save 10%","Exam Edge","Exam Edge is a leading provider of online test preparation for your ACT College Placement certifications. Our exams are content focused helping you become as prepared as possible for your certification exam. We want you to walk out of the real exam confident and knowing that your time preparing with ExamEdge.com was a success!",15.00%,https://www.jdoqocy.com/click-100179843-13331121-1608148945000,https://www.ExamEdge.com/COMPASS,13331121,"Text Link",SAVE-CJ10,Coupon,"2018-05-01 21:00:00","2025-05-24 21:00:00"
"Exam Edge QCHP International Certifications - Save 10%","Exam Edge","Exam Edge is a leading provider of online test preparation for your QCHP International certifications. Our exams are content focused helping you become as prepared as possible for your certification exam. We want you to walk out of the real exam confident and knowing that your time preparing with ExamEdge.com was a success!",15.00%,https://www.dpbolvw.net/click-100179843-13331311-1608148945000,https://www.ExamEdge.com/QCHP,13331311,"Text Link",SAVE-CJ10,Coupon,"2018-05-01 21:00:00","2025-05-24 21:00:00"
"Exam Edge ACT College Placement Certifications - Save 10%","Exam Edge","Exam Edge is a leading provider of online test preparation for your ACT College Placement certifications. Our exams are content focused helping you become as prepared as possible for your certification exam. We want you to walk out of the real exam confident and knowing that your time preparing with ExamEdge.com was a success!",15.00%,https://www.jdoqocy.com/click-100179843-13331142-1608148945000,https://www.ExamEdge.com/ASSET,13331142,"Text Link",SAVE-CJ10,Coupon,"2018-05-01 21:00:00","2025-05-24 21:00:00"
"Exam Edge CTC Teaching Certifications - Save 10%","Exam Edge","Exam Edge is a leading provider of online test preparation for your CTC Teaching certifications. Our exams are content focused helping you become as prepared as possible for your certification exam. We want you to walk out of the real exam confident and knowing that your time preparing with ExamEdge.com was a success!",15.00%,https://www.kqzyfj.com/click-100179843-13331151-1608148945000,https://www.ExamEdge.com/CBEST,13331151,"Text Link",SAVE-CJ10,Coupon,"2018-05-01 21:00:00","2025-05-24 21:00:00"
"Exam Edge - Act now and save 10% on ACMA Healthcare Practice Tests","Exam Edge","Exam Edge is a leading provider of online test preparation for your ACMA Healthcare certifications. Our exams are content focused helping you become as prepared as possible for your certification exam. We want you to walk out of the real exam confident and knowing that your time preparing with ExamEdge.com was a success!",15.00%,https://www.jdoqocy.com/click-100179843-13344486-1608148945000,https://www.ExamEdge.com/ACMA,13344486,"Text Link",SAVE-ACMA,Coupon,"2018-05-01 21:00:00","2025-05-24 21:00:00"
"Exam Edge - Act now and save 10% on Praxis Teaching Practice Tests","Exam Edge","Exam Edge is a leading provider of online test preparation for your Praxis Teaching certifications. Our exams are content focused helping you become as prepared as possible for your certification exam. We want you to walk out of the real exam confident and knowing that your time preparing with ExamEdge.com was a success!",15.00%,https://www.dpbolvw.net/click-100179843-13344511-1608148945000,https://www.ExamEdge.com/PRAXIS,13344511,"Text Link",SAVE-Prax,Coupon,"2018-05-01 21:00:00","2025-05-24 21:00:00"
"Exam Edge - Act now and save 10% on TACHS High School Practice Tests","Exam Edge","Exam Edge is a leading provider of online test preparation for your TACHS High School certifications. Our exams are content focused helping you become as prepared as possible for your certification exam. We want you to walk out of the real exam confident and knowing that your time preparing with ExamEdge.com was a success!",15.00%,https://www.anrdoezrs.net/click-100179843-13344540-1608148945000,https://www.ExamEdge.com/TACHS,13344540,"Text Link",SAVE-TACH,Coupon,"2018-05-01 21:00:00","2025-05-24 21:00:00"
"Exam Edge - Act now and save 10% on VCLA Teaching Practice Tests","Exam Edge","Exam Edge is a leading provider of online test preparation for your VCLA Teaching certifications. Our exams are content focused helping you become as prepared as possible for your certification exam. We want you to walk out of the real exam confident and knowing that your time preparing with ExamEdge.com was a success!",15.00%,https://www.kqzyfj.com/click-100179843-13344549-1608148945000,https://www.ExamEdge.com/VCLA,13344549,"Text Link",SAVE-VCLA,Coupon,"2018-05-01 21:00:00","2025-05-24 21:00:00"
"Exam Edge - Act now and save 10% on Canadian Nursing Canadian Practice Tests","Exam Edge","Exam Edge is a leading provider of online test preparation for your Canadian Nursing Canadian certifications. Our exams are content focused helping you become as prepared as possible for your certification exam. We want you to walk out of the real exam confident and knowing that your time preparing with ExamEdge.com was a success!",15.00%,https://www.anrdoezrs.net/click-100179843-13344559-1608148945000,https://www.ExamEdge.com/CANurse,13344559,"Text Link",SAVE-Cana,Coupon,"2018-05-01 21:00:00","2025-05-24 21:00:00"
"Exam Edge - Act now and save 10% on CCM Healthcare Practice Tests","Exam Edge","Exam Edge is a leading provider of online test preparation for your CCM Healthcare certifications. Our exams are content focused helping you become as prepared as possible for your certification exam. We want you to walk out of the real exam confident and knowing that your time preparing with ExamEdge.com was a success!",15.00%,https://www.tkqlhce.com/click-100179843-13344562-1608148945000,https://www.ExamEdge.com/CMAC,13344562,"Text Link",SAVE-CCM,Coupon,"2018-05-01 21:00:00","2025-05-24 21:00:00"
"Exam Edge - Act now and save 10% on CNCB Healthcare Practice Tests","Exam Edge","Exam Edge is a leading provider of online test preparation for your CNCB Healthcare certifications. Our exams are content focused helping you become as prepared as possible for your certification exam. We want you to walk out of the real exam confident and knowing that your time preparing with ExamEdge.com was a success!",15.00%,https://www.kqzyfj.com/click-100179843-13344573-1608148945000,https://www.ExamEdge.com/CNCB,13344573,"Text Link",SAVE-CNCB,Coupon,"2018-05-01 21:00:00","2025-05-24 21:00:00"
"Exam Edge - Act now and save 10% on IIM International Practice Tests","Exam Edge","Exam Edge is a leading provider of online test preparation for your IIM International certifications. Our exams are content focused helping you become as prepared as possible for your certification exam. We want you to walk out of the real exam confident and knowing that your time preparing with ExamEdge.com was a success!",15.00%,https://www.dpbolvw.net/click-100179843-13344602-1608148945000,https://www.ExamEdge.com/IIM,13344602,"Text Link",SAVE-IIM,Coupon,"2018-05-01 21:00:00","2025-05-24 21:00:00"
"Exam Edge - Act now and save 10% on NCMA Healthcare Practice Tests","Exam Edge","Exam Edge is a leading provider of online test preparation for your NCMA Healthcare certifications. Our exams are content focused helping you become as prepared as possible for your certification exam. We want you to walk out of the real exam confident and knowing that your time preparing with ExamEdge.com was a success!",15.00%,https://www.tkqlhce.com/click-100179843-13344621-1608148945000,https://www.ExamEdge.com/NCMA,13344621,"Text Link",SAVE-NCMA,Coupon,"2018-05-01 21:00:00","2025-05-24 21:00:00"
"Exam Edge - Act now and save 10% on NBSTSA Healthcare Practice Tests","Exam Edge","Exam Edge is a leading provider of online test preparation for your NBSTSA Healthcare certifications. Our exams are content focused helping you become as prepared as possible for your certification exam. We want you to walk out of the real exam confident and knowing that your time preparing with ExamEdge.com was a success!",15.00%,https://www.dpbolvw.net/click-100179843-13344439-1608148945000,https://www.ExamEdge.com/NBSTSA,13344439,"Text Link",SAVE-NBST,Coupon,"2018-05-01 21:00:00","2025-05-24 21:00:00"
"Exam Edge - Act now and save 10% on NNCC Nursing Practice Tests","Exam Edge","Exam Edge is a leading provider of online test preparation for your NNCC Nursing certifications. Our exams are content focused helping you become as prepared as possible for your certification exam. We want you to walk out of the real exam confident and knowing that your time preparing with ExamEdge.com was a success!",15.00%,https://www.dpbolvw.net/click-100179843-13344456-1608148945000,https://www.ExamEdge.com/NNCC,13344456,"Text Link",SAVE-NNCC,Coupon,"2018-05-01 21:00:00","2025-05-24 21:00:00"
"Exam Edge - Act now and save 10% on NREMT Healthcare Practice Tests","Exam Edge","Exam Edge is a leading provider of online test preparation for your NREMT Healthcare certifications. Our exams are content focused helping you become as prepared as possible for your certification exam. We want you to walk out of the real exam confident and knowing that your time preparing with ExamEdge.com was a success!",15.00%,https://www.anrdoezrs.net/click-100179843-13344464-1608148945000,https://www.ExamEdge.com/NREMT,13344464,"Text Link",SAVE-NREM,Coupon,"2018-05-01 21:00:00","2025-05-24 21:00:00"
"Exam Edge - Act now and save 10% on NRFSP Service Industry Practice Tests","Exam Edge","Exam Edge is a leading provider of online test preparation for your NRFSP Service Industry certifications. Our exams are content focused helping you become as prepared as possible for your certification exam. We want you to walk out of the real exam confident and knowing that your time preparing with ExamEdge.com was a success!",15.00%,https://www.anrdoezrs.net/click-100179843-13344465-1608148945000,https://www.ExamEdge.com/NRFSP,13344465,"Text Link",SAVE-NRFS,Coupon,"2018-05-01 21:00:00","2025-05-24 21:00:00"
"Exam Edge - save 10%","Exam Edge","Exam Edge is a leading provider of online certification prep tests.  We offer practice exams in over 20 industries covering over 1800 subjects.  Our exams are content focused helping you become as prepared as possible for your certification exam. We want you to walk out of the real exam confident and knowing that your time preparing with ExamEdge.com was a success!",15.00%,https://www.tkqlhce.com/click-100179843-13272867-1608148945000,https://www.examedge.com,13272867,Banner,SAVE-CJ10,Coupon,"2018-03-21 10:00:00","2025-03-21 21:00:00"
"Exam Edge Fitness Certifications - Save 10%","Exam Edge","Exam Edge is a leading provider of online test preparation for Fitness certifications. We offer practice exams covering 20 subjects. Our exams are content focused helping you become as prepared as possible for your certification exam. We want you to walk out of the real exam confident and knowing that your time preparing with ExamEdge.com was a success!",15.00%,https://www.jdoqocy.com/click-100179843-13275919-1608148945000,https://www.ExamEdge.com/Fitness,13275919,"Text Link",SAVE-CJ10,Coupon,"2018-03-23 13:00:00","2025-03-23 13:00:00"
"Exam Edge Teaching Certifications - Save 10%","Exam Edge","Exam Edge is a leading provider of online test preparation for Teaching certifications. We offer practice exams covering 964 subjects. Our exams are content focused helping you become as prepared as possible for your certification exam. We want you to walk out of the real exam confident and knowing that your time preparing with ExamEdge.com was a success!",15.00%,https://www.kqzyfj.com/click-100179843-13275958-1608148945000,https://www.ExamEdge.com/Teaching,13275958,"Text Link",SAVE-CJ10,Coupon,"2018-03-23 13:00:00","2025-03-23 13:00:00"
"Exam Edge College Placement Certifications - Save 10%","Exam Edge","Exam Edge is a leading provider of online test preparation for College Placement certifications. We offer practice exams covering 31 subjects. Our exams are content focused helping you become as prepared as possible for your certification exam. We want you to walk out of the real exam confident and knowing that your time preparing with ExamEdge.com was a success!",15.00%,https://www.dpbolvw.net/click-100179843-13275848-1608148945000,https://www.ExamEdge.com/CollegePlacement,13275848,"Text Link",SAVE-CJ10,Coupon,"2018-03-22 21:00:00","2025-03-22 21:00:00"
"Exam Edge - Save 10%","Exam Edge","Exam Edge is a leading provider of online certification prep tests. We offer practice exams in over 20 industries covering over 1800 subjects. Our exams are content focused helping you become as prepared as possible for your certification exam. We want you to walk out of the real exam confident and knowing that your time preparing with ExamEdge.com was a success!",15.00%,https://www.kqzyfj.com/click-100179843-13260670-1608148945000,https://www.ExamEdge.com,13260670,"Text Link",SAVE-CJ10,Coupon,"2018-03-13 00:00:00","2025-03-19 00:02:00"
"Exam Edge Health Care - Save 10%","Exam Edge","Exam Edge is a leading provider of online certification prep tests for Healthcare. We offer practice exams covering over 400 subjects. Our exams are content focused helping you become as prepared as possible for your certification exam. We want you to walk out of the real exam confident and knowing that your time preparing with ExamEdge.com was a success!",15.00%,https://www.kqzyfj.com/click-100179843-13272876-1608148945000,https://www.examedge.com/healthcare,13272876,Banner,SAVE-CJ10,Coupon,"2019-03-21 10:00:00","2022-05-21 21:00:00"
"Exam Edge - Act now and save 10% on AANP Nursing Practice Tests","Exam Edge","Exam Edge is a leading provider of online test preparation for your AANP Nursing certifications. Our exams are content focused helping you become as prepared as possible for your certification exam. We want you to walk out of the real exam confident and knowing that your time preparing with ExamEdge.com was a success!",15.00%,https://www.jdoqocy.com/click-100179843-13344335-1608148945000,https://www.ExamEdge.com/AANP,13344335,"Text Link",SAVE-AANP,Coupon,"2018-05-01 21:00:00","2025-05-24 21:00:00"
"Exam Edge - Act now and save 10% on CORE Teaching Practice Tests","Exam Edge","Exam Edge is a leading provider of online test preparation for your CORE Teaching certifications. Our exams are content focused helping you become as prepared as possible for your certification exam. We want you to walk out of the real exam confident and knowing that your time preparing with ExamEdge.com was a success!",15.00%,https://www.anrdoezrs.net/click-100179843-13344397-1608148945000,https://www.ExamEdge.com/CORE,13344397,"Text Link",SAVE-CORE,Coupon,"2018-05-01 21:00:00","2025-05-24 21:00:00"
"Exam Edge - Act now and save 10% on DANB Dental Practice Tests","Exam Edge","Exam Edge is a leading provider of online test preparation for your DANB Dental certifications. Our exams are content focused helping you become as prepared as possible for your certification exam. We want you to walk out of the real exam confident and knowing that your time preparing with ExamEdge.com was a success!",15.00%,https://www.dpbolvw.net/click-100179843-13344401-1608148945000,https://www.ExamEdge.com/DANB,13344401,"Text Link",SAVE-DANB,Coupon,"2018-05-01 21:00:00","2025-05-24 21:00:00"
"Exam Edge - Act now and save 10% on FELE Teaching Practice Tests","Exam Edge","Exam Edge is a leading provider of online test preparation for your FELE Teaching certifications. Our exams are content focused helping you become as prepared as possible for your certification exam. We want you to walk out of the real exam confident and knowing that your time preparing with ExamEdge.com was a success!",15.00%,https://www.dpbolvw.net/click-100179843-13344407-1608148945000,https://www.ExamEdge.com/FELE,13344407,"Text Link",SAVE-FELE,Coupon,"2018-05-01 21:00:00","2025-05-24 21:00:00"
"Exam Edge - Act now and save 10% on MTTC Teaching Practice Tests","Exam Edge","Exam Edge is a leading provider of online test preparation for your MTTC Teaching certifications. Our exams are content focused helping you become as prepared as possible for your certification exam. We want you to walk out of the real exam confident and knowing that your time preparing with ExamEdge.com was a success!",15.00%,https://www.dpbolvw.net/click-100179843-13344428-1608148945000,https://www.ExamEdge.com/MTTC,13344428,"Text Link",SAVE-MTTC,Coupon,"2018-05-01 21:00:00","2025-05-24 21:00:00"
"Exam Edge - Act now and save 10% on ANMAC Healthcare Practice Tests","Exam Edge","Exam Edge is a leading provider of online test preparation for your ANMAC Healthcare certifications. Our exams are content focused helping you become as prepared as possible for your certification exam. We want you to walk out of the real exam confident and knowing that your time preparing with ExamEdge.com was a success!",15.00%,https://www.anrdoezrs.net/click-100179843-13344372-1608148945000,https://www.ExamEdge.com/ANMAC,13344372,"Text Link",SAVE-ANMA,Coupon,"2018-05-01 21:00:00","2025-05-24 21:00:00"
"Exam Edge - Act now and save 10% on CSU College Placement Practice Tests","Exam Edge","Exam Edge is a leading provider of online test preparation for your CSU College Placement certifications. Our exams are content focused helping you become as prepared as possible for your certification exam. We want you to walk out of the real exam confident and knowing that your time preparing with ExamEdge.com was a success!",15.00%,https://www.jdoqocy.com/click-100179843-13344377-1608148945000,https://www.ExamEdge.com/CSU,13344377,"Text Link",SAVE-CSU,Coupon,"2018-05-01 21:00:00","2025-05-24 21:00:00"
"Exam Edge - Act now and save 10% on AAMA Healthcare Practice Tests","Exam Edge","Exam Edge is a leading provider of online test preparation for your AAMA Healthcare certifications. Our exams are content focused helping you become as prepared as possible for your certification exam. We want you to walk out of the real exam confident and knowing that your time preparing with ExamEdge.com was a success!",15.00%,https://www.kqzyfj.com/click-100179843-13344333-1608148945000,https://www.ExamEdge.com/AAMA,13344333,"Text Link",SAVE-AAMA,Coupon,"2018-05-01 21:00:00","2025-05-24 21:00:00"
"Exam Edge - Act now and save 10% on AAMAS Healthcare Practice Tests","Exam Edge","Exam Edge is a leading provider of online test preparation for your AAMAS Healthcare certifications. Our exams are content focused helping you become as prepared as possible for your certification exam. We want you to walk out of the real exam confident and knowing that your time preparing with ExamEdge.com was a success!",15.00%,https://www.tkqlhce.com/click-100179843-13344334-1608148945000,https://www.ExamEdge.com/AAMAS,13344334,"Text Link",SAVE-AAMA,Coupon,"2018-05-01 21:00:00","2025-05-24 21:00:00"
"Exam Edge - Act now and save 10% on PECT Teaching Practice Tests","Exam Edge","Exam Edge is a leading provider of online test preparation for your PECT Teaching certifications. Our exams are content focused helping you become as prepared as possible for your certification exam. We want you to walk out of the real exam confident and knowing that your time preparing with ExamEdge.com was a success!",15.00%,https://www.tkqlhce.com/click-100179843-13344502-1608148945000,https://www.ExamEdge.com/PECT,13344502,"Text Link",SAVE-PECT,Coupon,"2018-05-01 21:00:00","2025-05-24 21:00:00"
"Exam Edge - Act now and save 10% on PSAE High School Practice Tests","Exam Edge","Exam Edge is a leading provider of online test preparation for your PSAE High School certifications. Our exams are content focused helping you become as prepared as possible for your certification exam. We want you to walk out of the real exam confident and knowing that your time preparing with ExamEdge.com was a success!",15.00%,https://www.tkqlhce.com/click-100179843-13344509-1608148945000,https://www.ExamEdge.com/PSAE,13344509,"Text Link",SAVE-PSAE,Coupon,"2018-05-01 21:00:00","2025-05-24 21:00:00"
"Exam Edge - Act now and save 10% on AHIMA Healthcare Practice Tests","Exam Edge","Exam Edge is a leading provider of online test preparation for your AHIMA Healthcare certifications. Our exams are content focused helping you become as prepared as possible for your certification exam. We want you to walk out of the real exam confident and knowing that your time preparing with ExamEdge.com was a success!",15.00%,https://www.anrdoezrs.net/click-100179843-13344513-1608148945000,https://www.ExamEdge.com/AHIMA,13344513,"Text Link",SAVE-AHIM,Coupon,"2018-05-01 21:00:00","2025-05-24 21:00:00"
"Exam Edge - Act now and save 10% on AMT Healthcare Practice Tests","Exam Edge","Exam Edge is a leading provider of online test preparation for your AMT Healthcare certifications. Our exams are content focused helping you become as prepared as possible for your certification exam. We want you to walk out of the real exam confident and knowing that your time preparing with ExamEdge.com was a success!",15.00%,https://www.anrdoezrs.net/click-100179843-13344515-1608148945000,https://www.ExamEdge.com/AMT,13344515,"Text Link",SAVE-AMT,Coupon,"2018-05-01 21:00:00","2025-05-24 21:00:00"
"Exam Edge - Act now and save 10% on ANCC Nursing Practice Tests","Exam Edge","Exam Edge is a leading provider of online test preparation for your ANCC Nursing certifications. Our exams are content focused helping you become as prepared as possible for your certification exam. We want you to walk out of the real exam confident and knowing that your time preparing with ExamEdge.com was a success!",15.00%,https://www.dpbolvw.net/click-100179843-13344520-1608148945000,https://www.ExamEdge.com/ANCC,13344520,"Text Link",SAVE-ANCC,Coupon,"2018-05-01 21:00:00","2025-05-24 21:00:00"
"Exam Edge - Act now and save 10% on AONE Nursing Practice Tests","Exam Edge","Exam Edge is a leading provider of online test preparation for your AONE Nursing certifications. Our exams are content focused helping you become as prepared as possible for your certification exam. We want you to walk out of the real exam confident and knowing that your time preparing with ExamEdge.com was a success!",15.00%,https://www.dpbolvw.net/click-100179843-13344522-1608148945000,https://www.ExamEdge.com/AONE,13344522,"Text Link",SAVE-AONE,Coupon,"2018-05-01 21:00:00","2025-05-24 21:00:00"
"Exam Edge - Act now and save 10% on ServSafe Service Industry Practice Tests","Exam Edge","Exam Edge is a leading provider of online test preparation for your ServSafe Service Industry certifications. Our exams are content focused helping you become as prepared as possible for your certification exam. We want you to walk out of the real exam confident and knowing that your time preparing with ExamEdge.com was a success!",15.00%,https://www.dpbolvw.net/click-100179843-13344528-1608148945000,https://www.ExamEdge.com/ServSafe,13344528,"Text Link",SAVE-Serv,Coupon,"2018-05-01 21:00:00","2025-05-24 21:00:00"
"Exam Edge - Act now and save 10% on TEAS Healthcare Practice Tests","Exam Edge","Exam Edge is a leading provider of online test preparation for your TEAS Healthcare certifications. Our exams are content focused helping you become as prepared as possible for your certification exam. We want you to walk out of the real exam confident and knowing that your time preparing with ExamEdge.com was a success!",15.00%,https://www.tkqlhce.com/click-100179843-13344543-1608148945000,https://www.ExamEdge.com/TEAS,13344543,"Text Link",SAVE-TEAS,Coupon,"2018-05-01 21:00:00","2025-05-24 21:00:00"
"Exam Edge - Act now and save 10% on AAMI (ACI) Healthcare Practice Tests","Exam Edge","Exam Edge is a leading provider of online test preparation for your AAMI (ACI) Healthcare certifications. Our exams are content focused helping you become as prepared as possible for your certification exam. We want you to walk out of the real exam confident and knowing that your time preparing with ExamEdge.com was a success!",15.00%,https://www.dpbolvw.net/click-100179843-13344608-1608148945000,https://www.ExamEdge.com/AAMI,13344608,"Text Link",SAVE-AAMI,Coupon,"2018-05-01 21:00:00","2025-05-24 21:00:00"
"Exam Edge - Act now and save 10% on NSCA Fitness Practice Tests","Exam Edge","Exam Edge is a leading provider of online test preparation for your NSCA Fitness certifications. Our exams are content focused helping you become as prepared as possible for your certification exam. We want you to walk out of the real exam confident and knowing that your time preparing with ExamEdge.com was a success!",15.00%,https://www.anrdoezrs.net/click-100179843-13344647-1608148945000,https://www.ExamEdge.com/NSCA,13344647,"Text Link",SAVE-NSCA,Coupon,"2018-05-01 21:00:00","2025-05-24 21:00:00"
"Exam Edge - Act now and save 10% on NMBI International Practice Tests","Exam Edge","Exam Edge is a leading provider of online test preparation for your NMBI International certifications. Our exams are content focused helping you become as prepared as possible for your certification exam. We want you to walk out of the real exam confident and knowing that your time preparing with ExamEdge.com was a success!",15.00%,https://www.dpbolvw.net/click-100179843-13344649-1608148945000,https://www.ExamEdge.com/NBMI,13344649,"Text Link",SAVE-NMBI,Coupon,"2018-05-01 21:00:00","2025-05-24 21:00:00"
"Exam Edge - Act now and save 10% on NYSTCE Teaching Practice Tests","Exam Edge","Exam Edge is a leading provider of online test preparation for your NYSTCE Teaching certifications. Our exams are content focused helping you become as prepared as possible for your certification exam. We want you to walk out of the real exam confident and knowing that your time preparing with ExamEdge.com was a success!",15.00%,https://www.tkqlhce.com/click-100179843-13344653-1608148945000,https://www.ExamEdge.com/NYSTCE,13344653,"Text Link",SAVE-NYST,Coupon,"2018-05-01 21:00:00","2025-05-24 21:00:00"
"Exam Edge - Act now and save 10% on ACCUPLACER College Placement Practice Tests","Exam Edge","Exam Edge is a leading provider of online test preparation for your ACCUPLACER College Placement certifications. Our exams are content focused helping you become as prepared as possible for your certification exam. We want you to walk out of the real exam confident and knowing that your time preparing with ExamEdge.com was a success!",15.00%,https://www.kqzyfj.com/click-100179843-13344482-1608148945000,https://www.ExamEdge.com/Accuplacer,13344482,"Text Link",SAVE-ACCU,Coupon,"2018-05-01 21:00:00","2025-05-24 21:00:00"
"CyberLink Homepage (FR)",CyberLink,"CyberLink Award Winning Software","10.00% - 20.00%",https://www.anrdoezrs.net/click-100179843-13664340-1607031059000,https://fr.cyberlink.com/index_fr_FR.html?r=1&affid=2581_-1_37_CJaffiliate,13664340,"Text Link",MEMBER10,Coupon,"2019-11-22 00:00:00","2021-12-31 00:00:00"
"PowerDVD 20 Promocode (DE)",CyberLink,"Exklusiv - 10% Gutschein Extra-Rabatt auf die neue Version von PowerDVD 20 Ultra - Weltweit die Nummer 1 für Film- & Medienwiedergabe","10.00% - 20.00%",https://www.jdoqocy.com/click-100179843-13307300-1607031059000,https://de.cyberlink.com/products/powerdvd-ultra/features_de_DE.html?r=1&affid=2581_-1_37_CJaffiliate,13307300,"Text Link",PDVD10,Coupon,"2018-04-16 00:00:00","2022-01-01 00:00:00"
"CyberLink Media Suite 15 (US) - Extra 10% off",CyberLink,"Save extra 10% on CyberLink Media Suite15. Coupon Code: CMS10","10.00% - 20.00%",https://www.dpbolvw.net/click-100179843-12006384-1607031059000,https://www.cyberlink.com/products/cyberlink-media-suite-ultra/features_en_GB.html?affid=2581_-1_37_CJaffiliate,12006384,"Text Link",CMS10,Coupon,"2017-09-01 00:00:00","2022-01-01 00:00:00"
"CyberLink Homepage (German) - 10% extra im gesamten Shop",CyberLink,"Videobearbeitung, Blu-ray Playback und Multimedia-Software von CyberLink","10.00% - 20.00%",https://www.kqzyfj.com/click-100179843-11676786-1607031059000,https://de.cyberlink.com/index_de_DE.html?r=1&affid=2581_-1_37_CJaffiliate,11676786,"Text Link",MEMBER10,Coupon,"2018-04-22 00:00:00","2022-01-01 00:00:00"
"CyberLink Media Suite 15 (DE) - 10% off",CyberLink,"Link to CyberLink Media Suite 15 DE Product Page","10.00% - 20.00%",https://www.dpbolvw.net/click-100179843-10367767-1607031059000,https://de.cyberlink.com/products/cyberlink-media-suite-ultimate/features_de_DE.html?affid=2581_-1_37_CJaffiliate,10367767,"Text Link",CMS10,Coupon,"2018-04-22 00:00:00","2022-01-01 00:00:00"
"PowerDirector 365 (DE) - 10% off",CyberLink,"PowerDirector ist eine professionelle Videobearbeitungssoftware für normale &360-Grad-Videos mit Bildschirmaufzeichnung","10.00% - 20.00%",https://www.anrdoezrs.net/click-100179843-12967589-1607031059000,https://de.cyberlink.com/products/powerdirector-video-editing-software-ultra/features_de_DE.html?affid=2581_-1_37_CJaffiliate,12967589,"Text Link",PDR10,Coupon,"2018-04-22 00:00:00","2021-12-31 00:00:00"
"CyberLink Sitewide (FR) - 10% off",CyberLink,"Link to CyberLink CH official websiteFrench landing page with CHF currency","10.00% - 20.00%",https://www.tkqlhce.com/click-100179843-13321998-1607031059000,https://fr.cyberlink.com/index_fr_CH.html?r=1&affid=2581_-1_37_CJaffiliate,13321998,"Text Link",MEMBER10,Coupon,"2018-04-22 00:00:00","2021-12-31 00:00:00"
"CyberLink Sitewide (IT) - 10% off",CyberLink,"Collegando creatività, passione e divertimento, CyberLink ti dà la possibilità di creare storie usando foto, audio e video con software per PC e app mobili.","10.00% - 20.00%",https://www.jdoqocy.com/click-100179843-13321994-1607031059000,https://it.cyberlink.com/store/index.html?affid=2581_-1_37_CJaffiliate,13321994,"Text Link",MEMBER10,Coupon,"2018-04-22 00:00:00","2022-01-01 00:00:00"
"CyberLink Sitewide (ES) - 10% off",CyberLink,"CyberLink Award Winning Software","10.00% - 20.00%",https://www.dpbolvw.net/click-100179843-13322016-1607031059000,https://es.cyberlink.com/index_es_ES.html?r=1&affid=2581_-1_37_CJaffiliate,13322016,"Text Link",MEMBER10,Coupon,"2018-04-22 00:00:00","2022-01-01 00:00:00"
"KOD RABATOWY: 20% rabatu na asortyment bez rabatu","ELKA Lounge CZ/SK/PL","Rabat 20% na asortyment bez rabatu z kodem: ELKA20
Ważność kodu: 16. - 18. 4. 2021
","5.00% - 7.50%",https://www.tkqlhce.com/click-100179843-14502684-1617957483000,https://www.elka-underwear.pl/,14502684,"Text Link",ELKA20,,"2021-04-15 15:00:00","2021-04-18 14:59:00"
"SLEVOVÝ KÓD: 20 % sleva na vše nezlevněné","ELKA Lounge CZ/SK/PL","20 % sleva na vše nezlevněné s kódem: ELKA20
Platnost kódu: 16. - 18. 4. 2021
","5.00% - 7.50%",https://www.dpbolvw.net/click-100179843-14502526-1617953556000,https://www.elka-underwear.cz/,14502526,"Text Link",ELKA20,,"2021-04-15 15:00:00","2021-04-18 14:59:00"
"Zľavový kód: 20% zľava na nezľavnený sortiment","ELKA Lounge CZ/SK/PL","20% zľava na nezľavnený sortiment s kódom: ELKA20
Platnosť kódu: 16. - 18. 4. 2021
","5.00% - 7.50%",https://www.kqzyfj.com/click-100179843-14502528-1617953673000,https://www.elka-underwear.sk/,14502528,"Text Link",ELKA20,,"2021-04-15 15:00:00","2021-04-18 14:59:00"
"Get $5 off on minimum purchase of $50, 10% off at DHgate, site-wide.",DHGate,"Get $5 off on minimum purchase of $50, 10% off at DHgate, site-wide.","2.00% - 51.00%",https://www.jdoqocy.com/click-100179843-14494456-1617082973000,https://www.dhgate.com,14494456,"Text Link",DHAPR1,Coupon,"2021-03-29 17:00:00","2021-04-30 16:59:00"
"Get $20 off on minimum purchase of $200, 10% off at DHgate, site-wide.",DHGate,"Get $20 off on minimum purchase of $200, 10% off at DHgate, site-wide.","2.00% - 51.00%",https://www.jdoqocy.com/click-100179843-14494471-1617083751000,https://www.dhgate.com,14494471,"Text Link",DHAPR4,Coupon,"2021-03-29 17:00:00","2021-04-30 16:59:00"
"Get $6 off on minimum purchase of $39, 15% off at DHgate, site-wide.",DHGate,"Get $6 off on minimum purchase of $39, 15% off at DHgate, site-wide. Get coupon just now, and use coupon only 22.Mar. 2021-26.Mar. 2021.","2.00% - 51.00%",https://www.dpbolvw.net/click-100179843-14486422-1616121483000,https://www.dhgate.com,14486422,"Text Link",Spring6off,Coupon,"2021-03-21 17:00:00","2021-04-25 16:59:00"
"Get $10 off on minimum purchase of $100, 10% off at DHgate, site-wide.",DHGate,"Get $10 off on minimum purchase of $100, 10% off at DHgate, site-wide.","2.00% - 51.00%",https://www.jdoqocy.com/click-100179843-14494464-1617083370000,https://www.dhgate.com,14494464,"Text Link",DHAPR3,Coupon,"2021-03-29 17:00:00","2021-04-30 16:59:00"
"Get $40 off on minimum purchase of $420, 9.5% off at DHgate, site-wide.",DHGate,"Get $40 off on minimum purchase of $420, 9.5% off at DHgate, site-wide. Expire at 8:00 AM UTC 27.Mar.2021","2.00% - 51.00%",https://www.dpbolvw.net/click-100179843-14491732-1616730934000,https://www.dhgate.com,14491732,"Text Link",344B353A,Coupon,"2021-03-21 17:00:00","2021-04-26 16:59:00"
"Get $26 off on minimum purchase of $300, 8% off at DHgate, site-wide.",DHGate,"Get $26 off on minimum purchase of $300, 8% off at DHgate, site-wide. Expire at 8:00 AM UTC 27.Mar.2021","2.00% - 51.00%",https://www.anrdoezrs.net/click-100179843-14491730-1616730775000,https://www.dhgate.com,14491730,"Text Link",5663D1C0,Coupon,"2021-03-21 17:00:00","2021-04-26 16:59:00"
"Get $30 off on minimum purchase of $500, 6% off at DHgate, site-wide.",DHGate,"Get $30 off on minimum purchase of $500, 6% off at DHgate, site-wide.","2.00% - 51.00%",https://www.jdoqocy.com/click-100179843-14494473-1617083947000,https://www.dhgate.com,14494473,"Text Link",DHAPR6,Coupon,"2021-03-29 17:00:00","2021-04-30 16:59:00"
"Get $8 off on minimum purchase of $80, 10% off at DHgate, site-wide.",DHGate,"Get $8 off on minimum purchase of $80, 10% off at DHgate, site-wide.","2.00% - 51.00%",https://www.dpbolvw.net/click-100179843-14494458-1617083396000,https://www.dhgate.com,14494458,"Text Link",DHAPR2,Coupon,"2021-03-29 17:00:00","2021-04-30 16:59:00"
"Get $25 off on minimum purchase of $299, 8% off at DHgate, site-wide.",DHGate,"Get $25 off on minimum purchase of $299, 8% off at DHgate, site-wide. Get coupon just now, and use coupon only 22.Mar. 2021-26.Mar. 2021.","2.00% - 51.00%",https://www.tkqlhce.com/click-100179843-14486435-1616125111000,https://www.dhgate.com,14486435,"Text Link",Spring25off,Coupon,"2021-03-21 17:00:00","2021-04-25 16:59:00"
"Get $40 off on minimum purchase of $1000, 4% off at DHgate, site-wide.",DHGate,"Get $40 off on minimum purchase of $1000, 4% off at DHgate, site-wide. Get coupon just now, and use coupon only 22.Mar. 2021-26.Mar. 2021.","2.00% - 51.00%",https://www.tkqlhce.com/click-100179843-14486436-1616125414000,https://www.dhgate.com,14486436,"Text Link",Spring40off,Coupon,"2021-03-21 17:00:00","2021-04-25 16:59:00"
"Get $24 off on minimum purchase of $300, 8% off at DHgate, site-wide.",DHGate,"Get $24 off on minimum purchase of $300, 8% off at DHgate, site-wide.","2.00% - 51.00%",https://www.kqzyfj.com/click-100179843-14494472-1617084018000,https://www.dhgate.com,14494472,"Text Link",DHAPR5,Coupon,"2021-03-29 17:00:00","2021-04-30 16:59:00"
"Get $50 off on minimum purchase of $460, 11% off at DHgate, site-wide.",DHGate,"Get $50 off on minimum purchase of $460, 11% off at DHgate, site-wide.
Expire at 8:00 AM UTC 27.Mar.2021","2.00% - 51.00%",https://www.dpbolvw.net/click-100179843-14491733-1616730991000,https://www.dhgate.com,14491733,"Text Link",F656E529,Coupon,"2021-03-21 17:00:00","2021-04-26 16:59:00"
"Get $35 off on minimum purchase of $360, 10% off at DHgate, site-wide.",DHGate,"Get $35 off on minimum purchase of $360, 10% off at DHgate, site-wide. Expire at 8:00 AM UTC 27.Mar.2021","2.00% - 51.00%",https://www.kqzyfj.com/click-100179843-14491731-1616730882000,https://www.dhgate.com,14491731,"Text Link",35339B3D,Coupon,"2021-03-21 17:00:00","2021-04-26 16:59:00"
"Get $70 off on minimum purchase of $780, 9% off at DHgate, site-wide.",DHGate,"Get $70 off on minimum purchase of $780, 9% off at DHgate, site-wide.
Expire at 8:00 AM UTC 27.Mar.2021","2.00% - 51.00%",https://www.tkqlhce.com/click-100179843-14491734-1616731176000,https://www.dhgate.com,14491734,"Text Link",9A98FEAE,Coupon,"2021-03-21 17:00:00","2021-04-26 16:59:00"
"Get $10 off on minimum purchase of $69, 14% off at DHgate, site-wide.",DHGate,"Get $10 off on minimum purchase of $69, 14% off at DHgate, site-wide. Get coupon just now, and use coupon only 22.Mar. 2021-26.Mar. 2021.","2.00% - 51.00%",https://www.jdoqocy.com/click-100179843-14486430-1616124827000,https://www.dhgate.com,14486430,"Text Link",Spring10off,Coupon,"2021-03-21 17:00:00","2021-04-25 16:59:00"
"Get $20 off on minimum purchase of $169, 12% off at DHgate, site-wide.",DHGate,"Get $20 off on minimum purchase of $169, 12% off at DHgate, site-wide. Get coupon just now, and use coupon only 22.Mar. 2021-26.Mar. 2021.","2.00% - 51.00%",https://www.anrdoezrs.net/click-100179843-14486432-1616124883000,https://www.dhgate.com,14486432,"Text Link",Spring20off,Coupon,"2021-03-21 17:00:00","2021-04-25 16:59:00"
"Get $30 off on minimum purchase of $399, 7% off at DHgate, site-wide.",DHGate,"Get $30 off on minimum purchase of $399, 7% off at DHgate, site-wide. Get coupon just now, and use coupon only 22.Mar. 2021-26.Mar. 2021.","2.00% - 51.00%",https://www.kqzyfj.com/click-100179843-14486433-1616124945000,https://www.dhgate.com,14486433,"Text Link",Spring30off,Coupon,"2021-03-21 17:00:00","2021-04-25 16:59:00"
"Get $15 off orders of $50 or more with code DEG15AF at DiscountGlasses.com!",DiscountGlasses.com,"Get $15 off orders of $50 or more with code DEG15AF at DiscountGlasses.com!","3.00% - 16.00%",https://www.tkqlhce.com/click-100179843-12458533-1586462295000,https://www.discountglasses.com,12458533,"Text Link",DEG15AF,Coupon,"2015-12-21 21:00:00","2021-04-30 20:59:00"
"Use Code DOC2 to get 5% Off Your Order When You Purchase 2 or more items","Doc Patels","Use Code DOC2 to get 5% Off Your Order When You Purchase 2 or more items",25.00%,https://www.anrdoezrs.net/click-100179843-14369159-1604598327000,https://docpatels.com/,14369159,"Text Link",DOC20,Coupon,"2020-11-05 00:00:00","2025-11-05 09:45:00"
"Get 10% Off Your Order when you Spend $100+ with Code Hemp10","Doc Patels","Get 10% Off Your Order when you Spend $100+ with Code Hemp10",25.00%,https://www.dpbolvw.net/click-100179843-14354769-1603312354000,https://docpatels.com/,14354769,"Text Link",Hemp10,Coupon,"2020-10-21 00:00:00","2025-09-09 00:00:00"
"Hot  Sale—Discount OFF$30-$2,$40-$3,$50-$5,$60-$7;CODE:DLOFF",Dresslily,"Hot  Sale—Discount OFF$30-$2,$40-$3,$50-$5,$60-$7;CODE:DLOFF",16.00%,https://www.dpbolvw.net/click-100179843-14495467-1617180747000,https://www.dresslily.com/,14495467,"Text Link",DLOFF,Coupon,"2021-03-30 09:00:00","2021-12-31 08:00:00"
"Dresslily Sale—18% Discount OFF; CODE: Dresslily18",Dresslily,"Dresslily Sale—18% Discount OFF; CODE: Dresslily18",16.00%,https://www.anrdoezrs.net/click-100179843-14495456-1617180301000,https://www.dresslily.com/,14495456,"Text Link",Dresslily18,Coupon,"2021-03-30 09:00:00","2021-12-31 08:00:00"
"Summer Sale—More Discount OFF$19-$2,$39-$5,$69-$9,$79-$11,$99-$14,$119-$17; CODE: DLSALE",Dresslily,"Summer Sale—More Discount OFF$19-$2,$39-$5,$69-$9,$79-$11,$99-$14,$119-$17; CODE: DLSALE",16.00%,https://www.kqzyfj.com/click-100179843-14495462-1617180545000,https://www.dresslily.com/,14495462,"Text Link",DLSALE,Coupon,"2021-03-30 09:00:00","2021-12-31 08:00:00"
"Hot Summer Season Discount OFF$99-$10,$120-$12,$140-$14,$160-$18,$220-$22,$300-$30; CODE: DLBIGDEAL",Dresslily,"Hot Summer Season Discount OFF$99-$10,$120-$12,$140-$14,$160-$18,$220-$22,$300-$30; CODE: DLBIGDEAL",16.00%,https://www.dpbolvw.net/click-100179843-14495473-1617184016000,https://www.dresslily.com/,14495473,"Text Link",DLBIGDEAL,Coupon,"2021-03-30 09:00:00","2021-12-31 08:00:00"
"Dresslily Site—18% Discount OFF; CODE:DL18SALE",Dresslily,"Dresslily Site—18% Discount OFF; CODE:DL18SALE",16.00%,https://www.tkqlhce.com/click-100179843-14495478-1617181218000,https://www.dresslily.com/,14495478,"Text Link",DL18SALE,Coupon,"2021-03-30 09:00:00","2021-12-31 08:00:00"
"Enjoy 15% off ANY Order with Code EDCANY15",EDCskincare.com,"Enjoy 15% off ANY Order with Code EDCANY15",5.00%,https://www.anrdoezrs.net/click-100179843-14476419-1614987391000,https://www.edcskincare.com,14476419,"Text Link",EDCANY15,Coupon,"2021-03-05 00:00:00","2021-12-31 00:00:00"
"Exclusive Offer: Get 20% Off + Free $45 Gift on $85 order with Coupon SDG85",EDCskincare.com,"Exclusive Offer: Get 20% Off + Free $45 Gift on $85 order with Coupon SDG85",5.00%,https://www.dpbolvw.net/click-100179843-14453881-1612484223000,https://www.edcskincare.com/Suncare-SPF-Sale.html,14453881,"Text Link",SDG85,Coupon,"2021-02-04 00:00:00","2025-05-31 23:59:00"
"Enjoy 15% off + FREE $18 Gift on $75 Obagi Order with Coupon OBGW15D",EDCskincare.com,"Enjoy 15% off + FREE $18 Gift on $75 Obagi Order with Coupon OBGW15D",5.00%,https://www.jdoqocy.com/click-100179843-14476418-1614987387000,https://www.edcskincare.com/obagi.html,14476418,"Text Link",OBGW15D,Coupon,"2021-03-05 00:00:00","2021-12-31 00:00:00"
"20% Off + Free $45 Gift on $85 order with coupon SDG85",EDCskincare.com,"20% Off + Free $45 Gift on $85 order with coupon SDG85",5.00%,https://www.jdoqocy.com/click-100179843-14474574-1614815459000,https://www.edcskincare.com/,14474574,"Text Link",SDG85,Coupon,"2021-02-04 00:00:00","2025-05-31 23:59:00"
"Enjoy A Free $200 Gift on $60 Order with Code SWG60",EDCskincare.com,"Enjoy A Free $200 Gift on $60 Order with Code SWG60",5.00%,https://www.dpbolvw.net/click-100179843-14453882-1614815478000,https://www.edcskincare.com/,14453882,"Text Link",SWG60,Coupon,"2021-02-04 00:00:00","2025-05-31 23:59:00"
"Exam Edge - Act now and save 10% on FSBPT Healthcare Practice Tests","Exam Edge","Exam Edge is a leading provider of online test preparation for your FSBPT Healthcare certifications. Our exams are content focused helping you become as prepared as possible for your certification exam. We want you to walk out of the real exam confident and knowing that your time preparing with ExamEdge.com was a success!",15.00%,https://www.dpbolvw.net/click-100179843-13344406-1608148945000,https://www.ExamEdge.com/FSBPT,13344406,"Text Link",SAVE-FSBP,Coupon,"2018-05-01 21:00:00","2025-05-24 21:00:00"
"Exam Edge - Act now and save 10% on IIM International Practice Tests","Exam Edge","Exam Edge is a leading provider of online test preparation for your IIM International certifications. Our exams are content focused helping you become as prepared as possible for your certification exam. We want you to walk out of the real exam confident and knowing that your time preparing with ExamEdge.com was a success!",15.00%,https://www.jdoqocy.com/click-100179843-13344421-1608148945000,https://www.ExamEdge.com/IIM,13344421,"Text Link",SAVE-IIM,Coupon,"2018-05-01 21:00:00","2025-05-24 21:00:00"
"Exam Edge - Act now and save 10% on ISSA Fitness Practice Tests","Exam Edge","Exam Edge is a leading provider of online test preparation for your ISSA Fitness certifications. Our exams are content focused helping you become as prepared as possible for your certification exam. We want you to walk out of the real exam confident and knowing that your time preparing with ExamEdge.com was a success!",15.00%,https://www.kqzyfj.com/click-100179843-13344422-1608148945000,https://www.ExamEdge.com/ISSA,13344422,"Text Link",SAVE-ISSA,Coupon,"2018-05-01 21:00:00","2025-05-24 21:00:00"
"Exam Edge - Act now and save 10% on ISMOH International Practice Tests","Exam Edge","Exam Edge is a leading provider of online test preparation for your ISMOH International certifications. Our exams are content focused helping you become as prepared as possible for your certification exam. We want you to walk out of the real exam confident and knowing that your time preparing with ExamEdge.com was a success!",15.00%,https://www.anrdoezrs.net/click-100179843-13344424-1608148945000,https://www.ExamEdge.com/IsraelMOH,13344424,"Text Link",SAVE-ISMO,Coupon,"2018-05-01 21:00:00","2025-05-24 21:00:00"
"Exam Edge - Act now and save 10% on AAMI (ACI) Healthcare Practice Tests","Exam Edge","Exam Edge is a leading provider of online test preparation for your AAMI (ACI) Healthcare certifications. Our exams are content focused helping you become as prepared as possible for your certification exam. We want you to walk out of the real exam confident and knowing that your time preparing with ExamEdge.com was a success!",15.00%,https://www.anrdoezrs.net/click-100179843-13344427-1608148945000,https://www.ExamEdge.com/AAMI,13344427,"Text Link",SAVE-AAMI,Coupon,"2018-05-01 21:00:00","2025-05-24 21:00:00"
"Exam Edge - Act now and save 10% on MOH Saudi Arabia International Practice Tests","Exam Edge","Exam Edge is a leading provider of online test preparation for your MOH Saudi Arabia International certifications. Our exams are content focused helping you become as prepared as possible for your certification exam. We want you to walk out of the real exam confident and knowing that your time preparing with ExamEdge.com was a success!",15.00%,https://www.anrdoezrs.net/click-100179843-13344431-1608148945000,https://www.ExamEdge.com/MOH,13344431,"Text Link",SAVE-MOH,Coupon,"2018-05-01 21:00:00","2025-05-24 21:00:00"
"Exam Edge - Act now and save 10% on AANP Nursing Practice Tests","Exam Edge","Exam Edge is a leading provider of online test preparation for your AANP Nursing certifications. Our exams are content focused helping you become as prepared as possible for your certification exam. We want you to walk out of the real exam confident and knowing that your time preparing with ExamEdge.com was a success!",15.00%,https://www.tkqlhce.com/click-100179843-13344335-1608148945000,https://www.ExamEdge.com/AANP,13344335,"Text Link",SAVE-AANP,Coupon,"2018-05-01 21:00:00","2025-05-24 21:00:00"
"Exam Edge - Act now and save 10% on CORE Teaching Practice Tests","Exam Edge","Exam Edge is a leading provider of online test preparation for your CORE Teaching certifications. Our exams are content focused helping you become as prepared as possible for your certification exam. We want you to walk out of the real exam confident and knowing that your time preparing with ExamEdge.com was a success!",15.00%,https://www.tkqlhce.com/click-100179843-13344397-1608148945000,https://www.ExamEdge.com/CORE,13344397,"Text Link",SAVE-CORE,Coupon,"2018-05-01 21:00:00","2025-05-24 21:00:00"
"Exam Edge - Act now and save 10% on DANB Dental Practice Tests","Exam Edge","Exam Edge is a leading provider of online test preparation for your DANB Dental certifications. Our exams are content focused helping you become as prepared as possible for your certification exam. We want you to walk out of the real exam confident and knowing that your time preparing with ExamEdge.com was a success!",15.00%,https://www.dpbolvw.net/click-100179843-13344401-1608148945000,https://www.ExamEdge.com/DANB,13344401,"Text Link",SAVE-DANB,Coupon,"2018-05-01 21:00:00","2025-05-24 21:00:00"
"Exam Edge - Act now and save 10% on FELE Teaching Practice Tests","Exam Edge","Exam Edge is a leading provider of online test preparation for your FELE Teaching certifications. Our exams are content focused helping you become as prepared as possible for your certification exam. We want you to walk out of the real exam confident and knowing that your time preparing with ExamEdge.com was a success!",15.00%,https://www.anrdoezrs.net/click-100179843-13344407-1608148945000,https://www.ExamEdge.com/FELE,13344407,"Text Link",SAVE-FELE,Coupon,"2018-05-01 21:00:00","2025-05-24 21:00:00"
"Exam Edge - Act now and save 10% on MTTC Teaching Practice Tests","Exam Edge","Exam Edge is a leading provider of online test preparation for your MTTC Teaching certifications. Our exams are content focused helping you become as prepared as possible for your certification exam. We want you to walk out of the real exam confident and knowing that your time preparing with ExamEdge.com was a success!",15.00%,https://www.anrdoezrs.net/click-100179843-13344428-1608148945000,https://www.ExamEdge.com/MTTC,13344428,"Text Link",SAVE-MTTC,Coupon,"2018-05-01 21:00:00","2025-05-24 21:00:00"
"Exam Edge - Act now and save 10% on ANMAC Healthcare Practice Tests","Exam Edge","Exam Edge is a leading provider of online test preparation for your ANMAC Healthcare certifications. Our exams are content focused helping you become as prepared as possible for your certification exam. We want you to walk out of the real exam confident and knowing that your time preparing with ExamEdge.com was a success!",15.00%,https://www.dpbolvw.net/click-100179843-13344372-1608148945000,https://www.ExamEdge.com/ANMAC,13344372,"Text Link",SAVE-ANMA,Coupon,"2018-05-01 21:00:00","2025-05-24 21:00:00"
"Exam Edge - Act now and save 10% on CSU College Placement Practice Tests","Exam Edge","Exam Edge is a leading provider of online test preparation for your CSU College Placement certifications. Our exams are content focused helping you become as prepared as possible for your certification exam. We want you to walk out of the real exam confident and knowing that your time preparing with ExamEdge.com was a success!",15.00%,https://www.dpbolvw.net/click-100179843-13344377-1608148945000,https://www.ExamEdge.com/CSU,13344377,"Text Link",SAVE-CSU,Coupon,"2018-05-01 21:00:00","2025-05-24 21:00:00"
"Exam Edge - Act now and save 10% on AAMA Healthcare Practice Tests","Exam Edge","Exam Edge is a leading provider of online test preparation for your AAMA Healthcare certifications. Our exams are content focused helping you become as prepared as possible for your certification exam. We want you to walk out of the real exam confident and knowing that your time preparing with ExamEdge.com was a success!",15.00%,https://www.anrdoezrs.net/click-100179843-13344333-1608148945000,https://www.ExamEdge.com/AAMA,13344333,"Text Link",SAVE-AAMA,Coupon,"2018-05-01 21:00:00","2025-05-24 21:00:00"
"Exam Edge - Act now and save 10% on AAMAS Healthcare Practice Tests","Exam Edge","Exam Edge is a leading provider of online test preparation for your AAMAS Healthcare certifications. Our exams are content focused helping you become as prepared as possible for your certification exam. We want you to walk out of the real exam confident and knowing that your time preparing with ExamEdge.com was a success!",15.00%,https://www.anrdoezrs.net/click-100179843-13344334-1608148945000,https://www.ExamEdge.com/AAMAS,13344334,"Text Link",SAVE-AAMA,Coupon,"2018-05-01 21:00:00","2025-05-24 21:00:00"
"Exam Edge - Act now and save 10% on PECT Teaching Practice Tests","Exam Edge","Exam Edge is a leading provider of online test preparation for your PECT Teaching certifications. Our exams are content focused helping you become as prepared as possible for your certification exam. We want you to walk out of the real exam confident and knowing that your time preparing with ExamEdge.com was a success!",15.00%,https://www.anrdoezrs.net/click-100179843-13344502-1608148945000,https://www.ExamEdge.com/PECT,13344502,"Text Link",SAVE-PECT,Coupon,"2018-05-01 21:00:00","2025-05-24 21:00:00"
"Exam Edge - Act now and save 10% on PSAE High School Practice Tests","Exam Edge","Exam Edge is a leading provider of online test preparation for your PSAE High School certifications. Our exams are content focused helping you become as prepared as possible for your certification exam. We want you to walk out of the real exam confident and knowing that your time preparing with ExamEdge.com was a success!",15.00%,https://www.dpbolvw.net/click-100179843-13344509-1608148945000,https://www.ExamEdge.com/PSAE,13344509,"Text Link",SAVE-PSAE,Coupon,"2018-05-01 21:00:00","2025-05-24 21:00:00"
"Exam Edge - Act now and save 10% on AHIMA Healthcare Practice Tests","Exam Edge","Exam Edge is a leading provider of online test preparation for your AHIMA Healthcare certifications. Our exams are content focused helping you become as prepared as possible for your certification exam. We want you to walk out of the real exam confident and knowing that your time preparing with ExamEdge.com was a success!",15.00%,https://www.tkqlhce.com/click-100179843-13344513-1608148945000,https://www.ExamEdge.com/AHIMA,13344513,"Text Link",SAVE-AHIM,Coupon,"2018-05-01 21:00:00","2025-05-24 21:00:00"
"Exam Edge - Act now and save 10% on AMT Healthcare Practice Tests","Exam Edge","Exam Edge is a leading provider of online test preparation for your AMT Healthcare certifications. Our exams are content focused helping you become as prepared as possible for your certification exam. We want you to walk out of the real exam confident and knowing that your time preparing with ExamEdge.com was a success!",15.00%,https://www.anrdoezrs.net/click-100179843-13344515-1608148945000,https://www.ExamEdge.com/AMT,13344515,"Text Link",SAVE-AMT,Coupon,"2018-05-01 21:00:00","2025-05-24 21:00:00"
"Exam Edge - Act now and save 10% on ANCC Nursing Practice Tests","Exam Edge","Exam Edge is a leading provider of online test preparation for your ANCC Nursing certifications. Our exams are content focused helping you become as prepared as possible for your certification exam. We want you to walk out of the real exam confident and knowing that your time preparing with ExamEdge.com was a success!",15.00%,https://www.jdoqocy.com/click-100179843-13344520-1608148945000,https://www.ExamEdge.com/ANCC,13344520,"Text Link",SAVE-ANCC,Coupon,"2018-05-01 21:00:00","2025-05-24 21:00:00"
"Exam Edge - Act now and save 10% on AONE Nursing Practice Tests","Exam Edge","Exam Edge is a leading provider of online test preparation for your AONE Nursing certifications. Our exams are content focused helping you become as prepared as possible for your certification exam. We want you to walk out of the real exam confident and knowing that your time preparing with ExamEdge.com was a success!",15.00%,https://www.kqzyfj.com/click-100179843-13344522-1608148945000,https://www.ExamEdge.com/AONE,13344522,"Text Link",SAVE-AONE,Coupon,"2018-05-01 21:00:00","2025-05-24 21:00:00"
"Exam Edge - Act now and save 10% on ServSafe Service Industry Practice Tests","Exam Edge","Exam Edge is a leading provider of online test preparation for your ServSafe Service Industry certifications. Our exams are content focused helping you become as prepared as possible for your certification exam. We want you to walk out of the real exam confident and knowing that your time preparing with ExamEdge.com was a success!",15.00%,https://www.kqzyfj.com/click-100179843-13344528-1608148945000,https://www.ExamEdge.com/ServSafe,13344528,"Text Link",SAVE-Serv,Coupon,"2018-05-01 21:00:00","2025-05-24 21:00:00"
"Exam Edge - Act now and save 10% on TEAS Healthcare Practice Tests","Exam Edge","Exam Edge is a leading provider of online test preparation for your TEAS Healthcare certifications. Our exams are content focused helping you become as prepared as possible for your certification exam. We want you to walk out of the real exam confident and knowing that your time preparing with ExamEdge.com was a success!",15.00%,https://www.kqzyfj.com/click-100179843-13344543-1608148945000,https://www.ExamEdge.com/TEAS,13344543,"Text Link",SAVE-TEAS,Coupon,"2018-05-01 21:00:00","2025-05-24 21:00:00"
"Exam Edge - Act now and save 10% on AAMI (ACI) Healthcare Practice Tests","Exam Edge","Exam Edge is a leading provider of online test preparation for your AAMI (ACI) Healthcare certifications. Our exams are content focused helping you become as prepared as possible for your certification exam. We want you to walk out of the real exam confident and knowing that your time preparing with ExamEdge.com was a success!",15.00%,https://www.tkqlhce.com/click-100179843-13344608-1608148945000,https://www.ExamEdge.com/AAMI,13344608,"Text Link",SAVE-AAMI,Coupon,"2018-05-01 21:00:00","2025-05-24 21:00:00"
"Exam Edge - Act now and save 10% on NSCA Fitness Practice Tests","Exam Edge","Exam Edge is a leading provider of online test preparation for your NSCA Fitness certifications. Our exams are content focused helping you become as prepared as possible for your certification exam. We want you to walk out of the real exam confident and knowing that your time preparing with ExamEdge.com was a success!",15.00%,https://www.tkqlhce.com/click-100179843-13344647-1608148945000,https://www.ExamEdge.com/NSCA,13344647,"Text Link",SAVE-NSCA,Coupon,"2018-05-01 21:00:00","2025-05-24 21:00:00"
"Exam Edge - Act now and save 10% on NMBI International Practice Tests","Exam Edge","Exam Edge is a leading provider of online test preparation for your NMBI International certifications. Our exams are content focused helping you become as prepared as possible for your certification exam. We want you to walk out of the real exam confident and knowing that your time preparing with ExamEdge.com was a success!",15.00%,https://www.kqzyfj.com/click-100179843-13344649-1608148945000,https://www.ExamEdge.com/NBMI,13344649,"Text Link",SAVE-NMBI,Coupon,"2018-05-01 21:00:00","2025-05-24 21:00:00"
"Exam Edge - Act now and save 10% on NYSTCE Teaching Practice Tests","Exam Edge","Exam Edge is a leading provider of online test preparation for your NYSTCE Teaching certifications. Our exams are content focused helping you become as prepared as possible for your certification exam. We want you to walk out of the real exam confident and knowing that your time preparing with ExamEdge.com was a success!",15.00%,https://www.kqzyfj.com/click-100179843-13344653-1608148945000,https://www.ExamEdge.com/NYSTCE,13344653,"Text Link",SAVE-NYST,Coupon,"2018-05-01 21:00:00","2025-05-24 21:00:00"
"Exam Edge - Act now and save 10% on ONCC Nursing Practice Tests","Exam Edge","Exam Edge is a leading provider of online test preparation for your ONCC Nursing certifications. Our exams are content focused helping you become as prepared as possible for your certification exam. We want you to walk out of the real exam confident and knowing that your time preparing with ExamEdge.com was a success!",15.00%,https://www.tkqlhce.com/click-100179843-13344659-1608148945000,https://www.ExamEdge.com/ONCC,13344659,"Text Link",SAVE-ONCC,Coupon,"2018-05-01 21:00:00","2025-05-24 21:00:00"
"Exam Edge - Act now and save 10% on PSAE High School Practice Tests","Exam Edge","Exam Edge is a leading provider of online test preparation for your PSAE High School certifications. Our exams are content focused helping you become as prepared as possible for your certification exam. We want you to walk out of the real exam confident and knowing that your time preparing with ExamEdge.com was a success!",15.00%,https://www.anrdoezrs.net/click-100179843-13344668-1608148945000,https://www.ExamEdge.com/PSAE,13344668,"Text Link",SAVE-PSAE,Coupon,"2018-05-01 21:00:00","2025-05-24 21:00:00"
"Exam Edge - Act now and save 10% on NCMA Healthcare Practice Tests","Exam Edge","Exam Edge is a leading provider of online test preparation for your NCMA Healthcare certifications. Our exams are content focused helping you become as prepared as possible for your certification exam. We want you to walk out of the real exam confident and knowing that your time preparing with ExamEdge.com was a success!",15.00%,https://www.tkqlhce.com/click-100179843-13344440-1608148945000,https://www.ExamEdge.com/NCMA,13344440,"Text Link",SAVE-NCMA,Coupon,"2018-05-01 21:00:00","2025-05-24 21:00:00"
"Exam Edge - Act now and save 10% on TEAS Healthcare Practice Tests","Exam Edge","Exam Edge is a leading provider of online test preparation for your TEAS Healthcare certifications. Our exams are content focused helping you become as prepared as possible for your certification exam. We want you to walk out of the real exam confident and knowing that your time preparing with ExamEdge.com was a success!",15.00%,https://www.jdoqocy.com/click-100179843-13344685-1608148945000,https://www.ExamEdge.com/TEAS,13344685,"Text Link",SAVE-TEAS,Coupon,"2018-05-01 21:00:00","2025-05-24 21:00:00"
"Exam Edge - Act now and save 10% on CLAST College Placement Practice Tests","Exam Edge","Exam Edge is a leading provider of online test preparation for your CLAST College Placement certifications. Our exams are content focused helping you become as prepared as possible for your certification exam. We want you to walk out of the real exam confident and knowing that your time preparing with ExamEdge.com was a success!",15.00%,https://www.anrdoezrs.net/click-100179843-13344571-1608148945000,https://www.ExamEdge.com/CLAST,13344571,"Text Link",SAVE-CLAS,Coupon,"2018-05-01 21:00:00","2025-05-24 21:00:00"
"Exam Edge - Act now and save 10% on CORE Teaching Practice Tests","Exam Edge","Exam Edge is a leading provider of online test preparation for your CORE Teaching certifications. Our exams are content focused helping you become as prepared as possible for your certification exam. We want you to walk out of the real exam confident and knowing that your time preparing with ExamEdge.com was a success!",15.00%,https://www.dpbolvw.net/click-100179843-13344578-1608148945000,https://www.ExamEdge.com/CORE,13344578,"Text Link",SAVE-CORE,Coupon,"2018-05-01 21:00:00","2025-05-24 21:00:00"
"Exam Edge - Act now and save 10% on NRFSP Service Industry Practice Tests","Exam Edge","Exam Edge is a leading provider of online test preparation for your NRFSP Service Industry certifications. Our exams are content focused helping you become as prepared as possible for your certification exam. We want you to walk out of the real exam confident and knowing that your time preparing with ExamEdge.com was a success!",15.00%,https://www.anrdoezrs.net/click-100179843-13344646-1608148945000,https://www.ExamEdge.com/NRFSP,13344646,"Text Link",SAVE-NRFS,Coupon,"2018-05-01 21:00:00","2025-05-24 21:00:00"
"Exam Edge - Act now and save 10% on NCSBN Nursing Practice Tests","Exam Edge","Exam Edge is a leading provider of online test preparation for your NCSBN Nursing certifications. Our exams are content focused helping you become as prepared as possible for your certification exam. We want you to walk out of the real exam confident and knowing that your time preparing with ExamEdge.com was a success!",15.00%,https://www.anrdoezrs.net/click-100179843-13344453-1608148945000,https://www.ExamEdge.com/NCLEX,13344453,"Text Link",SAVE-NCSB,Coupon,"2018-05-01 21:00:00","2025-05-24 21:00:00"
"Exam Edge - Act now and save 10% on ONCC Nursing Practice Tests","Exam Edge","Exam Edge is a leading provider of online test preparation for your ONCC Nursing certifications. Our exams are content focused helping you become as prepared as possible for your certification exam. We want you to walk out of the real exam confident and knowing that your time preparing with ExamEdge.com was a success!",15.00%,https://www.kqzyfj.com/click-100179843-13344492-1608148945000,https://www.ExamEdge.com/ONCC,13344492,"Text Link",SAVE-ONCC,Coupon,"2018-05-01 21:00:00","2025-05-24 21:00:00"
"Exam Edge - Act now and save 10% on CTC Teaching Practice Tests","Exam Edge","Exam Edge is a leading provider of online test preparation for your CTC Teaching certifications. Our exams are content focused helping you become as prepared as possible for your certification exam. We want you to walk out of the real exam confident and knowing that your time preparing with ExamEdge.com was a success!",15.00%,https://www.dpbolvw.net/click-100179843-13344575-1608148945000,https://www.ExamEdge.com/CTC,13344575,"Text Link",SAVE-CTC,Coupon,"2018-05-01 21:00:00","2025-05-24 21:00:00"
"Exam Edge - Act now and save 10% on NBSTSA Healthcare Practice Tests","Exam Edge","Exam Edge is a leading provider of online test preparation for your NBSTSA Healthcare certifications. Our exams are content focused helping you become as prepared as possible for your certification exam. We want you to walk out of the real exam confident and knowing that your time preparing with ExamEdge.com was a success!",15.00%,https://www.dpbolvw.net/click-100179843-13344620-1608148945000,https://www.ExamEdge.com/NBSTSA,13344620,"Text Link",SAVE-NBST,Coupon,"2018-05-01 21:00:00","2025-05-24 21:00:00"
"Exam Edge - Act now and save 10% on NETA Fitness Practice Tests","Exam Edge","Exam Edge is a leading provider of online test preparation for your NETA Fitness certifications. Our exams are content focused helping you become as prepared as possible for your certification exam. We want you to walk out of the real exam confident and knowing that your time preparing with ExamEdge.com was a success!",15.00%,https://www.anrdoezrs.net/click-100179843-13344640-1608148945000,https://www.ExamEdge.com/NETA,13344640,"Text Link",SAVE-NETA,Coupon,"2018-05-01 21:00:00","2025-05-24 21:00:00"
"Exam Edge - Act now and save 10% on CBPPS Healthcare Practice Tests","Exam Edge","Exam Edge is a leading provider of online test preparation for your CBPPS Healthcare certifications. Our exams are content focused helping you become as prepared as possible for your certification exam. We want you to walk out of the real exam confident and knowing that your time preparing with ExamEdge.com was a success!",15.00%,https://www.kqzyfj.com/click-100179843-13344661-1608148945000,https://www.ExamEdge.com/PatientSafety,13344661,"Text Link",SAVE-CBPP,Coupon,"2018-05-01 21:00:00","2025-05-24 21:00:00"
"Exam Edge - Act now and save 10% on SSAT High School Practice Tests","Exam Edge","Exam Edge is a leading provider of online test preparation for your SSAT High School certifications. Our exams are content focused helping you become as prepared as possible for your certification exam. We want you to walk out of the real exam confident and knowing that your time preparing with ExamEdge.com was a success!",15.00%,https://www.anrdoezrs.net/click-100179843-13344676-1608148945000,https://www.ExamEdge.com/SSAT,13344676,"Text Link",SAVE-SSAT,Coupon,"2018-05-01 21:00:00","2025-05-24 21:00:00"
"Exam Edge - Act now and save 10% on TABE Teaching Practice Tests","Exam Edge","Exam Edge is a leading provider of online test preparation for your TABE Teaching certifications. Our exams are content focused helping you become as prepared as possible for your certification exam. We want you to walk out of the real exam confident and knowing that your time preparing with ExamEdge.com was a success!",15.00%,https://www.kqzyfj.com/click-100179843-13344684-1608148945000,https://www.ExamEdge.com/TABE,13344684,"Text Link",SAVE-TABE,Coupon,"2018-05-01 21:00:00","2025-05-24 21:00:00"
"Exam Edge - Act now and save 10% on HRCI Business Practice Tests","Exam Edge","Exam Edge is a leading provider of online test preparation for your HRCI Business certifications. Our exams are content focused helping you become as prepared as possible for your certification exam. We want you to walk out of the real exam confident and knowing that your time preparing with ExamEdge.com was a success!",15.00%,https://www.kqzyfj.com/click-100179843-13344598-1608148945000,https://www.ExamEdge.com/HRIC,13344598,"Text Link",SAVE-HRCI,Coupon,"2018-05-01 21:00:00","2025-05-24 21:00:00"
"Exam Edge - Act now and save 10% on IFPA Fitness Practice Tests","Exam Edge","Exam Edge is a leading provider of online test preparation for your IFPA Fitness certifications. Our exams are content focused helping you become as prepared as possible for your certification exam. We want you to walk out of the real exam confident and knowing that your time preparing with ExamEdge.com was a success!",15.00%,https://www.anrdoezrs.net/click-100179843-13344600-1608148945000,https://www.ExamEdge.com/IFPA,13344600,"Text Link",SAVE-IFPA,Coupon,"2018-05-01 21:00:00","2025-05-24 21:00:00"
"Exam Edge - Act now and save 10% on ISSA Fitness Practice Tests","Exam Edge","Exam Edge is a leading provider of online test preparation for your ISSA Fitness certifications. Our exams are content focused helping you become as prepared as possible for your certification exam. We want you to walk out of the real exam confident and knowing that your time preparing with ExamEdge.com was a success!",15.00%,https://www.dpbolvw.net/click-100179843-13344603-1608148945000,https://www.ExamEdge.com/ISSA,13344603,"Text Link",SAVE-ISSA,Coupon,"2018-05-01 21:00:00","2025-05-24 21:00:00"
"Exam Edge - Act now and save 10% on NHA Healthcare Practice Tests","Exam Edge","Exam Edge is a leading provider of online test preparation for your NHA Healthcare certifications. Our exams are content focused helping you become as prepared as possible for your certification exam. We want you to walk out of the real exam confident and knowing that your time preparing with ExamEdge.com was a success!",15.00%,https://www.tkqlhce.com/click-100179843-13344624-1608148945000,https://www.ExamEdge.com/NHA,13344624,"Text Link",SAVE-NHA,Coupon,"2018-05-01 21:00:00","2025-05-24 21:00:00"
"Exam Edge CCB Healthcare Certifications - Save 10%","Exam Edge","Exam Edge is a leading provider of online test preparation for your CCB Healthcare certifications. Our exams are content focused helping you become as prepared as possible for your certification exam. We want you to walk out of the real exam confident and knowing that your time preparing with ExamEdge.com was a success!",15.00%,https://www.dpbolvw.net/click-100179843-13331122-1608148945000,https://www.ExamEdge.com/CBC,13331122,"Text Link",SAVE-CJ10,Coupon,"2018-05-01 21:00:00","2025-05-24 21:00:00"
"WHUK EASTER Offer 21% Off On All Services 2021","(WHUK) WebHosting UK COM Ltd.","EASTER Discount 21% off on all services ",60.00%,https://www.jdoqocy.com/click-100179843-14498924-1617396446000,http://www.webhosting.uk.com/?source=cj,14498924,Banner,EASTERWH21,Coupon,"2021-03-31 14:00:00","2021-04-29 11:30:00"
"WHUK EASTER Offer 21% Off On All Services 2021","(WHUK) WebHosting UK COM Ltd.","EASTER Discount 21% off on all services ",60.00%,https://www.dpbolvw.net/click-100179843-14498922-1617396418000,http://www.webhosting.uk.com/?source=cj,14498922,Banner,EASTERWH21,Coupon,"2021-03-31 14:00:00","2021-04-29 11:30:00"
"WHUK EASTER Offer 21% Off On All Services 2021","(WHUK) WebHosting UK COM Ltd.","EASTER Discount 21% off on all services ",60.00%,https://www.tkqlhce.com/click-100179843-14498929-1617396508000,http://www.webhosting.uk.com/?source=cj,14498929,Banner,EASTERWH21,Coupon,"2021-03-31 14:00:00","2021-04-29 11:30:00"
"WHUK EASTER Offer 21% Off On All Services 2021","(WHUK) WebHosting UK COM Ltd.","EASTER Discount 21% off on all services ",60.00%,https://www.anrdoezrs.net/click-100179843-14498923-1617396433000,http://www.webhosting.uk.com/?source=cj,14498923,Banner,EASTERWH21,Coupon,"2021-03-31 14:00:00","2021-04-29 11:30:00"
"15% off when you spend $350","RS Components Ltd- UK","Take 15% off when you spend $350",5.00%,https://www.tkqlhce.com/click-100179843-14477631-1615277875000,https://au.rs-online.com/web/,14477631,"Text Link",RSREWARDS,Coupon,"2021-03-31 16:00:00","2021-04-30 15:59:00"
"10% off WordPerfect Office 2020 Standard, Professional, and Home & Student with code WPO2020SAVE10","Corel Corporation","10% off WordPerfect Office 2020 Standard, Professional, and Home & Student with code WPO2020SAVE10","5.00% - 10.00%",https://www.jdoqocy.com/click-100179843-14104930-1596140785000,https://www.wordperfect.com/en/?link=wm,14104930,"Text Link",WPO2020SAVE10,Coupon,"2020-07-30 13:23:00","2021-12-31 21:05:00"
"10% off VideoStudio Pro and Pro Ultimate 2020 with code VSP2020SAVE10 ","Corel Corporation","10% off VideoStudio Pro and Pro Ultimate 2020 with code VSP2020SAVE10 ","5.00% - 10.00%",https://www.kqzyfj.com/click-100179843-14104927-1596140621000,https://www.videostudiopro.com/en/?link=wm,14104927,"Text Link",VSP2020SAVE10,Coupon,"2020-07-30 13:23:00","2021-12-31 21:05:00"
"Get an additional 10% off the listed price of select Corel products w/ code 10CORELSAVE","Corel Corporation","Get an additional 10% off the listed price of select Corel products w/ code 10CORELSAVE","5.00% - 10.00%",https://www.kqzyfj.com/click-100179843-13995651-1596747159000,http://www.corel.com/us/special-offers/,13995651,"Text Link",10CORELSAVE,Coupon,"2020-03-05 11:13:00","2022-08-31 11:14:00"
"PowerDVD 20 (US) - 10% off",CyberLink,"Redefining Entertainment - The Best Media Player for Windows","10.00% - 20.00%",https://www.jdoqocy.com/click-100179843-11623447-1607031059000,https://www.cyberlink.com/products/powerdvd-ultra/features_en_US.html?r=1&affid=2581_-1_37_CJaffiliate,11623447,"Text Link",PDVD10,Coupon,"2018-04-16 00:00:00","2021-12-31 00:00:00"
"CyberLink Storewide offer - All Products",CyberLink,"Linking Creativity, Passion and Enjoyment, CyberLink gives you the power to create stories using photos, audio and video with PC software and mobile apps.","10.00% - 20.00%",https://www.jdoqocy.com/click-100179843-10576016-1607031059000,https://www.cyberlink.com/products/index_en_US.html?config=bob2017_US_2P_FCP,10576016,"Text Link",MEMBER10,Coupon,"2018-04-22 00:00:00","2021-12-31 00:00:00"
"CyberLink Homepage (English) - 10% off sitewide coupon",CyberLink,"Save up to 40% on CyberLink Award Winning Software","10.00% - 20.00%",https://www.anrdoezrs.net/click-100179843-10471867-1607031059000,https://www.cyberlink.com/index_en_US.html?config=bob2017_US_2P_FCP,10471867,"Text Link",MEMBER10,Coupon,"2018-04-22 00:00:00","2021-12-31 00:00:00"
"Spring Break Savings 160x600",CheapOair.ca,"Spring Break Savings! Get up to C$25 off◊ our fees on flights Use Code BREAK25 at checkout","CAD 5.00 - CAD 15.00",https://www.tkqlhce.com/click-100179843-14454009-1612512510000,https://www.cheapoair.ca/affiliates/flights/spring,14454009,Banner,BREAK25,Coupon,"2021-02-04 23:28:00","2021-04-30 11:29:00"
"Spring Break Savings 120x60",CheapOair.ca,"Spring Break Savings! Get up to C$25 off◊ our fees on flights Use Code BREAK25 at checkout","CAD 5.00 - CAD 15.00",https://www.kqzyfj.com/click-100179843-14454016-1612512342000,https://www.cheapoair.ca/affiliates/flights/spring,14454016,Banner,BREAK25,Coupon,"2021-02-04 23:28:00","2021-04-30 11:29:00"
"Spring Break Savings 234x60",CheapOair.ca,"Spring Break Savings! Get up to C$25 off◊ our fees on flights Use Code BREAK25 at checkout","CAD 5.00 - CAD 15.00",https://www.anrdoezrs.net/click-100179843-14454012-1612512441000,https://www.cheapoair.ca/affiliates/flights/spring,14454012,Banner,BREAK25,Coupon,"2021-02-04 23:28:00","2021-04-30 11:29:00"
"CheapOair.ca french promotion",CheapOair.ca,"Économisez jusqu'à 40 $ CAN sur nos frais de vol. Reserve maintenant!","CAD 5.00 - CAD 15.00",https://www.dpbolvw.net/click-100179843-13953853-1608547282000,https://www.cheapoair.ca/vols/voyage,13953853,"Text Link",VOY40,Coupon,"2020-01-23 04:10:00","2021-12-31 10:29:00"
"Adventure 468x60",CheapOair.ca,"Looking For An Adventure? Take up to C$16 off with Promo Code GO16 Book Now!","CAD 5.00 - CAD 15.00",https://www.kqzyfj.com/click-100179843-13762634-1611577272000,https://www.cheapoair.ca/affiliates/flights/adventure,13762634,Banner,GO16,Coupon,"2020-02-03 00:38:00","2021-12-31 10:29:00"
"Adventure Travel 120 x 90",CheapOair.ca,"Looking For An Adventure? Take up to C$16 off with Promo Code GO16 Book Now!","CAD 5.00 - CAD 15.00",https://www.jdoqocy.com/click-100179843-13762651-1611577655000,https://www.cheapoair.ca/affiliates/flights/adventure,13762651,Banner,GO16,Coupon,"2020-02-03 00:32:00","2021-12-31 10:29:00"
"Adventure Travel 120 x 60",CheapOair.ca,"Looking For An Adventure? Take up to C$16 off with Promo Code GO16 Book Now!","CAD 5.00 - CAD 15.00",https://www.anrdoezrs.net/click-100179843-13762645-1611577290000,https://www.cheapoair.ca/affiliates/flights/adventure,13762645,Banner,GO16,Coupon,"2020-02-03 00:33:00","2021-12-31 10:29:00"
"Daily Deals 125x125",CheapOair.ca,"Sour Into Savings! With these handpicked deals you can save up to C$16 off on flights with promo code DAILY16","CAD 5.00 - CAD 15.00",https://www.anrdoezrs.net/click-100179843-13762793-1608629531000,https://www.cheapoair.ca/affiliates/flights/dailydeals,13762793,Banner,DAILY16,Coupon,"2019-06-27 06:26:00","2021-12-31 10:29:00"
"Daily Deals 300x250",CheapOair.ca,"Sour Into Savings! With these handpicked deals you can save up to C$16 off on flights with promo code DAILY16","CAD 5.00 - CAD 15.00",https://www.anrdoezrs.net/click-100179843-13762779-1608629285000,https://www.cheapoair.ca/affiliates/flights/dailydeals,13762779,Banner,DAILY16,Coupon,"2019-06-27 06:21:00","2021-12-31 10:29:00"
"Vancouver Travel Deals!",CheapOair.ca,"Save up to
C$24 off◊ our fees on flights 
Use Code YVR24 at checkout","CAD 5.00 - CAD 15.00",https://www.tkqlhce.com/click-100179843-13668828-1608623805000,https://www.cheapoair.ca/affiliates/flights/city?city-code=yvr,13668828,"Text Link",YVR24,Coupon,"2019-04-02 00:35:00","2021-12-31 10:29:00"
"Montreal Travel Deals!",CheapOair.ca,"Save up to
C$24 off◊ our fees on flights 
Use Code YUL24 at checkout","CAD 5.00 - CAD 15.00",https://www.kqzyfj.com/click-100179843-13668830-1608623511000,https://www.cheapoair.ca/affiliates/flights/city?city-code=ymq,13668830,"Text Link",YUL24,Coupon,"2019-04-02 00:43:00","2021-12-31 10:29:00"
"Toronto Travel Deals!",CheapOair.ca,"Save up to
C$24 off◊ our fees on flights 
Use Code YYZ24 at checkout","CAD 5.00 - CAD 15.00",https://www.anrdoezrs.net/click-100179843-13668827-1610637006000,https://www.cheapoair.ca/affiliates/flights/city?city-code=yto,13668827,"Text Link",YYZ24,Coupon,"2019-04-02 00:31:00","2021-12-31 10:29:00"
"Flights Under 99",CheapOair.ca,"Fly for Under C$99! 
Plus, get up to C$16 off our fees with code CA16","CAD 5.00 - CAD 15.00",https://www.dpbolvw.net/click-100179843-13637380-1608624021000,https://www.cheapoair.ca/affiliates/flights-under99,13637380,"Text Link",CA16,Coupon,"2019-03-04 01:15:00","2021-12-31 10:29:00"
"Around the World 468x60",CheapOair.ca,"Go Around the World! Take up to C$16 off with Promo Code WORLD16 Book Now!","CAD 5.00 - CAD 15.00",https://www.jdoqocy.com/click-100179843-13270861-1608629147000,https://www.cheapoair.ca/affiliates/flights/aroundtheglobe,13270861,Banner,WORLD16,Coupon,"2018-03-20 05:29:00","2021-12-31 10:29:00"
"Adventure Travel 125 x 125",CheapOair.ca,"Looking For An Adventure?  Take up to C$16 off with Promo Code GO16 Book Now!","CAD 5.00 - CAD 15.00",https://www.kqzyfj.com/click-100179843-13270818-1611577678000,https://www.cheapoair.ca/affiliates/flights/adventure,13270818,Banner,GO16,Coupon,"2020-02-03 00:32:00","2021-12-31 10:29:00"
"Roundtrip Flights 125x125",CheapOair.ca,"Find Round Trip Flights!  Take up to C$24 off with Promo Code RT24 Book Now!","CAD 5.00 - CAD 15.00",https://www.jdoqocy.com/click-100179843-13270855-1608628406000,https://www.cheapoair.ca/affiliates/flights/roundtrip,13270855,Banner,RT24,Coupon,"2018-03-20 04:37:00","2021-12-31 10:29:00"
"Roundtrip Flights 240x400",CheapOair.ca,"Find Round Trip Flights!  Take up to C$24 off with Promo Code RT24 Book Now!","CAD 5.00 - CAD 15.00",https://www.dpbolvw.net/click-100179843-13270857-1608628466000,https://www.cheapoair.ca/affiliates/flights/roundtrip,13270857,Banner,RT24,Coupon,"2018-03-20 04:42:00","2021-12-31 10:29:00"
"Car Rental Deals 300x250",CheapOair.ca,"Find Exclusive Car Rental Deals!  Take up to $10 off with Promo Code CAR10 Book Now!","CAD 5.00 - CAD 15.00",https://www.jdoqocy.com/click-100179843-13271050-1608629642000,https://www.cheapoair.ca/affiliates/cars,13271050,Banner,CAR10,Coupon,"2018-03-20 08:10:00","2021-12-31 10:29:00"
"Family Travel 120x600",CheapOair.ca,"Save Big on Family Travel!  Take up to C$24 off with Promo Code FAMILY24 Book Now!","CAD 5.00 - CAD 15.00",https://www.dpbolvw.net/click-100179843-13270907-1611576915000,https://www.cheapoair.ca/affiliates/flights/family,13270907,Banner,FAMILY24,Coupon,"2018-03-20 06:15:00","2021-12-31 10:29:00"
"Roundtrip Flights 120x400",CheapOair.ca,"Find Round Trip Flights!  Take up to C$24 off with Promo Code RT24 Book Now!","CAD 5.00 - CAD 15.00",https://www.tkqlhce.com/click-100179843-13270851-1608628346000,https://www.cheapoair.ca/affiliates/flights/roundtrip,13270851,Banner,RT24,Coupon,"2018-03-20 04:27:00","2021-12-31 10:29:00"
"Family Travel 120x60",CheapOair.ca,"Save Big on Family Travel!  Take up to C$24 off with Promo Code FAMILY24 Book Now!","CAD 5.00 - CAD 15.00",https://www.tkqlhce.com/click-100179843-13762581-1611576766000,https://www.cheapoair.ca/affiliates/flights/family,13762581,Banner,FAMILY24,Coupon,"2019-06-27 05:13:00","2021-12-31 10:29:00"
"(UK Site) Get 10% off a full chiliBLANKET sleep system with code chiliBLANKET10","Chili Technology","Get 10% off a full chiliBLANKET sleep system with code chiliBLANKET10",3.00%,https://www.tkqlhce.com/click-100179843-14442769-1611356597000,https://uk.chilisleep.com/,14442769,"Text Link",chiliBLANKET10,Coupon,"2021-01-22 00:00:00","2025-01-22 00:00:00"
"(UK Site) Get 15% off a full OOLER sleep system with code OOLER15","Chili Technology","Get 15% off a full OOLER sleep system with code OOLER15",3.00%,https://www.dpbolvw.net/click-100179843-14442766-1611356513000,https://uk.chilisleep.com/,14442766,"Text Link",OOLER15,Coupon,"2021-01-22 00:00:00","2025-01-22 00:00:00"
"(UK Site) Get 20% off a full chiliPAD sleep system with code Chilipad20","Chili Technology","Get 20% off a full chiliPAD sleep system with code Chilipad20",3.00%,https://www.kqzyfj.com/click-100179843-14442763-1611356459000,https://uk.chilisleep.com/,14442763,"Text Link",Chilipad20,Coupon,"2021-01-22 00:00:00","2025-01-22 00:00:00"
"(US Site) Get 20% off a full chiliPAD sleep system with code Chilipad20","Chili Technology","Get 20% off a full chiliPAD sleep system with code Chilipad20",3.00%,https://www.dpbolvw.net/click-100179843-14442762-1611356439000,https://www.chilitechnology.com/,14442762,"Text Link",Chilipad20,Coupon,"2021-01-22 00:00:00","2025-01-22 00:00:00"
"(US Site) Get 15% off a full OOLER sleep system with code OOLER15","Chili Technology","Get 15% off a full OOLER sleep system with code OOLER15",3.00%,https://www.jdoqocy.com/click-100179843-14442765-1611356496000,https://www.chilitechnology.com/,14442765,"Text Link",OOLER15,Coupon,"2021-01-22 00:00:00","2025-01-22 00:00:00"
"(US Site) Get 10% off a full chiliBLANKET sleep system with code chiliBLANKET10","Chili Technology","Get 10% off a full chiliBLANKET sleep system with code chiliBLANKET10",3.00%,https://www.jdoqocy.com/click-100179843-14442768-1611356558000,https://www.chilitechnology.com/,14442768,"Text Link",chiliBLANKET10,Coupon,"2021-01-22 00:00:00","2025-01-22 00:00:00"
"(UK Site) - Take £50 OFF With Code TAKE50","Chili Technology","Take £50 OFF With Code TAKE50",3.00%,https://www.jdoqocy.com/click-100179843-14324516-1600452657000,https://uk.chilisleep.com/,14324516,"Text Link",TAKE50,Coupon,"2020-08-27 16:07:00","2021-09-30 00:00:00"
"Get 15% off with no minimum purchase","Ethel M Chocolates","Get 15% off with no minimum purchase",8.00%,https://www.kqzyfj.com/click-100179843-14347097-1602790520000,https://www.ethelm.com/yas15,14347097,"Text Link",YAS15,Coupon,"2020-10-12 13:00:00","2024-10-12 00:00:00"
"Get Free Shipping on all orders $60+!","Ethel M Chocolates","Get Free Shipping on all orders $60+!",8.00%,https://www.jdoqocy.com/click-100179843-14026622-1602531951000,https://www.ethelm.com/all-products-chocolate/c/1200897,14026622,"Text Link",SENDGIFT,Coupon,"2020-10-12 13:00:00","2024-10-12 00:00:00"
"AU_FREE Booster Sorada sunglasses","ChromeBurner - INT","FREE Booster Sorada sunglasses",10.00%,https://www.kqzyfj.com/click-100179843-14494016-1617028200000,https://www.chromeburner.com/au/en/booster-sorada-sunglasses,14494016,"Text Link",SUNNYDAYS,Coupon,"2021-03-31 15:00:00","2021-04-30 14:59:00"
"AU_10% extra discount on Macna","ChromeBurner - INT","10% extra discount on Macna",10.00%,https://www.jdoqocy.com/click-100179843-14494013-1617027369000,https://www.chromeburner.com/au/en/brands/macna/,14494013,"Text Link",MAC-OFF,Coupon,"2021-03-31 15:00:00","2021-04-30 14:59:00"
"CA-EN_10% extra discount on Just1 J18 MIPS helmets","ChromeBurner - INT","10% extra discount on Just1 J18 MIPS helmets",10.00%,https://www.dpbolvw.net/click-100179843-14494035-1617028467000,https://www.chromeburner.com/ca/en/helmets/brands/just1/?helmet_series=10187,14494035,"Text Link",JUST-10,Coupon,"2021-03-31 15:00:00","2021-04-30 14:59:00"
"US_FREE Booster Sorada sunglasses","ChromeBurner - INT","FREE Booster Sorada sunglasses",10.00%,https://www.dpbolvw.net/click-100179843-14494005-1617026853000,https://www.chromeburner.com/booster-sorada-sunglasses,14494005,"Text Link",SUNNYDAYS,Coupon,"2021-03-31 15:00:00","2021-04-30 14:59:00"
"CA-EN_10% extra discount on Macna","ChromeBurner - INT","10% extra discount on Macna",10.00%,https://www.anrdoezrs.net/click-100179843-14494021-1617968288000,https://www.chromeburner.com/ca/en/brands/macna/,14494021,"Text Link",MAC-OFF,Coupon,"2021-03-31 15:00:00","2021-04-30 14:59:00"
"CA-EN_10% extra discount on all gloves","ChromeBurner - INT","10% extra discount on all gloves",10.00%,https://www.jdoqocy.com/click-100179843-14494020-1617028203000,https://www.chromeburner.com/ca/en/gloves/,14494020,"Text Link",G10VES,Coupon,"2021-03-31 15:00:00","2021-04-30 14:57:00"
"AU_10% extra discount on all gloves","ChromeBurner - INT","10% extra discount on all gloves",10.00%,https://www.tkqlhce.com/click-100179843-14494008-1617027199000,https://www.chromeburner.com/au/en/gloves/,14494008,"Text Link",G10VES,Coupon,"2021-03-31 15:00:00","2021-04-30 14:59:00"
"US_10% extra discount on Just1 J18 MIPS helmets","ChromeBurner - INT","10% extra discount on Just1 J18 MIPS helmets",10.00%,https://www.dpbolvw.net/click-100179843-14494006-1617026974000,https://www.chromeburner.com/helmets/brands/just1/?helmet_series=10187,14494006,"Text Link",JUST-10,Coupon,"2021-03-31 15:00:00","2021-04-30 14:59:00"
"CA-EN_FREE Booster Sorada sunglasses","ChromeBurner - INT","FREE Booster Sorada sunglasses",10.00%,https://www.tkqlhce.com/click-100179843-14494022-1617028304000,https://www.chromeburner.com/ca/en/booster-sorada-sunglasses,14494022,"Text Link",SUNNYDAYS,Coupon,"2021-03-31 15:00:00","2021-04-30 14:59:00"
"AU_10% extra discount on Just1 J18 MIPS helmets","ChromeBurner - INT","10% extra discount on Just1 J18 MIPS helmets",10.00%,https://www.dpbolvw.net/click-100179843-14494018-1617028200000,https://www.chromeburner.com/au/en/helmets/brands/just1/?helmet_series=10187,14494018,"Text Link",JUST-10,Coupon,"2021-03-31 15:00:00","2021-04-30 14:58:00"
"US_10% extra discount on Macna","ChromeBurner - INT","10% extra discount on Macna",10.00%,https://www.jdoqocy.com/click-100179843-14494004-1617026703000,https://www.chromeburner.com/brands/macna/,14494004,"Text Link",MAC-OFF,Coupon,"2021-03-31 15:00:00","2021-04-30 14:59:00"
"US_10% extra discount on all gloves","ChromeBurner - INT","10% extra discount on all gloves",10.00%,https://www.dpbolvw.net/click-100179843-14494000-1617026504000,https://www.chromeburner.com/gloves/,14494000,"Text Link",G10VES,Coupon,"2021-03-31 15:00:00","2021-04-30 14:59:00"
"Be Your Own Stylist! Choose up to 3 items to add to your box, your stylist will select the rest! ",Dia&Co,"Be Your Own Stylist! You can choose up to 3 items to add to your box, your stylist will select the rest! (not available on your first box.) ","USD 2.00",https://www.anrdoezrs.net/click-100179843-13627825-1612969590000,https://www.dia.com/,13627825,"Text Link",,Coupon,"2019-02-21 13:24:00","2021-12-31 21:00:00"
"Additional 10% for coffee machine Melitta “F53/0-101 Passione”","Coffee Friend","Melitta “F53/0-101 Passione”","4.00% - 10.00%",https://www.jdoqocy.com/click-100179843-14495204-1617256804000,https://www.coffeefriend.co.uk/p/coffee-machine-melitta-f530-101-passione/,14495204,"Text Link",F53010110,Coupon,"2021-03-31 23:00:00","2021-04-30 13:00:00"
"Coffee machines ""Sage"" -10%","Coffee Friend","Coffee machines ""Sage"". Discounts cannot be combined","4.00% - 10.00%",https://www.tkqlhce.com/click-100179843-14495193-1617256804000,https://www.coffeefriend.co.uk/c/coffee-machines/sage-coffee-machines/,14495193,"Text Link",s04ag10e,Coupon,"2021-03-31 23:00:00","2021-04-30 13:00:00"
"Lelit coffee machine “Mara PL62S” for 850£","Coffee Friend","Lelit “Mara PL62S”","4.00% - 10.00%",https://www.kqzyfj.com/click-100179843-14495198-1617256805000,https://www.coffeefriend.co.uk/p/espresso-coffee-machine-lelit-mara/,14495198,"Text Link",PL62S04,Coupon,"2021-03-31 23:00:00","2021-04-30 13:00:00"
"£5 voucher for purchases from £50","Coffee Friend","Discounts cannot be combined","4.00% - 10.00%",https://www.jdoqocy.com/click-100179843-14431820-1617131542000,https://www.coffeefriend.co.uk/,14431820,"Text Link",co5ff50ee,Coupon,"2021-01-08 04:52:00","2021-04-30 13:59:00"
"Coffee beans ""Redbeans"" (3 flavours) -30%","Coffee Friend","Redbeans coffee","4.00% - 10.00%",https://www.kqzyfj.com/click-100179843-14495154-1617256800000,https://www.coffeefriend.co.uk/?s=redbeans&post_type=product,14495154,"Text Link",Red04bea30ns,Coupon,"2021-03-31 23:00:00","2021-04-30 13:00:00"
"Lelit coffee machine “Mara PL62X” for 939£","Coffee Friend","Lelit “Mara PL62X”","4.00% - 10.00%",https://www.anrdoezrs.net/click-100179843-14495195-1617256804000,https://www.coffeefriend.co.uk/p/coffee-machine-lelit-mara-pl62x/,14495195,"Text Link",PL62X04,Coupon,"2021-03-31 23:00:00","2021-04-30 13:00:00"
"£10 voucher for purchases from £100","Coffee Friend","Discounts cannot be combined","4.00% - 10.00%",https://www.dpbolvw.net/click-100179843-14431822-1617131595000,https://www.coffeefriend.co.uk/,14431822,"Text Link",co10ff100ee,Coupon,"2021-01-08 04:52:00","2021-04-30 13:59:00"
"Additional 10% for coffee machine Melitta “F53/0-102 Passione”","Coffee Friend","Melitta “F53/0-102 Passione”","4.00% - 10.00%",https://www.dpbolvw.net/click-100179843-14495208-1617256804000,https://www.coffeefriend.co.uk/p/coffee-machine-melitta-f530-102-passione/,14495208,"Text Link",F53010210,Coupon,"2021-03-31 23:00:00","2021-04-30 13:00:00"
"Coffee machines ""Miele"" -10%","Coffee Friend","Coffee machines ""Miele"". Discounts cannot be combined","4.00% - 10.00%",https://www.tkqlhce.com/click-100179843-14495189-1617256804000,https://www.coffeefriend.co.uk/miele/,14495189,"Text Link",mi04e10le,Coupon,"2021-03-31 23:00:00","2021-04-30 13:00:00"
"Coffee beans ""Parallel"" 12&17 -30%","Coffee Friend","Parallel coffee","4.00% - 10.00%",https://www.dpbolvw.net/click-100179843-14495164-1617256803000,https://www.coffeefriend.co.uk/?s=parallel&post_type=product,14495164,"Text Link",Para04ll30el,Coupon,"2021-03-31 23:00:00","2021-04-30 13:00:00"
"WHUK EASTER Offer 21% Off On All Services 2021","(WHUK) WebHosting UK COM Ltd.","EASTER Discount 21% off on all services ",60.00%,https://www.dpbolvw.net/click-100179843-14498925-1617396459000,http://www.webhosting.uk.com/?source=cj,14498925,Banner,EASTERWH21,Coupon,"2021-03-31 14:00:00","2021-04-29 11:30:00"
"WHUK EASTER Offer 21% Off On All Services 2021","(WHUK) WebHosting UK COM Ltd.","EASTER Discount 21% off on all services ",60.00%,https://www.dpbolvw.net/click-100179843-14498928-1617396496000,http://www.webhosting.uk.com/?source=cj,14498928,Banner,EASTERWH21,Coupon,"2021-03-31 14:00:00","2021-04-29 11:30:00"
"WHUK EASTER Offer 21% Off On All Services 2021","(WHUK) WebHosting UK COM Ltd.","EASTER Discount 21% off on all services ",60.00%,https://www.tkqlhce.com/click-100179843-14498926-1617396472000,http://www.webhosting.uk.com/?source=cj,14498926,Banner,EASTERWH21,Coupon,"2021-03-31 14:00:00","2021-04-29 11:30:00"
"WHUK EASTER Offer 21% Off On All Services 2021","(WHUK) WebHosting UK COM Ltd.","UK's leading managed hosting provider",60.00%,https://www.tkqlhce.com/click-100179843-14498920-1617396269000,http://www.webhosting.uk.com/?source=cj,14498920,"Text Link",EASTERWH21,Coupon,"2021-03-31 13:30:00","2021-04-29 11:30:00"
"WHUK EASTER Offer 21% Off On All Services 2021","(WHUK) WebHosting UK COM Ltd.","EASTER Discount 21% off on all services ",60.00%,https://www.anrdoezrs.net/click-100179843-14498921-1617396370000,http://www.webhosting.uk.com/?source=cj,14498921,Banner,EASTERWH21,Coupon,"2021-03-31 14:00:00","2021-04-29 11:30:00"
"WHUK EASTER Offer 21% Off On All Services 2021","(WHUK) WebHosting UK COM Ltd.","EASTER Discount 21% off on all services ",60.00%,https://www.tkqlhce.com/click-100179843-14498927-1617396484000,http://www.webhosting.uk.com/?source=cj,14498927,Banner,EASTERWH21,Coupon,"2021-03-31 14:00:00","2021-04-29 11:30:00"
"WHUK EASTER Offer 21% Off On All Services 2021","(WHUK) WebHosting UK COM Ltd.","EASTER Discount 21% off on all services ",60.00%,https://www.tkqlhce.com/click-100179843-14498930-1617396519000,http://www.webhosting.uk.com/?source=cj,14498930,Banner,EASTERWH21,Coupon,"2021-03-31 14:00:00","2021-04-29 11:30:00"
"First Class",CheapOair.ca,"Save on First-Class Seats! 
Use Promo Code FC200 for up to C$200 off Our Fees!","CAD 5.00 - CAD 15.00",https://www.dpbolvw.net/click-100179843-13637379-1608623929000,https://www.cheapoair.ca/affiliates/flights/firstclass,13637379,"Text Link",FC200,Coupon,"2019-03-04 01:12:00","2021-12-31 10:29:00"
"Around the World 120x240",CheapOair.ca,"Go Around the World! Take up to C$16 off with Promo Code WORLD16 Book Now!","CAD 5.00 - CAD 15.00",https://www.jdoqocy.com/click-100179843-13270866-1608625834000,https://www.cheapoair.ca/affiliates/flights/aroundtheglobe,13270866,Banner,WORLD16,Coupon,"2020-02-03 00:36:00","2021-12-31 10:29:00"
"Hotel Generic 468x60",CheapOair.ca,"Find Fabulous Hotel Deals!  Take up to C$30 off with Promo Code HOTEL30 Book Now!","CAD 5.00 - CAD 15.00",https://www.tkqlhce.com/click-100179843-13270986-1608627168000,https://www.cheapoair.ca/affiliates/hotels,13270986,Banner,HOTEL30,Coupon,"2018-03-20 07:23:00","2021-12-31 10:29:00"
"Family Travel 240x400",CheapOair.ca,"Save Big on Family Travel!  Take up to C$24 off with Promo Code FAMILY24 Book Now!","CAD 5.00 - CAD 15.00",https://www.kqzyfj.com/click-100179843-13270904-1611576829000,https://www.cheapoair.ca/affiliates/flights/family,13270904,Banner,FAMILY24,Coupon,"2018-03-20 06:12:00","2021-12-31 10:29:00"
"Around the World 300x250",CheapOair.ca,"Go Around the World! Take up to C$16 off with Promo Code WORLD16 Book Now!","CAD 5.00 - CAD 15.00",https://www.anrdoezrs.net/click-100179843-13270862-1608628879000,https://www.cheapoair.ca/affiliates/flights/aroundtheglobe,13270862,Banner,WORLD16,Coupon,"2018-03-20 05:29:00","2021-12-31 10:29:00"
"Family Travel 120x240",CheapOair.ca,"Save Big on Family Travel!  Take up to C$24 off with Promo Code FAMILY24 Book Now!","CAD 5.00 - CAD 15.00",https://www.dpbolvw.net/click-100179843-13270908-1611576738000,https://www.cheapoair.ca/affiliates/flights/family,13270908,Banner,FAMILY24,Coupon,"2018-03-20 06:16:00","2021-12-31 10:29:00"
"Hotel Generic 120x240",CheapOair.ca,"Find Fabulous Hotel Deals!  Take up to C$30 off with Promo Code HOTEL30 Book Now!","CAD 5.00 - CAD 15.00",https://www.tkqlhce.com/click-100179843-13270982-1608626518000,https://www.cheapoair.ca/affiliates/hotels,13270982,Banner,HOTEL30,Coupon,"2018-03-20 07:20:00","2021-12-31 10:29:00"
"Around the World 120x600",CheapOair.ca,"Go Around the World! Take up to C$16 off with Promo Code WORLD16 Book Now!","CAD 5.00 - CAD 15.00",https://www.kqzyfj.com/click-100179843-13270865-1608625791000,https://www.cheapoair.ca/affiliates/flights/aroundtheglobe,13270865,Banner,WORLD16,Coupon,"2020-02-03 00:37:00","2021-12-31 10:29:00"
"Car Rental Deals 120x240",CheapOair.ca,"Find Exclusive Car Rental Deals!  Take up to $10 off with Promo Code CAR10 Book Now!","CAD 5.00 - CAD 15.00",https://www.anrdoezrs.net/click-100179843-13271063-1608629700000,https://www.cheapoair.ca/affiliates/cars,13271063,Banner,CAR10,Coupon,"2018-03-20 08:06:00","2021-12-31 10:29:00"
"Roundtrip Flights",CheapOair.ca,"Find Round Trip Flights!  Take up to C$24 off with Promo Code RT24 Book Now!","CAD 5.00 - CAD 15.00",https://www.anrdoezrs.net/click-100179843-13202961-1608622243000,https://www.cheapoair.ca/affiliates/flights/roundtrip,13202961,"Text Link",RT24,Coupon,"2018-01-11 00:00:00","2021-12-31 10:29:00"
"""Save big with CheapOair Canada - Promo Code ""FLIGHT24""",CheapOair.ca,"Find Cheap Flights!  Take up to C$24 off with Promo Code FLIGHT24 Book Now!","CAD 5.00 - CAD 15.00",https://www.tkqlhce.com/click-100179843-13202972-1608546900000,https://www.cheapoair.ca/affiliates/flights,13202972,"Text Link",FLIGHT24,Coupon,"2018-01-11 00:00:00","2021-12-31 10:29:00"
"Around the World 120 x 60",CheapOair.ca,"Go Around the World! Take up to C$16 off with Promo Code WORLD16 Book Now!","CAD 5.00 - CAD 15.00",https://www.anrdoezrs.net/click-100179843-13762678-1608628913000,https://www.cheapoair.ca/affiliates/flights/aroundtheglobe,13762678,Banner,WORLD16,Coupon,"2019-06-27 05:51:00","2021-12-31 10:29:00"
"Roundtrip Flights 234x60",CheapOair.ca,"Find Round Trip Flights!  Take up to C$24 off with Promo Code RT24 Book Now!","CAD 5.00 - CAD 15.00",https://www.anrdoezrs.net/click-100179843-13733433-1608628246000,https://www.cheapoair.ca/affiliates/flights/roundtrip,13733433,Banner,RT24,Coupon,"2018-03-20 04:27:00","2021-12-31 10:29:00"
"Roundtrip Flights 730x360",CheapOair.ca,"Find Round Trip Flights!  Take up to C$24 off with Promo Code RT24 Book Now!","CAD 5.00 - CAD 15.00",https://www.dpbolvw.net/click-100179843-13733430-1608628304000,https://www.cheapoair.ca/affiliates/flights/roundtrip,13733430,Banner,RT24,Coupon,"2018-03-20 04:27:00","2021-12-31 10:29:00"
"Calgary Travel Deals!",CheapOair.ca,"Save up to
C$24 off◊ our fees on flights 
Use Code YYC24 at checkout","CAD 5.00 - CAD 15.00",https://www.anrdoezrs.net/click-100179843-13668829-1608623548000,https://www.cheapoair.ca/affiliates/flights/city?city-code=yyc,13668829,"Text Link",YYC24,Coupon,"2019-04-02 00:39:00","2021-12-31 10:29:00"
"Business Class",CheapOair.ca,"Spend Less on Business-Class! 
Use Promo CodeBC200 for up to C$200 off Our Fees!","CAD 5.00 - CAD 15.00",https://www.dpbolvw.net/click-100179843-13637378-1608622782000,https://www.cheapoair.ca/affiliates/flights/businessclass,13637378,"Text Link",BC200,Coupon,"2019-03-04 01:09:00","2021-12-31 10:29:00"
"Super Saver Flight Deals 300x250",CheapOair.ca,"Find Cheap Flights!  Take up to C$24 off with Promo Code FLIGHT24 Book Now!","CAD 5.00 - CAD 15.00",https://www.anrdoezrs.net/click-100179843-13272161-1608628846000,https://www.cheapoair.ca/affiliates/flights,13272161,Banner,FLIGHT24,Coupon,"2018-03-21 01:51:00","2021-12-31 10:29:00"
"Super Saver Flight Deals 468x60",CheapOair.ca,"Find Cheap Flights!  Take up to C$24 off with Promo Code FLIGHT24 Book Now!","CAD 5.00 - CAD 15.00",https://www.kqzyfj.com/click-100179843-13272159-1608628636000,https://www.cheapoair.ca/affiliates/flights,13272159,Banner,FLIGHT24,Coupon,"2018-03-21 01:50:00","2021-12-31 10:29:00"
"Adventure Travel 120x600",CheapOair.ca,"Looking For An Adventure?  Take up to C$16 off with Promo Code GO16 Book Now!","CAD 5.00 - CAD 15.00",https://www.dpbolvw.net/click-100179843-13270825-1611577750000,https://www.cheapoair.ca/affiliates/flights/adventure,13270825,Banner,GO16,Coupon,"2020-02-03 00:31:00","2021-12-31 10:29:00"
"Hotel Generic 234x60",CheapOair.ca,"Find Fabulous Hotel Deals!  Take up to C$30 off with Promo Code HOTEL30 Book Now!","CAD 5.00 - CAD 15.00",https://www.dpbolvw.net/click-100179843-13270979-1608626459000,https://www.cheapoair.ca/affiliates/hotels,13270979,Banner,HOTEL30,Coupon,"2018-03-20 07:20:00","2021-12-31 10:29:00"
"  Adventure Travel 120x240",CheapOair.ca,"Looking For An Adventure?  Take up to C$16 off with Promo Code GO16 Book Now!","CAD 5.00 - CAD 15.00",https://www.tkqlhce.com/click-100179843-13270823-1611577726000,https://www.cheapoair.ca/affiliates/flights/adventure,13270823,Banner,GO16,Coupon,"2020-02-03 00:31:00","2021-12-31 10:29:00"
"Roundtrip Flights 120x600",CheapOair.ca,"Find Round Trip Flights!  Take up to C$24 off with Promo Code RT24 Book Now!","CAD 5.00 - CAD 15.00",https://www.kqzyfj.com/click-100179843-13270854-1608628377000,https://www.cheapoair.ca/affiliates/flights/roundtrip,13270854,Banner,RT24,Coupon,"2018-03-20 04:34:00","2021-12-31 10:29:00"
"Around the World 240x400",CheapOair.ca,"Go Around the World! Take up to C$16 off with Promo Code WORLD16 Book Now!","CAD 5.00 - CAD 15.00",https://www.jdoqocy.com/click-100179843-13270863-1608625916000,https://www.cheapoair.ca/affiliates/flights/aroundtheglobe,13270863,Banner,WORLD16,Coupon,"2020-02-03 00:35:00","2021-12-31 10:29:00"
"Hotel Generic 125x125",CheapOair.ca,"Find Fabulous Hotel Deals!  Take up to C$30 off with Promo Code HOTEL30 Book Now!","CAD 5.00 - CAD 15.00",https://www.jdoqocy.com/click-100179843-13270981-1608626587000,https://www.cheapoair.ca/affiliates/hotels,13270981,Banner,HOTEL30,Coupon,"2018-03-20 07:20:00","2021-12-31 10:29:00"
"Family Travel 120x90",CheapOair.ca,"Save Big on Family Travel!  Take up to C$24 off with Promo Code FAMILY24 Book Now!","CAD 5.00 - CAD 15.00",https://www.kqzyfj.com/click-100179843-13762584-1611576790000,https://www.cheapoair.ca/affiliates/flights/family,13762584,Banner,FAMILY24,Coupon,"2019-06-27 05:14:00","2021-12-31 10:29:00"
"Victoria Day Deals 125x125",CheapOair.ca,"No plans for Victoria Day?
Get up to C$35 off◊ our fees on flights
Use Coupon VICTORIA35","CAD 5.00 - CAD 15.00",https://www.tkqlhce.com/click-100179843-14499332-1617691037000,https://www.cheapoair.ca/affiliates/flights/victoriaday,14499332,Banner,VICTORIA35,Coupon,"2021-04-05 03:44:00","2021-05-31 11:29:00"
"Mother's Day Saving Deals 300x250",CheapOair.ca,"Treat your mum with a cheap getaway!
Get up to C$30 off◊ our fees on flights
Use Coupon MOM30","CAD 5.00 - CAD 15.00",https://www.tkqlhce.com/click-100179843-14499383-1617621408000,https://www.cheapoair.ca/affiliates/flights/mothersday?,14499383,Banner,MOM30,Coupon,"2021-04-05 04:14:00","2021-05-15 11:29:00"
"Mother's Day Saving Deals 468x60",CheapOair.ca,"Treat your mum with a cheap getaway!
Get up to C$30 off◊ our fees on flights
Use Coupon MOM30","CAD 5.00 - CAD 15.00",https://www.anrdoezrs.net/click-100179843-14499382-1617621312000,https://www.cheapoair.ca/affiliates/flights/mothersday?,14499382,Banner,MOM30,Coupon,"2021-04-05 04:14:00","2021-05-15 11:29:00"
"Victoria Day Deals 300x250",CheapOair.ca,"No plans for Victoria Day?
Get up to C$35 off◊ our fees on flights
Use Coupon VICTORIA35","CAD 5.00 - CAD 15.00",https://www.jdoqocy.com/click-100179843-14499326-1617691158000,https://www.cheapoair.ca/affiliates/flights/victoriaday,14499326,Banner,VICTORIA35,Coupon,"2021-04-05 03:44:00","2021-06-05 11:29:00"
"Spring Season Deals 120x90",CheapOair.ca,"Spring Season Deals! Get up to C$30 off◊ our fees on flights Use Code SPRING30 at checkout","CAD 5.00 - CAD 15.00",https://www.tkqlhce.com/click-100179843-14454080-1612513388000,https://www.cheapoair.ca/affiliates/flights/break?,14454080,Banner,SPRING30,Coupon,"2021-02-05 00:12:00","2021-04-30 11:29:00"
"Spring Season Deals 1200x600",CheapOair.ca,"Spring Season Deals! Get up to C$30 off◊ our fees on flights Use Code SPRING30 at checkout","CAD 5.00 - CAD 15.00",https://www.anrdoezrs.net/click-100179843-14454075-1612513085000,https://www.cheapoair.ca/affiliates/flights/break?,14454075,Banner,SPRING30,Coupon,"2021-02-05 00:12:00","2021-04-30 11:29:00"
"Spring Season Deals 120x240",CheapOair.ca,"Spring Season Deals! Get up to C$30 off◊ our fees on flights Use Code SPRING30 at checkout","CAD 5.00 - CAD 15.00",https://www.anrdoezrs.net/click-100179843-14454087-1612513609000,https://www.cheapoair.ca/affiliates/flights/break?,14454087,Banner,SPRING30,Coupon,"2021-02-05 00:12:00","2021-04-30 11:29:00"
"Spring Break Savings 468x60",CheapOair.ca,"Spring Break Savings! Get up to C$25 off◊ our fees on flights Use Code BREAK25 at checkout","CAD 5.00 - CAD 15.00",https://www.jdoqocy.com/click-100179843-14454006-1612512594000,https://www.cheapoair.ca/affiliates/flights/spring,14454006,Banner,BREAK25,Coupon,"2021-02-04 23:28:00","2021-04-30 11:29:00"
"Victoria Day Deals",CheapOair.ca,"No plans for Victoria Day?
Get up to C$35 off◊ our fees on flights
Use Coupon VICTORIA35","CAD 5.00 - CAD 15.00",https://www.anrdoezrs.net/click-100179843-14500027-1617690762000,https://www.cheapoair.ca/affiliates/flights/victoriaday,14500027,"Text Link",VICTORIA35,Coupon,"2021-04-05 23:32:00","2021-05-31 11:29:00"
"Victoria Day Deals 120x600",CheapOair.ca,"No plans for Victoria Day?
Get up to C$35 off◊ our fees on flights
Use Coupon VICTORIA35","CAD 5.00 - CAD 15.00",https://www.anrdoezrs.net/click-100179843-14499330-1617691118000,https://www.cheapoair.ca/affiliates/flights/victoriaday,14499330,Banner,VICTORIA35,Coupon,"2021-04-05 03:44:00","2021-05-31 11:29:00"
"Mother's Day Saving Deals 160x600",CheapOair.ca,"Treat your mum with a cheap getaway!
Get up to C$30 off◊ our fees on flights
Use Coupon MOM30","CAD 5.00 - CAD 15.00",https://www.anrdoezrs.net/click-100179843-14499387-1617621617000,https://www.cheapoair.ca/affiliates/flights/mothersday?,14499387,Banner,MOM30,Coupon,"2021-04-05 04:14:00","2021-05-15 11:29:00"
"Mother's Day Saving Deals 234x60",CheapOair.ca,"Treat your mum with a cheap getaway!
Get up to C$30 off◊ our fees on flights
Use Coupon MOM30","CAD 5.00 - CAD 15.00",https://www.anrdoezrs.net/click-100179843-14499386-1617621546000,https://www.cheapoair.ca/affiliates/flights/mothersday?,14499386,Banner,MOM30,Coupon,"2021-04-05 04:14:00","2021-05-15 11:29:00"
"Mother's Day Saving Deals 120x600",CheapOair.ca,"Treat your mum with a cheap getaway!
Get up to C$30 off◊ our fees on flights
Use Coupon MOM30","CAD 5.00 - CAD 15.00",https://www.tkqlhce.com/click-100179843-14499384-1617621455000,https://www.cheapoair.ca/affiliates/flights/mothersday?,14499384,Banner,MOM30,Coupon,"2021-04-05 04:14:00","2021-05-15 11:29:00"
"Spring Season Deals 468x60",CheapOair.ca,"Spring Season Deals! Get up to C$30 off◊ our fees on flights Use Code SPRING30 at checkout","CAD 5.00 - CAD 15.00",https://www.tkqlhce.com/click-100179843-14454063-1612512785000,https://www.cheapoair.ca/affiliates/flights/break?,14454063,Banner,SPRING30,Coupon,"2021-02-05 00:12:00","2021-04-30 11:29:00"
"Spring Season Deals 240x400",CheapOair.ca,"Spring Season Deals! Get up to C$30 off◊ our fees on flights Use Code SPRING30 at checkout","CAD 5.00 - CAD 15.00",https://www.tkqlhce.com/click-100179843-14454088-1612513699000,https://www.cheapoair.ca/affiliates/flights/break?,14454088,Banner,SPRING30,Coupon,"2021-02-05 00:12:00","2021-04-30 11:29:00"
" Holiday Super Sale","Canada Pet Care","Exclusive! 15% off Holiday Super Sale! + Free Shipping & Reward Points.  Use coupon code “HDAYS15” at checkout and get ready for your pet to thank you!",10.00%,https://www.tkqlhce.com/click-100179843-14353951-1603265400000,https://www.canadapetcare.com/heartgard-plus-for-dogs/heartwormers-treatment-34.aspx?utm_source=cj&utm_campaign=HolidaySale2020&Coupon_no=HDAYS15,14353951,Banner,HDAYS15,Coupon,"2020-10-21 02:19:00","2021-12-30 10:30:00"
"One chew, Once-A-Month, Does it ALL!","Canada Pet Care","First All-in-One Protection for your Furry! Get Simparica Trio at Extra Discount & Free Shipping with Coupon Code: SPTRIO12",10.00%,https://www.tkqlhce.com/click-100179843-14066048-1591274392000,https://www.canadapetcare.com/simparica-trio-for-dogs/flea-and-tick-control-treatment-492.aspx?utm_source=cjbanner&utm_medium=webanner&utm_campaign=SimparicaTrio&Coupon_no=SPTRIO12,14066048,Banner,SPTRIO12,Coupon,"2020-06-04 05:39:00","2021-12-30 10:30:00"
"Simparica Trio - Complete Coverage & Simplifies Protection","Canada Pet Care","Get your furry pal complete coverage & 100% satisfaction guaranteed with Simparica TRIO! Get 12% Extra Discount & Free Shipping. Use Code: SPTRIO12",10.00%,https://www.kqzyfj.com/click-100179843-14066059-1591274749000,https://www.canadapetcare.com/simparica-trio-for-dogs/flea-and-tick-control-treatment-492.aspx?utm_source=cjbanner&utm_medium=webanner&utm_campaign=SimparicaTrio&Coupon_no=SPTRIO12,14066059,Banner,SPTRIO12,Coupon,"2020-06-04 05:44:00","2021-12-30 10:30:00"
"Summer Sale","Canada Pet Care","Massive Summer Discount! 12% Extra OFF, The Biggest Discount for this Summer Season! Use Code: PRESUM12
",10.00%,https://www.dpbolvw.net/click-100179843-14010053-1585030295000,https://www.canadapetcare.com/?utm_source=cj_banner&utm_campaign=SummerSale&coupon_no=PRESUM12,14010053,Banner,presum12,Coupon,"2020-03-23 23:09:00","2021-12-23 10:30:00"
"Summer Sale","Canada Pet Care","This Summer, Stock Up Flea & Tick Preventives at 12% Extra Discount + Free Shipping on All Orders. Use Code: PRESUM12 to avail this offer.
",10.00%,https://www.kqzyfj.com/click-100179843-14010054-1585030481000,https://www.canadapetcare.com/?utm_source=cj_banner&utm_campaign=SummerSale&coupon_no=PRESUM12,14010054,Banner,presum12,Coupon,"2020-03-23 23:14:00","2021-12-23 10:30:00"
"Summer Sale","Canada Pet Care","Massive Summer Discount! 12% Extra OFF, The Biggest Discount for this Summer Season! Use Code: PRESUM12
",10.00%,https://www.jdoqocy.com/click-100179843-14010057-1585030992000,https://www.canadapetcare.com/?utm_source=cj_banner&utm_campaign=SummerSale&coupon_no=PRESUM12,14010057,Banner,PRESUM12,Coupon,"2020-03-23 23:22:00","2021-12-30 10:30:00"
"St. Patrick's Day Sale","Canada Pet Care","<link>St. Patrick's Day</link> St. Patrick Day Sale! Get 12% Extra Discount & Free Shipping on all your Pet Supplies! Use Coupon: PATRICK12
",10.00%,https://www.kqzyfj.com/click-100179843-14004476-1584446198000,https://www.canadapetcare.com/?utm_source=CJBanner&utm_campaign=St-Patricks-Day&coupon_no=PATRICK12,14004476,Banner,PATRICK12,Coupon,"2020-03-17 04:56:00","2021-12-30 10:30:00"
"St. Patrick's Day Sale","Canada Pet Care","Get Lucky, Save More on Green's on this St. Patrick's Day! Avail Free Doses + 12% Extra OFF & Free Shipping! Use Coupon: PATRICK12
",10.00%,https://www.kqzyfj.com/click-100179843-14000739-1583993851000,https://www.canadapetcare.com/?utm_source=cjtext&utm_campaign=StPatricksDay&coupon_no=PATRICK12,14000739,"Text Link",PATRICK12,Coupon,"2020-03-12 02:17:00","2021-12-30 10:30:00"
"Summer Sale","Canada Pet Care","Enjoy the Sun, Save a Ton on All Pet Supplies! Buy Now to Save 12% Extra + Free Shipping! Use Code: PRESUM12
",10.00%,https://www.dpbolvw.net/click-100179843-14000749-1583994206000,https://www.canadapetcare.com/?utm_source=cjtext&utm_campaign=SummerSale&coupon_no=PRESUM12,14000749,"Text Link",PRESUM12,Coupon,"2020-03-11 23:22:00","2021-12-30 10:30:00"
" National Cat Health Month","Canada Pet Care","Its National Cat Health Month! Shop for Branded Cat Products Now at Lowest Price Online! Use Code: NCHM12 & Get Extra 12% Discount + Free Shipping
",10.00%,https://www.dpbolvw.net/click-100179843-13962562-1580729784000,https://www.canadapetcare.com/cat-supplies-2.aspx/?utm_source=cjtext&utm_campaign=cathealth&coupon_no=NCHM12,13962562,"Text Link",NCHM12,Coupon,"2020-02-03 03:35:00","2021-12-30 10:30:00"
"National Pet Dental Health Month","Canada Pet Care","Prevent your Pets Dent on this Dental Health Month with CanadaPetCare.com! Use Code: TOOTH12 & Get Extra 12% Off + Free Shipping
",10.00%,https://www.tkqlhce.com/click-100179843-13962558-1580729589000,https://www.canadapetcare.com/?utm_source=cjtext&utm_campaign=dentalmonth&coupon_no=TOOTH12,13962558,"Text Link",TOOTH12,Coupon,"2020-02-03 03:32:00","2021-12-30 10:30:00"
" National Cat Health Month","Canada Pet Care","Treat Your Feline on National Cat Health Month With 12% Extra Discount + Free Shipping! Use Code: NCHM12
",10.00%,https://www.jdoqocy.com/click-100179843-13962568-1580729892000,https://www.canadapetcare.com/cat-supplies-2.aspx/?utm_source=cjtext&utm_campaign=cathealth&coupon_no=NCHM12,13962568,"Text Link",NCHM12,Coupon,"2020-02-03 03:37:00","2021-12-30 10:30:00"
"Shop Careington Dental This Black Friday and Cyber Monday!","Careington Dental","Shop Careington Dental This Black Friday and Cyber Monday!",30.00%,https://www.anrdoezrs.net/click-100179843-14387990-1614719849000,http://careingtonaffiliate.com/DVPPCJ/?utm_source=CJ&utm_medium=textAd&utm_campaign=DVPPCJ_1,14387990,"Text Link",,Coupon,"2020-11-19 09:58:00","2021-11-30 23:59:00"
"Shop Careington Dental This Prime Day!","Careington Dental","Shop Careington Dental This Prime Day!",30.00%,https://www.tkqlhce.com/click-100179843-14346882-1614719849000,http://careingtonaffiliate.com/DVPPCJ/?utm_source=CJ&utm_medium=textAd&utm_campaign=DVPPCJ_1,14346882,"Text Link",,Coupon,"2020-10-12 09:58:00","2021-10-14 23:59:00"
"Use code FREE3 for 3 free months with Careington Dental!","Careington Dental","Use code FREE3 for 3 free months with Careington Dental!",30.00%,https://www.tkqlhce.com/click-100179843-14084076-1614719849000,http://careingtonaffiliate.com/DVPPCJ/?utm_source=CJ&utm_medium=textAd&utm_campaign=DVPPCJ_1,14084076,"Text Link",FREE3,Coupon,"2020-06-10 16:47:00","2021-06-30 00:00:00"
"$/€/£ 5 Off Site-Wide Welcome Voucher!","caseable - INT","$/€/£ 5 off on your first purchase on caseable for yourself or your loved ones. Make your case today! ",10.00%,https://www.anrdoezrs.net/click-100179843-13888865-1610703115000,http://www.caseable.com,13888865,"Text Link",WELCOME5,Coupon,"2020-09-28 02:26:00","2022-01-31 14:59:00"
"42% Off CBD for Back Pain Relief Kit","Handpicked CBD","42% discount code to use on Handpicked's Back Pain Relief Kit. 

Kit includes:
- CBD Oil
- CBD Patches
- CBD Joint Gel",5.00%,https://www.kqzyfj.com/click-100179843-14496862-1617256804000,https://handpickedcbd.com/handpicked-cbd-kits/back-pain-relief-kit/,14496862,"Text Link",BACKPAIN-42,Coupon,"2021-03-31 23:00:00","2030-03-31 16:00:00"
"Get 15% Off Medterra CBD Products with Code MEDTERRA15 ","Handpicked CBD","15% discount code for all Medterra CBD products on Handpicked CBD",5.00%,https://www.anrdoezrs.net/click-100179843-14462245-1613499230000,https://handpickedcbd.com/medterra/,14462245,"Text Link",MEDTERRA15,Coupon,"2020-05-01 00:00:00","2025-05-31 00:00:00"
"Get 15% Off Love Hemp CBD Products with Code LOVE15 ","Handpicked CBD","Get 15% Off Love Hemp CBD products with the discount code LOVE15",5.00%,https://www.jdoqocy.com/click-100179843-14045013-1613494254000,https://handpickedcbd.com/love-hemp-discount-code/,14045013,"Text Link",LOVE15,Coupon,"2020-05-01 00:00:00","2025-05-31 00:00:00"
"Get 15% Off Dragonfly CBD with Code DRAGON15","Handpicked CBD","Get 15% Off Dragonfly CBD products with the discount code DRAGON15",5.00%,https://www.jdoqocy.com/click-100179843-14045006-1613494732000,https://handpickedcbd.com/15-off-all-dragonfly-cbd-oil-ends-soon/,14045006,"Text Link",DRAGON15,Coupon,"2020-05-01 00:00:00","2025-05-31 00:00:00"
"Get 15% Off Vitality CBD Products with Code VITALITY15 ","Handpicked CBD","15% discount code for all Vitality CBD products on Handpicked CBD",5.00%,https://www.jdoqocy.com/click-100179843-14462238-1613499063000,https://handpickedcbd.com/vitality-cbd-en/,14462238,"Text Link",VITALITY15,Coupon,"2020-05-01 00:00:00","2025-05-31 00:00:00"
"Get 15% Off OTO CBD Products with Code OTO15 ","Handpicked CBD","15% discount code for all OTO CBD products on Handpicked CBD",5.00%,https://www.dpbolvw.net/click-100179843-14462251-1613499461000,https://handpickedcbd.com/oto-en/,14462251,"Text Link",OTO15,Coupon,"2020-05-01 00:00:00","2025-05-31 00:00:00"
"Get 15% Off Fourfive CBD Products with Code FOURFIVE15 ","Handpicked CBD","15% discount code for all Fourfive CBD products on Handpicked CBD",5.00%,https://www.anrdoezrs.net/click-100179843-14462243-1613499139000,https://handpickedcbd.com/fourfivecbd/,14462243,"Text Link",FOURFIVE15,Coupon,"2020-05-01 00:00:00","2025-05-31 00:00:00"
"Get 15% Off CBDistillery CBD Products with Code CBDISTILLERY15 ","Handpicked CBD","15% discount code for all CBDistillery CBD products on Handpicked CBD",5.00%,https://www.tkqlhce.com/click-100179843-14462209-1613497647000,https://handpickedcbd.com/cbdistillery-en/,14462209,"Text Link",CBDISTILLERY15,Coupon,"2020-05-01 00:00:00","2025-05-31 00:00:00"
"Get 15% Off Healthspan CBD Products with Code HEALTHSPAN15 ","Handpicked CBD","15% discount code for all Healthspan CBD products on Handpicked CBD",5.00%,https://www.anrdoezrs.net/click-100179843-14462205-1613497727000,https://handpickedcbd.com/healthspan/,14462205,"Text Link",HEALTHSPAN15,Coupon,"2020-05-01 00:00:00","2025-05-31 00:00:00"
"Get 15% Off All CBD Topicals with Code TOPICALS15","Handpicked CBD","Get 15% Off All CBD Topicals with code TOPICALS15",5.00%,https://www.tkqlhce.com/click-100179843-14048606-1613497126000,https://handpickedcbd.com/shop-cbd/topicals/,14048606,"Text Link",TOPICALS15,Coupon,"2020-05-12 00:00:00","2025-05-31 00:00:00"
"Get 15% Off All CBD Vape Products with Code VAPE15","Handpicked CBD","Get 15% Off All CBD Vape Products with code VAPE15",5.00%,https://www.jdoqocy.com/click-100179843-14048602-1613497285000,https://handpickedcbd.com/shop-cbd/cbd-vapes/,14048602,"Text Link",VAPE15,Coupon,"2020-05-12 00:00:00","2025-05-31 00:00:00"
"Get 15% Off Pure Ratios CBD Products with Code PURERATIOS15 ","Handpicked CBD","15% discount code for all Pure Ratios CBD products on Handpicked CBD",5.00%,https://www.anrdoezrs.net/click-100179843-14462248-1613499496000,https://handpickedcbd.com/pure-ratios-cbd/,14462248,"Text Link",PURERATIOS15,Coupon,"2020-05-01 00:00:00","2025-05-31 00:00:00"
"Get 15% Off Provacan CBD Products with Code PROV15 ","Handpicked CBD","15% discount code for all Provacan CBD products on Handpicked CBD",5.00%,https://www.dpbolvw.net/click-100179843-14045008-1613493946000,https://handpickedcbd.com/provacan-discount-code/,14045008,"Text Link",PROV15,Coupon,"2020-05-01 00:00:00","2025-05-31 00:00:00"
"Get 15% off your order when you purchase 2+ items with code PURE15","Pure Sport CBD","Get 15% off your order when you purchase 2+ items with code PURE15",10.00%,https://www.jdoqocy.com/click-100179843-14395313-1606171455000,https://puresportcbd.com/,14395313,"Text Link",Pure15,Coupon,"2020-08-06 00:00:00","2025-05-11 00:00:00"
"Get 10% Off Your Order with Code HONEY10","Handpicked CBD","Get 10% Off Your Order on Handpicked CBD with Discount Code HONEY10",5.00%,https://www.dpbolvw.net/click-100179843-14094018-1613492129000,https://handpickedcbd.com,14094018,"Text Link",HONEY10,Coupon,"2020-07-15 12:19:00","2025-05-31 00:00:00"
"CBDistillery UK 21% Off £65 Spend Code","CBDistillery UK","CBDistillery UK Affiliate 21% off £65 spend Promotional Code",10.00%,https://www.kqzyfj.com/click-100179843-14484872-1615994458000,https://thecbdistillery.co.uk/,14484872,"Text Link",MYCBD21,Coupon,"2021-03-16 17:00:00","2021-06-30 16:00:00"
"CBDistillery UK 10% Off Code","CBDistillery UK","CBDistillery UK Affiliate 10% off Promotional Code",10.00%,https://www.tkqlhce.com/click-100179843-14450909-1615994395000,https://thecbdistillery.co.uk/,14450909,"Text Link",MYCBD,Coupon,"2021-03-16 17:00:00","2021-06-30 16:00:00"
"Buy one Nano CBD Mini Dog Bone Treats 150mg get the second one 50% off with code SLICKBOGO50 ",CBDResellers.com,"Buy one Nano CBD Mini Dog Bone Treats 150mg get the second
one 50% off with code SLICKBOGO50 ",10.00%,https://www.tkqlhce.com/click-100179843-14057513-1601633484000,https://www.cbdresellers.com/nano-cbd-mini-dog-bone-treats-150mg/,14057513,"Text Link",SLICKBOGO50,Coupon,"2020-05-22 00:00:00","2025-01-01 00:00:00"
"Get 30% off your order when you spend $99 or more with code SAVE30",CBDResellers.com,"Get 30% off your order when you spend $99 or more with code SAVE30",10.00%,https://www.kqzyfj.com/click-100179843-14057493-1590164902000,https://www.cbdresellers.com/,14057493,"Text Link",SAVE30,Coupon,"2020-05-22 00:00:00","2025-05-01 21:00:00"
"Get 15% Off CBD For Pets with Code PETCBD15",CBDResellers.com,"Get 15% Off CBD For Pets with Code PETCBD15",10.00%,https://www.kqzyfj.com/click-100179843-14037137-1588057201000,https://www.cbdresellers.com,14037137,"Text Link",PETCBD15,Coupon,"2020-04-28 00:00:00","2025-05-10 21:00:00"
"Get 10% off Sitewide with code SAVE10",CBDResellers.com,"Get 10% off Sitewide with code SAVE10",10.00%,https://www.dpbolvw.net/click-100179843-14037135-1588057201000,https://www.cbdresellers.com,14037135,"Text Link",Save10,Coupon,"2020-04-28 00:00:00","2025-05-10 21:00:00"
"Use code SLICK for 25% Off Nano CBD Bacon Cheese Chewies Pet Treat",CBDResellers.com,"Use code SLICK for 25% Off Nano CBD Bacon Cheese Chewies Pet Treat",10.00%,https://www.kqzyfj.com/click-100179843-14057501-1590165166000,https://www.cbdresellers.com/nano-cbd-bacon-cheese-chewies-150mg/,14057501,"Text Link",SLICK,Coupon,"2020-05-22 00:00:00","2025-01-01 00:00:00"
"Victoria Day Deals 120x240",CheapOair.ca,"No plans for Victoria Day?
Get up to C$35 off◊ our fees on flights
Use Coupon VICTORIA35","CAD 5.00 - CAD 15.00",https://www.anrdoezrs.net/click-100179843-14499378-1617690835000,https://www.cheapoair.ca/affiliates/flights/victoriaday,14499378,Banner,VICTORIA35,Coupon,"2021-04-05 03:44:00","2021-05-31 11:29:00"
"Mother's Day Saving Deals 120x240",CheapOair.ca,"Treat your mum with a cheap getaway!
Get up to C$30 off◊ our fees on flights
Use Coupon MOM30","CAD 5.00 - CAD 15.00",https://www.jdoqocy.com/click-100179843-14499389-1617621665000,https://www.cheapoair.ca/affiliates/flights/mothersday?,14499389,Banner,MOM30,Coupon,"2021-04-05 04:14:00","2021-05-15 11:29:00"
"Victoria Day Deals 468x60",CheapOair.ca,"No plans for Victoria Day?
Get up to C$35 off◊ our fees on flights
Use Coupon VICTORIA35","CAD 5.00 - CAD 15.00",https://www.anrdoezrs.net/click-100179843-14499325-1617691207000,https://www.cheapoair.ca/affiliates/flights/victoriaday,14499325,Banner,VICTORIA35,Coupon,"2021-04-05 03:44:00","2021-06-05 11:29:00"
"Mother's Day Saving Deals 125x125",CheapOair.ca,"Treat your mum with a cheap getaway!
Get up to C$30 off◊ our fees on flights
Use Coupon MOM30","CAD 5.00 - CAD 15.00",https://www.jdoqocy.com/click-100179843-14499385-1617621496000,https://www.cheapoair.ca/affiliates/flights/mothersday?,14499385,Banner,MOM30,Coupon,"2021-04-05 04:14:00","2021-05-15 11:29:00"
"Victoria Day Deals 240x400",CheapOair.ca,"No plans for Victoria Day?
Get up to C$35 off◊ our fees on flights
Use Coupon VICTORIA35","CAD 5.00 - CAD 15.00",https://www.jdoqocy.com/click-100179843-14499374-1617690959000,https://www.cheapoair.ca/affiliates/flights/victoriaday,14499374,Banner,VICTORIA35,Coupon,"2021-04-05 03:44:00","2021-05-31 11:29:00"
"Victoria Day Deals 160x600",CheapOair.ca,"No plans for Victoria Day?
Get up to C$35 off◊ our fees on flights
Use Coupon VICTORIA35","CAD 5.00 - CAD 15.00",https://www.kqzyfj.com/click-100179843-14499331-1617691078000,https://www.cheapoair.ca/affiliates/flights/victoriaday,14499331,Banner,VICTORIA35,Coupon,"2021-04-05 03:44:00","2021-05-31 11:29:00"
"Spring Break Savings 300x250",CheapOair.ca,"Spring Break Savings! Get up to C$25 off◊ our fees on flights Use Code BREAK25 at checkout","CAD 5.00 - CAD 15.00",https://www.anrdoezrs.net/click-100179843-14454007-1612512565000,https://www.cheapoair.ca/affiliates/flights/spring,14454007,Banner,BREAK25,Coupon,"2021-02-04 23:28:00","2021-04-30 11:29:00"
"Spring Break Savings 120x90",CheapOair.ca,"Spring Break Savings! Get up to C$25 off◊ our fees on flights Use Code BREAK25 at checkout","CAD 5.00 - CAD 15.00",https://www.tkqlhce.com/click-100179843-14454020-1612512313000,https://www.cheapoair.ca/affiliates/flights/spring,14454020,Banner,BREAK25,Coupon,"2021-02-04 23:28:00","2021-04-30 11:29:00"
"Around the World 234 x 60",CheapOair.ca,"Go Around the World! Take up to C$16 off with Promo Code WORLD16 Book Now!","CAD 5.00 - CAD 15.00",https://www.dpbolvw.net/click-100179843-13762686-1608629105000,https://www.cheapoair.ca/affiliates/flights/aroundtheglobe,13762686,Banner,WORLD16,Coupon,"2019-06-27 05:54:00","2021-12-31 10:29:00"
"Around the World 120 x 90",CheapOair.ca,"Go Around the World! Take up to C$16 off with Promo Code WORLD16 Book Now!","CAD 5.00 - CAD 15.00",https://www.anrdoezrs.net/click-100179843-13762681-1608628948000,https://www.cheapoair.ca/affiliates/flights/aroundtheglobe,13762681,Banner,WORLD16,Coupon,"2019-06-27 05:53:00","2021-12-31 10:29:00"
"Family Travel 468x60",CheapOair.ca,"Save Big on Family Travel!  Take up to C$24 off with Promo Code FAMILY24 Book Now!","CAD 5.00 - CAD 15.00",https://www.anrdoezrs.net/click-100179843-13762577-1611576809000,https://www.cheapoair.ca/affiliates/flights/family,13762577,Banner,FAMILY24,Coupon,"2019-06-27 05:11:00","2021-12-31 10:29:00"
"Super Saver Flight Deals 120x600",CheapOair.ca,"Find Cheap Flights!  Take up to C$24 off with Promo Code FLIGHT24 Book Now!","CAD 5.00 - CAD 15.00",https://www.jdoqocy.com/click-100179843-13272167-1608628711000,https://www.cheapoair.ca/affiliates/flights,13272167,Banner,FLIGHT24,Coupon,"2018-03-21 01:53:00","2021-12-31 10:29:00"
"Super Saver Flight Deals 240x400",CheapOair.ca,"Find Cheap Flights!  Take up to C$24 off with Promo Code FLIGHT24 Book Now!","CAD 5.00 - CAD 15.00",https://www.tkqlhce.com/click-100179843-13272162-1608628815000,https://www.cheapoair.ca/affiliates/flights,13272162,Banner,FLIGHT24,Coupon,"2018-03-21 01:51:00","2021-12-31 10:29:00"
"Around the World 125x125",CheapOair.ca,"Go Around the World! Take up to C$16 off with Promo Code WORLD16 Book Now!","CAD 5.00 - CAD 15.00",https://www.jdoqocy.com/click-100179843-13270864-1608625877000,https://www.cheapoair.ca/affiliates/flights/aroundtheglobe,13270864,Banner,WORLD16,Coupon,"2020-02-03 00:36:00","2021-12-31 10:29:00"
"Hotel Generic 240x400",CheapOair.ca,"Find Fabulous Hotel Deals!  Take up to C$30 off with Promo Code HOTEL30 Book Now!","CAD 5.00 - CAD 15.00",https://www.anrdoezrs.net/click-100179843-13270980-1608626487000,https://www.cheapoair.ca/affiliates/hotels,13270980,Banner,HOTEL30,Coupon,"2018-03-20 07:20:00","2021-12-31 10:29:00"
"Family Travel 234x60",CheapOair.ca,"Save Big on Family Travel!  Take up to C$24 off with Promo Code FAMILY24 Book Now!","CAD 5.00 - CAD 15.00",https://www.dpbolvw.net/click-100179843-13270905-1611576850000,https://www.cheapoair.ca/affiliates/flights/family,13270905,Banner,FAMILY24,Coupon,"2018-12-26 05:37:00","2021-12-31 10:29:00"
"Car Rental Deals 240x400",CheapOair.ca,"Find Exclusive Car Rental Deals!  Take up to $10 off with Promo Code CAR10 Book Now!","CAD 5.00 - CAD 15.00",https://www.tkqlhce.com/click-100179843-13271052-1608629975000,https://www.cheapoair.ca/affiliates/cars,13271052,Banner,CAR10,Coupon,"2018-03-20 08:11:00","2021-12-31 10:29:00"
"Roundtrip Flights 468x60",CheapOair.ca,"Find Round Trip Flights!  Take up to C$24 off with Promo Code RT24 Book Now!","CAD 5.00 - CAD 15.00",https://www.anrdoezrs.net/click-100179843-13270858-1608628438000,https://www.cheapoair.ca/affiliates/flights/roundtrip,13270858,Banner,RT24,Coupon,"2018-03-20 04:53:00","2021-12-31 10:29:00"
"Car Rental Deals 468x60",CheapOair.ca,"Find Exclusive Car Rental Deals!  Take up to $10 off with Promo Code CAR10 Book Now!","CAD 5.00 - CAD 15.00",https://www.tkqlhce.com/click-100179843-13271047-1608629668000,https://www.cheapoair.ca/affiliates/cars,13271047,Banner,CAR10,Coupon,"2018-03-20 08:09:00","2021-12-31 10:29:00"
"Family Travel 125x125",CheapOair.ca,"Save Big on Family Travel!  Take up to C$24 off with Promo Code FAMILY24 Book Now!","CAD 5.00 - CAD 15.00",https://www.jdoqocy.com/click-100179843-13270906-1611576872000,https://www.cheapoair.ca/affiliates/flights/family,13270906,Banner,FAMILY24,Coupon,"2018-03-20 06:13:00","2021-12-31 10:29:00"
"Adventure Travel 234x60",CheapOair.ca,"Looking For An Adventure?  Take up to C$16 off with Promo Code GO16 Book Now!","CAD 5.00 - CAD 15.00",https://www.kqzyfj.com/click-100179843-13270826-1611577073000,https://www.cheapoair.ca/affiliates/flights/adventure,13270826,Banner,GO16,Coupon,"2020-02-03 00:30:00","2021-12-31 10:29:00"
"Car Rental Deals 120x600",CheapOair.ca,"Find Exclusive Car Rental Deals!  Take up to $10 off with Promo Code CAR10 Book Now!","CAD 5.00 - CAD 15.00",https://www.dpbolvw.net/click-100179843-13271058-1608629743000,https://www.cheapoair.ca/affiliates/cars,13271058,Banner,CAR10,Coupon,"2018-03-20 08:12:00","2021-12-31 10:29:00"
"Adventure Travel 300x250",CheapOair.ca,"Looking For An Adventure?  Take up to C$16 off with Promo Code GO16 Book Now!","CAD 5.00 - CAD 15.00",https://www.dpbolvw.net/click-100179843-13270827-1611577037000,https://www.cheapoair.ca/affiliates/flights/adventure,13270827,Banner,GO16,Coupon,"2018-03-20 04:05:00","2021-12-31 10:29:00"
"Car Rental Deals Promo Code: CAR10",CheapOair.ca,"Find Cheap Car Rental Deals!  Take up to $10 off with Promo Code CAR10 Book Now!","CAD 5.00 - CAD 15.00",https://www.kqzyfj.com/click-100179843-13202963-1608621881000,https://www.cheapoair.ca/affiliates/cars,13202963,"Text Link",CAR10,Coupon,"2018-01-11 00:00:00","2021-12-31 10:29:00"
"Family Travel",CheapOair.ca,"Save up to C$24 off our Fees on Flights with Code FAMILY24","CAD 5.00 - CAD 15.00",https://www.tkqlhce.com/click-100179843-13202955-1608623306000,https://www.cheapoair.ca/affiliates/flights/family,13202955,"Text Link",FAMILY24,Coupon,"2019-05-22 00:26:00","2021-12-31 10:29:00"
"Adventure Travel",CheapOair.ca,"Looking For An Adventure?  Take up to C$16 off with Promo Code GO16 Book Now!","CAD 5.00 - CAD 15.00",https://www.anrdoezrs.net/click-100179843-13202964-1608547349000,https://www.cheapoair.ca/affiliates/flights/adventure,13202964,"Text Link",GO16,Coupon,"2018-01-11 00:00:00","2021-12-31 10:29:00"
"Daily Deals 468 x 60",CheapOair.ca,"Sour Into Savings! With these handpicked deals you can save up to C$16 off on flights with promo code DAILY16","CAD 5.00 - CAD 15.00",https://www.jdoqocy.com/click-100179843-13762775-1608629247000,https://www.cheapoair.ca/affiliates/flights/dailydeals,13762775,Banner,DAILY16,Coupon,"2019-06-27 06:19:00","2021-12-31 10:29:00"
"Daily Deals 234x60",CheapOair.ca,"Sour Into Savings! With these handpicked deals you can save up to C$16 off on flights with promo code DAILY16","CAD 5.00 - CAD 15.00",https://www.tkqlhce.com/click-100179843-13762799-1608629573000,https://www.cheapoair.ca/affiliates/flights/dailydeals,13762799,Banner,DAILY16,Coupon,"2019-06-27 06:28:00","2021-12-31 10:29:00"
"Daily Deals 120x240",CheapOair.ca,"Sour Into Savings! With these handpicked deals you can save up to C$16 off on flights with promo code DAILY16","CAD 5.00 - CAD 15.00",https://www.dpbolvw.net/click-100179843-13762790-1608629441000,https://www.cheapoair.ca/affiliates/flights/dailydeals,13762790,Banner,DAILY16,Coupon,"2019-06-27 06:25:00","2021-12-31 10:29:00"
"Edmonton Travel Deals!",CheapOair.ca,"Save up to C$24 off◊ our fees on flights  Use Code YEG24 at checkout","CAD 5.00 - CAD 15.00",https://www.kqzyfj.com/click-100179843-13668826-1608623596000,https://www.cheapoair.ca/affiliates/flights/city?city-code=yeg,13668826,"Text Link",YEG24,Coupon,"2019-04-02 00:29:00","2021-12-31 10:29:00"
"Super Saver Flight Deals 125x125",CheapOair.ca,"Find Cheap Flights!  Take up to C$24 off with Promo Code FLIGHT24 Book Now!","CAD 5.00 - CAD 15.00",https://www.jdoqocy.com/click-100179843-13272166-1608628750000,https://www.cheapoair.ca/affiliates/flights,13272166,Banner,FLIGHT24,Coupon,"2018-03-21 01:52:00","2021-12-31 10:29:00"
"Super Saver Flight Deals 234x60",CheapOair.ca,"Find Cheap Flights!  Take up to C$24 off with Promo Code FLIGHT24 Book Now!","CAD 5.00 - CAD 15.00",https://www.kqzyfj.com/click-100179843-13272164-1608628781000,https://www.cheapoair.ca/affiliates/flights,13272164,Banner,FLIGHT24,Coupon,"2018-03-21 01:52:00","2021-12-31 10:29:00"
"Super Saver Flight Deals 120x240",CheapOair.ca,"Find Cheap Flights!  Take up to C$24 off with Promo Code FLIGHT24 Book Now!","CAD 5.00 - CAD 15.00",https://www.anrdoezrs.net/click-100179843-13272168-1608628678000,https://www.cheapoair.ca/affiliates/flights,13272168,Banner,FLIGHT24,Coupon,"2018-03-21 01:54:00","2021-12-31 10:29:00"
"Family Travel 300x250",CheapOair.ca,"Save Big on Family Travel!  Take up to C$24 off with Promo Code FAMILY24 Book Now!","CAD 5.00 - CAD 15.00",https://www.kqzyfj.com/click-100179843-13270903-1611576936000,https://www.cheapoair.ca/affiliates/flights/family,13270903,Banner,FAMILY24,Coupon,"2018-03-20 06:12:00","2021-12-31 10:29:00"
"Car Rental Deals 234x60",CheapOair.ca,"Find Exclusive Car Rental Deals!  Take up to $10 off with Promo Code CAR10 Book Now!","CAD 5.00 - CAD 15.00",https://www.tkqlhce.com/click-100179843-13271053-1608629926000,https://www.cheapoair.ca/affiliates/cars,13271053,Banner,CAR10,Coupon,"2018-03-20 08:11:00","2021-12-31 10:29:00"
"Handpicked Daily Flight Deals",CheapOair.ca,"Save up to C$16◊ off our Fees on Flights with code DAILY16","CAD 5.00 - CAD 15.00",https://www.kqzyfj.com/click-100179843-13270773-1608622837000,https://www.cheapoair.ca/affiliates/flights/dailydeals,13270773,"Text Link",DAILY16,Coupon,"2019-05-22 00:27:00","2021-12-31 10:29:00"
"Car Rental Deals 125x125",CheapOair.ca,"Find Exclusive Car Rental Deals!  Take up to $10 off with Promo Code CAR10 Book Now!","CAD 5.00 - CAD 15.00",https://www.dpbolvw.net/click-100179843-13271056-1608629879000,https://www.cheapoair.ca/affiliates/cars,13271056,Banner,CAR10,Coupon,"2018-03-20 08:12:00","2021-12-31 10:29:00"
"Around The World",CheapOair.ca,"Go Around the World!  Take up to C$16 off with Promo Code WORLD16 Book Now!","CAD 5.00 - CAD 15.00",https://www.anrdoezrs.net/click-100179843-13202958-1608622271000,https://www.cheapoair.ca/affiliates/flights/aroundtheglobe,13202958,"Text Link",WORLD16,Coupon,"2018-01-11 00:00:00","2021-12-31 10:29:00"
"Book Cheap Flights",CheapOair.ca,"Save up to C$16 off our Fees on Flights with code LM16","CAD 5.00 - CAD 15.00",https://www.kqzyfj.com/click-100179843-13202971-1608546868000,https://www.cheapoair.ca/affiliates/flights/lastminute,13202971,"Text Link",LM16,Coupon,"2018-01-11 00:00:00","2021-12-31 10:29:00"
"Hotel Generic - Promo Code ""HOTEL30""",CheapOair.ca,"Find Fabulous Hotel Deals!  Take up to $30 off with Promo Code HOTEL30 Book Now!","CAD 5.00 - CAD 15.00",https://www.dpbolvw.net/click-100179843-13202957-1608623438000,https://www.cheapoair.ca/affiliates/hotels,13202957,"Text Link",HOTEL30,Coupon,"2019-05-22 00:26:00","2021-12-31 10:29:00"
"Victoria Day Deals 234x60",CheapOair.ca,"No plans for Victoria Day?
Get up to C$35 off◊ our fees on flights
Use Coupon VICTORIA35","CAD 5.00 - CAD 15.00",https://www.tkqlhce.com/click-100179843-14499333-1617690996000,https://www.cheapoair.ca/affiliates/flights/victoriaday,14499333,Banner,VICTORIA35,Coupon,"2021-04-05 03:44:00","2021-05-31 11:29:00"
"Mother's Day Saving Deals 120x90",CheapOair.ca,"Treat your mum with a cheap getaway!
Get up to C$30 off◊ our fees on flights
Use Coupon MOM30","CAD 5.00 - CAD 15.00",https://www.kqzyfj.com/click-100179843-14499390-1617621749000,https://www.cheapoair.ca/affiliates/flights/mothersday?,14499390,Banner,MOM30,Coupon,"2021-04-05 04:14:00","2021-05-15 11:29:00"
"Mother's Day Saving Deals 240x400",CheapOair.ca,"Treat your mum with a cheap getaway!
Get up to C$30 off◊ our fees on flights
Use Coupon MOM30","CAD 5.00 - CAD 15.00",https://www.tkqlhce.com/click-100179843-14499391-1617621811000,https://www.cheapoair.ca/affiliates/flights/mothersday?,14499391,Banner,MOM30,Coupon,"2021-04-05 04:14:00","2021-05-15 11:29:00"
"Spring Season Deals 300x250",CheapOair.ca,"Spring Season Deals! Get up to C$30 off◊ our fees on flights Use Code SPRING30 at checkout","CAD 5.00 - CAD 15.00",https://www.dpbolvw.net/click-100179843-14454073-1612513045000,https://www.cheapoair.ca/affiliates/flights/break?,14454073,Banner,SPRING30,Coupon,"2021-02-05 00:12:00","2021-04-30 11:29:00"
"Spring Break Savings 120x240",CheapOair.ca,"Spring Break Savings! Get up to C$25 off◊ our fees on flights Use Code BREAK25 at checkout","CAD 5.00 - CAD 15.00",https://www.jdoqocy.com/click-100179843-14454022-1612512287000,https://www.cheapoair.ca/affiliates/flights/spring,14454022,Banner,BREAK25,Coupon,"2021-02-04 23:28:00","2021-04-30 11:29:00"
"Spring Break Savings",CheapOair.ca,"Spring Break Savings! Get up to C$25 off◊ our fees on flights Use Code BREAK25 at checkout	","CAD 5.00 - CAD 15.00",https://www.dpbolvw.net/click-100179843-14452739-1612426137000,https://www.cheapoair.ca/affiliates/flights/spring,14452739,"Text Link",BREAK25,Coupon,"2021-02-04 00:08:00","2021-04-30 11:29:00"
"Mother's Day Saving Deals",CheapOair.ca,"Treat your mum with a cheap getaway!
Get up to C$30 off◊ our fees on flights
Use Coupon MOM30","CAD 5.00 - CAD 15.00",https://www.anrdoezrs.net/click-100179843-14500022-1617690582000,https://www.cheapoair.ca/affiliates/flights/mothersday?,14500022,"Text Link",MOM30,Coupon,"2021-04-05 23:29:00","2021-05-15 11:29:00"
"Victoria Day Deals 120x60",CheapOair.ca,"No plans for Victoria Day?
Get up to C$35 off◊ our fees on flights
Use Coupon VICTORIA35","CAD 5.00 - CAD 15.00",https://www.dpbolvw.net/click-100179843-14499375-1617690917000,https://www.cheapoair.ca/affiliates/flights/victoriaday,14499375,Banner,VICTORIA35,Coupon,"2021-04-05 03:44:00","2021-05-31 11:29:00"
"Victoria Day Deals 120x90",CheapOair.ca,"No plans for Victoria Day?
Get up to C$35 off◊ our fees on flights
Use Coupon VICTORIA35","CAD 5.00 - CAD 15.00",https://www.jdoqocy.com/click-100179843-14499376-1617690876000,https://www.cheapoair.ca/affiliates/flights/victoriaday,14499376,Banner,VICTORIA35,Coupon,"2021-04-05 03:44:00","2021-05-31 11:29:00"
"Spring Season Deals 120x60",CheapOair.ca,"Spring Season Deals! Get up to C$30 off◊ our fees on flights Use Code SPRING30 at checkout","CAD 5.00 - CAD 15.00",https://www.tkqlhce.com/click-100179843-14454076-1612513193000,https://www.cheapoair.ca/affiliates/flights/break?,14454076,Banner,SPRING30,Coupon,"2021-02-05 00:12:00","2021-04-30 11:29:00"
"Spring Season Deals 160x600",CheapOair.ca,"Spring Season Deals! Get up to C$30 off◊ our fees on flights Use Code SPRING30 at checkout","CAD 5.00 - CAD 15.00",https://www.anrdoezrs.net/click-100179843-14454083-1612513539000,https://www.cheapoair.ca/affiliates/flights/break?,14454083,Banner,SPRING30,Coupon,"2021-02-05 00:12:00","2021-04-30 11:29:00"
"Spring Season Deals 125x125",CheapOair.ca,"Spring Season Deals! Get up to C$30 off◊ our fees on flights Use Code SPRING30 at checkout","CAD 5.00 - CAD 15.00",https://www.dpbolvw.net/click-100179843-14454081-1612513428000,https://www.cheapoair.ca/affiliates/flights/break?,14454081,Banner,SPRING30,Coupon,"2021-02-05 00:12:00","2021-04-30 11:29:00"
"Spring Season Deals 234x60",CheapOair.ca,"Spring Season Deals! Get up to C$30 off◊ our fees on flights Use Code SPRING30 at checkout","CAD 5.00 - CAD 15.00",https://www.kqzyfj.com/click-100179843-14454082-1612513490000,https://www.cheapoair.ca/affiliates/flights/break?,14454082,Banner,SPRING30,Coupon,"2021-02-05 00:12:00","2021-04-30 11:29:00"
"Spring Break Savings 120x600",CheapOair.ca,"Spring Break Savings! Get up to C$25 off◊ our fees on flights Use Code BREAK25 at checkout","CAD 5.00 - CAD 15.00",https://www.dpbolvw.net/click-100179843-14454008-1612512535000,https://www.cheapoair.ca/affiliates/flights/spring,14454008,Banner,BREAK25,Coupon,"2021-02-04 23:28:00","2021-04-30 11:29:00"
"Spring Break Savings 240x400",CheapOair.ca,"Spring Break Savings! Get up to C$25 off◊ our fees on flights Use Code BREAK25 at checkout","CAD 5.00 - CAD 15.00",https://www.anrdoezrs.net/click-100179843-14454013-1636090478000,https://www.cheapoair.ca/affiliates/flights/spring,14454013,Banner,BREAK25,Coupon,"2021-02-04 23:28:00","2021-04-30 11:29:00"
"Spring Break Savings 125x125",CheapOair.ca,"Spring Break Savings! Get up to C$25 off◊ our fees on flights Use Code BREAK25 at checkout","CAD 5.00 - CAD 15.00",https://www.tkqlhce.com/click-100179843-14454011-1612512478000,https://www.cheapoair.ca/affiliates/flights/spring,14454011,Banner,BREAK25,Coupon,"2021-02-04 23:28:00","2021-04-30 11:29:00"
"Spring Season Deals",CheapOair.ca,"Spring Season Deals! Get up to C$30 off◊ our fees on flights Use Code SPRING30 at checkout.","CAD 5.00 - CAD 15.00",https://www.tkqlhce.com/click-100179843-14452740-1612426270000,https://www.cheapoair.ca/affiliates/flights/break,14452740,"Text Link",SPRING30,Coupon,"2021-02-04 00:10:00","2021-04-30 11:29:00"
"Adventure Travel 240 x 400",CheapOair.ca,"Looking For An Adventure? Take up to C$16 off with Promo Code GO16 Book Now!","CAD 5.00 - CAD 15.00",https://www.tkqlhce.com/click-100179843-13762640-1611577701000,https://www.cheapoair.ca/affiliates/flights/adventure,13762640,Banner,GO16,Coupon,"2020-02-03 00:34:00","2021-12-31 10:29:00"
"Daily Deals 240x400",CheapOair.ca,"Sour Into Savings! With these handpicked deals you can save up to C$16 off on flights with promo code DAILY16","CAD 5.00 - CAD 15.00",https://www.kqzyfj.com/click-100179843-13762806-1608629605000,https://www.cheapoair.ca/affiliates/flights/dailydeals,13762806,Banner,DAILY16,Coupon,"2019-06-27 06:30:00","2021-12-31 10:29:00"
"Daily Deals 120x600",CheapOair.ca,"Sour Into Savings! With these handpicked deals you can save up to C$16 off on flights with promo code DAILY16","CAD 5.00 - CAD 15.00",https://www.dpbolvw.net/click-100179843-13762785-1608379450000,https://www.cheapoair.ca/affiliates/flights/dailydeals,13762785,Banner,DAILY16,Coupon,"2019-06-27 06:23:00","2021-12-31 10:29:00"
"Roundtrip Flights 300x250",CheapOair.ca,"Find Round Trip Flights!  Take up to C$24 off with Promo Code RT24 Book Now!","CAD 5.00 - CAD 15.00",https://www.dpbolvw.net/click-100179843-13733431-1608628273000,https://www.cheapoair.ca/affiliates/flights/roundtrip,13733431,Banner,RT24,Coupon,"2018-03-20 04:37:00","2021-12-31 10:29:00"
"Paris Travel Deals!",CheapOair.ca,"Save up to
C$24 off◊ our fees on flights 
Use Code CDG24 at checkout","CAD 5.00 - CAD 15.00",https://www.dpbolvw.net/click-100179843-13668831-1608623480000,https://www.cheapoair.ca/affiliates/flights/city?city-code=par,13668831,"Text Link",CDG24,Coupon,"2019-04-02 00:49:00","2021-12-31 10:29:00"
"Summer Sale","Canada Pet Care","Summer Essentials for Your Pets at 12% Extra Discount & Free Shipping at CanadaPetCare.com!
",10.00%,https://www.tkqlhce.com/click-100179843-14000746-1583994054000,https://www.canadapetcare.com/?utm_source=cjtext&utm_campaign=Summer-Sale&coupon_no=PRESUM12,14000746,"Text Link",PRESUM12,Coupon,"2020-03-11 23:19:00","2021-12-30 10:30:00"
"Valentine's Day Offer","Canada Pet Care","Pet Lover's Offer! This Valentine's brings Extra Discount & Free Shipping on all Pet Supplements. Use Code: LOVEDAY
",10.00%,https://www.kqzyfj.com/click-100179843-13968755-1581155347000,https://www.canadapetcare.com/?utm_source=Cjtext&utm_campaign=Valentine's&coupon_no=LOVEDAY,13968755,"Text Link",LOVEDAY,Coupon,"2020-02-08 01:48:00","2021-12-30 10:30:00"
" National Cat Health Month","Canada Pet Care","Care your Cat this national cat health month with extra 12% discount + Free Shipping Use Code:-NCHM12
",10.00%,https://www.dpbolvw.net/click-100179843-13962599-1580730991000,https://www.canadapetcare.com/cat-supplies-2.aspx/?utm_source=cjbanner&utm_campaign=cathealth&coupon_no=NCHM12,13962599,Banner,NCHM12,Coupon,"2020-02-03 03:49:00","2021-12-31 03:49:00"
" National Cat Health Month","Canada Pet Care","Care your Cat this national cat health month with extra 12% discount + Free Shipping Use Code:-NCHM12
",10.00%,https://www.anrdoezrs.net/click-100179843-13962588-1580730762000,https://www.canadapetcare.com/cat-supplies-2.aspx/?utm_source=cjbanner&utm_campaign=cathealth&coupon_no=NCHM12,13962588,Banner,NCHM12,Coupon,"2020-02-03 03:45:00","2021-12-30 10:30:00"
" National Cat Health Month","Canada Pet Care","Care your Cat this national cat health month with extra 12% discount + Free Shipping Use Code:-NCHM12
",10.00%,https://www.anrdoezrs.net/click-100179843-13962603-1580730861000,https://www.canadapetcare.com/cat-supplies-2.aspx/?utm_source=cjbanner&utm_campaign=cathealth&coupon_no=NCHM12,13962603,Banner,NCHM12,Coupon,"2020-02-03 03:51:00","2021-12-30 10:30:00"
"Heartworm Awareness Month","Canada Pet Care","Buy More, Save More on Heartworm Preventatives + Get Extra 15% Off with Free Shipping.  Earn Reward Points. Use Code: HWSALE15. Order Now!",10.00%,https://www.tkqlhce.com/click-100179843-14499235-1617607093000,https://www.canadapetcare.com/dogs-heartwormers-treatment-108.aspx?utm_source=cj&utm_campaign=heartwormonth&coupon_no=HWSALE15,14499235,Banner,HWSALE15,Coupon,"2021-04-05 02:09:00","2021-04-29 11:30:00"
"Pet Lover's Offer!","Canada Pet Care","Pet Lover's Offer! This Valentine's brings Extra 12% Discount & Free Shipping on all Pet Supplements. Use Code: LOVEDAY",10.00%,https://www.dpbolvw.net/click-100179843-14455446-1612787703000,https://www.canadapetcare.com/seresto-dog-collar-for-dogs/flea-and-tick-control-treatment-285.aspx?utm_source=ls&utm_campaign=valentine2021&coupon_no=LOVEDAY,14455446,Banner,LOVEDAY,Coupon,"2021-02-08 04:34:00","2022-03-30 11:30:00"
"It's a time to give thanks!","Canada Pet Care","Extra 20% off + Earn Reward Points & free shipping.  Use Coupon: THNKS20",10.00%,https://www.anrdoezrs.net/click-100179843-14376072-1605160801000,https://www.canadapetcare.com/heartgard-plus-for-dogs/heartwormers-treatment-34.aspx?utm_source=cj&utm_camapign=thanksgiving2020&coupon_no=THNKS20,14376072,"Text Link",THNKS20,Coupon,"2020-11-18 10:30:00","2021-06-29 11:30:00"
"Simparica Trio: First All-in-One Protection","Canada Pet Care","The Trio Zone: It's Heart of Protection! Buy Simparica Trio at 12% Extra Discount + Free Shipping. Use Coupon: SPTRIO12",10.00%,https://www.tkqlhce.com/click-100179843-14066043-1591274159000,https://www.canadapetcare.com/simparica-trio-for-dogs/flea-and-tick-control-treatment-492.aspx?utm_source=cjbanner&utm_medium=webanner&utm_campaign=SimparicaTrio&Coupon_no=SPTRIO12,14066043,Banner,SPTRIO12,Coupon,"2020-06-04 05:34:00","2021-12-30 10:30:00"
" National Cat Health Month","Canada Pet Care","Care your Cat this national cat health month with extra 12% discount + Free Shipping Use Code:-NCHM12
",10.00%,https://www.kqzyfj.com/click-100179843-13962595-1580730950000,https://www.canadapetcare.com/cat-supplies-2.aspx/?utm_source=cjbanner&utm_campaign=cathealth&coupon_no=NCHM12,13962595,Banner,NCHM12,Coupon,"2020-02-03 03:48:00","2021-12-30 10:30:00"
"National Pet Dental Health Month","Canada Pet Care","Hurry, Dental Health Month is here! Grab Exclusive Discount's + Free Shipping @ CanadaPetCare.com! Use Code: TOOTH12
",10.00%,https://www.anrdoezrs.net/click-100179843-13962560-1580729683000,https://www.canadapetcare.com/?utm_source=cjtext&utm_campaign=dentalmonth&coupon_no=TOOTH12,13962560,"Text Link",TOOTH12,Coupon,"2020-02-03 03:34:00","2021-12-30 10:30:00"
"Easter Sale","Canada Pet Care","Don't Miss Out On These Eggs-traordinary Offers! Savings On Pet Supplies with 12% Extra OFF + Free Shipping. Use Coupon: EASTER12
",10.00%,https://www.jdoqocy.com/click-100179843-14014628-1585555580000,https://www.canadapetcare.com/?utm_source=cjtext&utm_campaign=EasterSale&coupon_no=EASTER12,14014628,"Text Link",EASTER12,Coupon,"2020-03-30 01:05:00","2021-12-30 10:30:00"
"Summer Sale","Canada Pet Care","This Summer, Stock Up Flea & Tick Preventives at 12% Extra Discount + Free Shipping on All Orders. Use Code: PRESUM12 to avail this offer.
",10.00%,https://www.jdoqocy.com/click-100179843-14010056-1585030860000,https://www.canadapetcare.com/?utm_source=cj_banner&utm_campaign=SummerSale&coupon_no=PRESUM12,14010056,Banner,presum12,Coupon,"2020-03-23 23:20:00","2021-12-30 10:30:00"
"St. Patrick's Day Sale","Canada Pet Care","<link>St. Patrick's Day</link> St. Patrick Day Sale! Get 12% Extra Discount & Free Shipping on all your Pet Supplies! Use Coupon: PATRICK12
",10.00%,https://www.jdoqocy.com/click-100179843-14004451-1584443661000,https://www.canadapetcare.com/?utm_source=CJBanner&utm_campaign=St-Patricks-Day&coupon_no=PATRICK12,14004451,Banner,PATRICK12,Coupon,"2020-03-17 04:13:00","2021-12-30 10:30:00"
"St. Patrick's Day Sale","Canada Pet Care","It's Time to Get Your Green On Savings! Instant 12% Extra Off & Free Shipping Use Coupon Code: PATRICK12
",10.00%,https://www.kqzyfj.com/click-100179843-14000735-1583993659000,https://www.canadapetcare.com?utm_source=cjtext&utm_campaign=StPatricksDay&coupon_no=PATRICK12,14000735,"Text Link",PATRICK12,Coupon,"2020-03-12 02:13:00","2021-12-30 10:30:00"
" National Cat Health Month","Canada Pet Care","Care your Cat this national cat health month with extra 12% discount + Free Shipping Use Code:-NCHM12
",10.00%,https://www.dpbolvw.net/click-100179843-13962592-1580730912000,https://www.canadapetcare.com/cat-supplies-2.aspx/?utm_source=cjbanner&utm_campaign=cathealth&coupon_no=NCHM12,13962592,Banner,NCHM12,Coupon,"2020-02-03 03:47:00","2021-12-30 10:30:00"
"Heartworm Awareness Month Special Discount","Canada Pet Care","Save 15% With Our Heartworm Awareness Month Special Discount. Heartgard Plus, Simparica Trio & More. Use Coupon: HWSALE15 + Free Shipping. Order Now.",10.00%,https://www.tkqlhce.com/click-100179843-14499221-1617606000000,https://www.canadapetcare.com/heartgard-plus-for-dogs/heartwormers-treatment-34.aspx?utm_source=cj&utm_campaign=heartwormonth&coupon_no=HWSALE15,14499221,Banner,HWSALE15,Coupon,"2021-04-05 01:59:00","2021-04-29 11:30:00"
"Spring into Savings","Canada Pet Care","Spring into Savings - Up To 70% OFF + Earn Reward Points & Free Shipping on Everything. Use coupon Code: SPCPC12",10.00%,https://www.jdoqocy.com/click-100179843-14465411-1613737424000,https://www.canadapetcare.com/nexgard-for-dogs/flea-and-tick-control-treatment-279.aspx?utm_source=cj&utm_camapign=spring2021&coupon_no=SPCPC12,14465411,Banner,SPCPC12,Coupon,"2021-02-19 04:23:00","2022-04-18 11:30:00"
"Spoil Your Loved One This Valentine's","Canada Pet Care","❤️ Spoil Your Loved One This Valentine's ❤️Use Code: LOVEDAY & Get 12%  Extra Off + Free Shipping on all your beloved Pet Products",10.00%,https://www.jdoqocy.com/click-100179843-14455450-1612787811000,https://www.canadapetcare.com/?utm_source=ls&utm_campaign=valentine2021&coupon_no=LOVEDAY,14455450,"Text Link",LOVEDAY,Coupon,"2021-02-08 04:36:00","2022-03-30 11:30:00"
"Stay Well This Winter 🐶💙","Canada Pet Care","Stay Well This Winter 🐶💙 Grab instant 12% off on all pet products with free shipping. Use Coupon Code: CNCLD12",10.00%,https://www.tkqlhce.com/click-100179843-14443196-1611571155000,https://www.canadapetcare.com/seresto-dog-collar-for-dogs/flea-and-tick-control-treatment-285.aspx?utm_source=cj&utm_campaign=winter2021&coupon_no=CNCLD12,14443196,Banner,CNCLD12,Coupon,"2021-01-25 02:11:00","2022-04-29 11:30:00"
"Stay Well This Winter 🐶💙","Canada Pet Care","Stay Well This Winter 🐶💙 Grab instant 12% off on all pet products with free shipping. Use Coupon Code: CNCLD12",10.00%,https://www.anrdoezrs.net/click-100179843-14443132-1611571219000,https://www.canadapetcare.com/bravecto-for-dogs/flea-and-tick-control-treatment-278.aspx?utm_source=cj&utm_campaign=winter2021&coupon_no=CNCLD12,14443132,Banner,CNCLD12,Coupon,"2021-01-25 00:26:00","2022-04-29 11:30:00"
"Welcome to Winter Savings","Canada Pet Care","🎄 Welcome to Winter Savings 🔥 Hot Deals this Winter ! Enjoy 12% off + Reward Points, Get Free Shipping on Everything. Use coupon Code: CNCLD12",10.00%,https://www.kqzyfj.com/click-100179843-14443203-1611571125000,https://www.canadapetcare.com/comfortis-for-dogs/flea-and-tick-control-treatment-73.aspx?utm_source=cj&utm_campaign=winter2021&coupon_no=CNCLD12,14443203,"Text Link",CNCLD12,Coupon,"2021-01-25 02:15:00","2022-04-29 11:30:00"
"Thanksgiving Sale Starts Now","Canada Pet Care","Take an Extra 20% Off + Earn Reward Points & free shipping. Use Coupon: THNKS20",10.00%,https://www.anrdoezrs.net/click-100179843-14376071-1605159732000,https://www.canadapetcare.com/bravecto-for-dogs/flea-and-tick-control-treatment-278.aspx?utm_source=cj&utm_camapign=thanksgiving2020&coupon_no=THNKS20,14376071,"Text Link",THNKS20,Coupon,"2020-11-18 10:30:00","2021-06-29 11:30:00"
"We're EXTRA thankful today","Canada Pet Care","We're EXTRA thankful today: Extra 20% off + Earn Reward Points & free shipping. Use Coupon: THNKS20",10.00%,https://www.jdoqocy.com/click-100179843-14376067-1605159280000,https://www.canadapetcare.com/nexgard-for-dogs/flea-and-tick-control-treatment-279.aspx?utm_source=cj&utm_camapign=thanksgiving2020&coupon_no=THNKS20,14376067,Banner,THNKS20,Coupon,"2020-11-22 10:30:00","2021-06-29 11:30:00"
"Halloween sale","Canada Pet Care","Halloween is Near and the Deals are HERE! Get FLAT 15% Off on All Pet Products & Free Shipping, Earn Reward Points.  Use coupon Code: CPCHD15.",10.00%,https://www.dpbolvw.net/click-100179843-14354076-1603276200000,https://www.canadapetcare.com/comfortis-for-dogs/flea-and-tick-control-treatment-73.aspx?utm_source=cj&utm_campaign=HalloweenSale2020&Coupon_no=CPCHD15,14354076,Banner,CPCHD15,Coupon,"2020-10-21 05:26:00","2021-11-29 10:30:00"
"Simparica Trio: Designed for Defense","Canada Pet Care","Simparica Trio is the Only product to protect against heartworm disease, ticks and fleas, and intestinal worms. Buy Now at 12% Extra Off with Coupon: SPTRIO12",10.00%,https://www.jdoqocy.com/click-100179843-14066058-1591274592000,https://www.canadapetcare.com/simparica-trio-for-dogs/flea-and-tick-control-treatment-492.aspx?utm_source=cjbanner&utm_medium=webanner&utm_campaign=SimparicaTrio&Coupon_no=SPTRIO12,14066058,Banner,SPTRIO12,Coupon,"2020-06-04 05:42:00","2021-12-30 10:30:00"
"Spring Savings Reserved for You","Canada Pet Care","Spring Savings Reserved for You! Use Code: SPCPC12 & Get 12%  Extra Off + Free Shipping on all your beloved Pet Products. ",10.00%,https://www.tkqlhce.com/click-100179843-14465413-1613737800000,https://www.canadapetcare.com/?utm_source=cj&utm_camapign=spring2021&coupon_no=SPCPC12,14465413,Banner,SPCPC12,Coupon,"2021-02-19 05:26:00","2022-04-29 11:30:00"
"Spring Deals","Canada Pet Care","🌼🐶 Spring Deals - 12% off this weekend! ! Cheapest Pet Supplies + Earn Reward Points, Get Free Shipping on Everything. Use coupon Code: SPCPC12",10.00%,https://www.tkqlhce.com/click-100179843-14465400-1613737800000,https://www.canadapetcare.com/heartgard-plus-for-dogs/heartwormers-treatment-34.aspx?utm_source=cj&utm_camapign=spring2021&coupon_no=SPCPC12,14465400,Banner,SPCPC12,Coupon,"2021-02-19 06:16:00","2022-04-29 11:30:00"
"Valentine's Bring Love for Pets as well","Canada Pet Care","Valentine's Bring Love for Pets as well. Use Code: LOVEDAY & Get 12%  Extra Off + Free Shipping on all your beloved Pet Products",10.00%,https://www.tkqlhce.com/click-100179843-14455443-1612787554000,https://www.canadapetcare.com/revolution-for-cats/flea-and-tick-control-treatment-56.aspx?utm_source=ls&utm_campaign=valentine2021&coupon_no=LOVEDAY,14455443,Banner,LOVEDAY,Coupon,"2021-02-08 05:32:00","2022-03-30 11:30:00"
"Melt the snow with up to 50% off","Canada Pet Care","Melt the snow with up to 50% off + Earn Reward Points & Free Shipping. Use coupon Code: CNCLD12",10.00%,https://www.anrdoezrs.net/click-100179843-14443134-1611571184000,https://www.canadapetcare.com/nexgard-for-dogs/flea-and-tick-control-treatment-279.aspx?utm_source=cj&utm_campaign=winter2021&coupon_no=CNCLD12,14443134,Banner,CNCLD12,Coupon,"2021-01-25 00:30:00","2022-04-29 11:30:00"
"Melt the snow with up to 50% off","Canada Pet Care","Melt the snow with up to 50% off + Earn Reward Points & Free Shipping. Use coupon Code: CNCLD12",10.00%,https://www.jdoqocy.com/click-100179843-14443129-1611571263000,https://www.canadapetcare.com/heartgard-plus-for-dogs/heartwormers-treatment-34.aspx?utm_source=cj&utm_campaign=winter2021&coupon_no=CNCLD12,14443129,Banner,CNCLD12,Coupon,"2021-01-25 00:22:00","2022-04-29 11:30:00"
"Gear Up for Thanksgiving","Canada Pet Care","Gear Up for Thanksgiving—Free Shipping + 20% Off Everything Inside, Earn Reward Points. Use Coupon: THNKS20",10.00%,https://www.jdoqocy.com/click-100179843-14376070-1605159416000,https://www.canadapetcare.com/bravecto-for-dogs/flea-and-tick-control-treatment-278.aspx?utm_source=cj&utm_camapign=thanksgiving2020&coupon_no=THNKS20,14376070,Banner,THNKS20,Coupon,"2020-11-21 10:30:00","2021-06-29 11:30:00"
"Free Shipping – Just for BOO!","Canada Pet Care","Free Shipping – Just for BOO! ✓Extra 15% OFF ✓Earn Reward Points.  Use coupon Code: CPCHD15 ",10.00%,https://www.tkqlhce.com/click-100179843-14356423-1605158740000,https://www.canadapetcare.com/revolution-plus-for-cats/flea-and-tick-control-treatment-442.aspx?utm_source=cj&utm_camapign=halloween2020&coupon_no=CPCHD15,14356423,Banner,CPCHD15,Coupon,"2020-10-23 04:20:00","2021-11-29 10:30:00"
"Spooky Savings – Up to 60% off","Canada Pet Care","Spooky Savings – Up to 60% off on all Pet Products + Reward Points & Free Shipping! Use coupon Code: CPCHD15",10.00%,https://www.anrdoezrs.net/click-100179843-14356513-1605158670000,https://www.canadapetcare.com/nexgard-for-dogs/flea-and-tick-control-treatment-279.aspx?utm_source=cj&utm_camapign=halloween2020&coupon_no=CPCHD15,14356513,"Text Link",CPCHD15,Coupon,"2020-10-23 04:22:00","2021-11-29 10:30:00"
"Free Shipping – Just for BOO!","Canada Pet Care","Free Shipping – Just for BOO! ✓Extra 15% OFF ✓Earn Reward Points.  Use coupon Code: CPCHD15",10.00%,https://www.dpbolvw.net/click-100179843-14354079-1603276323000,https://www.canadapetcare.com/revolution-for-dogs/heartwormers-treatment-12.aspx?utm_source=cj&utm_campaign=HalloweenSale2020&Coupon_no=CPCHD15,14354079,Banner,CPCHD15,Coupon,"2020-10-21 04:29:00","2021-11-29 10:30:00"
"Holiday Savings","Canada Pet Care","Holiday Savings to Renew You! Take 15% Off & Free Shipping , Use code HDAYS15 at check out to avail this offer.",10.00%,https://www.dpbolvw.net/click-100179843-14353954-1603265400000,https://www.canadapetcare.com/comfortis-for-dogs/flea-and-tick-control-treatment-73.aspx?utm_source=cj&utm_campaign=HolidaySale2020&Coupon_no=HDAYS15,14353954,Banner,HDAYS15,Coupon,"2020-10-21 02:24:00","2021-12-30 10:30:00"
"Holiday Savings","Canada Pet Care","Holiday Savings to Renew You! Take 15% Off & Free Shipping , Use code HDAYS15 at check out to avail this offer.",10.00%,https://www.jdoqocy.com/click-100179843-14353949-1603264218000,https://www.canadapetcare.com/bravecto-for-dogs/flea-and-tick-control-treatment-278.aspx?utm_source=cj&utm_campaign=HolidaySale2020&Coupon_no=HDAYS15,14353949,Banner,HDAYS15,Coupon,"2020-10-21 03:09:00","2021-12-30 10:30:00"
"Trio Zone: It's Heart of Protection","Canada Pet Care","Simparica Trio: Designed for Defence! Buy Today at 12% Extra Off + Free Shipping. Apply Coupon: SPTRIO12",10.00%,https://www.dpbolvw.net/click-100179843-14066045-1591274287000,https://www.canadapetcare.com/simparica-trio-for-dogs/flea-and-tick-control-treatment-492.aspx?utm_source=cjbanner&utm_medium=webanner&utm_campaign=SimparicaTrio&Coupon_no=SPTRIO12,14066045,Banner,SPTRIO12,Coupon,"2020-06-04 05:36:00","2021-12-30 10:30:00"
"Summer Sale","Canada Pet Care","This Summer, Stock Up Flea & Tick Preventives at 12% Extra Discount + Free Shipping on All Orders. Use Code: PRESUM12 to avail this offer.
",10.00%,https://www.anrdoezrs.net/click-100179843-14010058-1585031117000,https://www.canadapetcare.com/?utm_source=cj_banner&utm_campaign=SummerSale&coupon_no=PRESUM12,14010058,Banner,PRESUM12,Coupon,"2020-03-23 23:24:00","2021-12-30 10:30:00"
"St. Patrick's Day Sale","Canada Pet Care","<link>St. Patrick's Day</link>You are in luck as your Pet Supplies have become cheaper. Use Code: PATRICK12 & Get 12% Extra OFF & Free Shipping!
",10.00%,https://www.tkqlhce.com/click-100179843-14004448-1584443537000,https://www.canadapetcare.com/?utm_source=CJBanner&utm_campaign=St-Patricks-Day&coupon_no=PATRICK12,14004448,Banner,PATRICK12,Coupon,"2020-03-17 04:11:00","2021-12-30 10:30:00"
"Valentine's Day Offer","Canada Pet Care","Three Magic Words: Valentine's Steal Deals! Use Code: LOVEDAY & Get Extra 12% Off + Free Shipping on all Pet Products!
",10.00%,https://www.kqzyfj.com/click-100179843-13968756-1581155429000,https://www.canadapetcare.com/?utm_source=Cjtext&utm_campaign=Valentine's&coupon_no=LOVEDAY,13968756,"Text Link",LOVEDAY,Coupon,"2020-02-08 01:50:00","2021-12-30 10:30:00"
"Simparica Trio - Complete Coverage & Simplifies Protection","Canada Pet Care","Get your furry pal complete coverage & 100% satisfaction guaranteed with Simparica TRIO! Get 12% Extra Discount & Free Shipping. Use Code: SPTRIO12",10.00%,https://www.kqzyfj.com/click-100179843-14066059-1591274749000,https://www.canadapetcare.com/simparica-trio-for-dogs/flea-and-tick-control-treatment-492.aspx?utm_source=cjbanner&utm_medium=webanner&utm_campaign=SimparicaTrio&Coupon_no=SPTRIO12,14066059,Banner,SPTRIO12,Coupon,"2020-06-04 05:44:00","2021-12-30 10:30:00"
"Summer Sale","Canada Pet Care","Massive Summer Discount! 12% Extra OFF, The Biggest Discount for this Summer Season! Use Code: PRESUM12
",10.00%,https://www.kqzyfj.com/click-100179843-14010053-1585030295000,https://www.canadapetcare.com/?utm_source=cj_banner&utm_campaign=SummerSale&coupon_no=PRESUM12,14010053,Banner,presum12,Coupon,"2020-03-23 23:09:00","2021-12-23 10:30:00"
"Summer Sale","Canada Pet Care","This Summer, Stock Up Flea & Tick Preventives at 12% Extra Discount + Free Shipping on All Orders. Use Code: PRESUM12 to avail this offer.
",10.00%,https://www.anrdoezrs.net/click-100179843-14010054-1585030481000,https://www.canadapetcare.com/?utm_source=cj_banner&utm_campaign=SummerSale&coupon_no=PRESUM12,14010054,Banner,presum12,Coupon,"2020-03-23 23:14:00","2021-12-23 10:30:00"
"Summer Sale","Canada Pet Care","Massive Summer Discount! 12% Extra OFF, The Biggest Discount for this Summer Season! Use Code: PRESUM12
",10.00%,https://www.kqzyfj.com/click-100179843-14010057-1585030992000,https://www.canadapetcare.com/?utm_source=cj_banner&utm_campaign=SummerSale&coupon_no=PRESUM12,14010057,Banner,PRESUM12,Coupon,"2020-03-23 23:22:00","2021-12-30 10:30:00"
"Cyber Monday Sale 2020","Best Vet Care","Get 12% Instant Discount on Every order. SHOP NOW! Use code: CYBVC12",10.00%,https://www.anrdoezrs.net/click-100179843-14395991-1606217700000,https://www.bestvetcare.com/nexgard-for-dogs/flea-and-tick-treatment-279.aspx?utm_source=cjtext&utm_campaign=cybermonday&coupon_no=CYBVC12,14395991,"Text Link",CYBVC12,Coupon,"2020-11-24 03:40:00","2021-11-24 03:40:00"
"Cyber Monday Sale 2020","Best Vet Care","Grab Pet Supplies at 12% Off + Free Shipping*. SHOP TODAY! Use Code: CYBVC12",10.00%,https://www.jdoqocy.com/click-100179843-14396000-1606218000000,https://www.bestvetcare.com/?utm_source=cjtext&utm_campaign=cybermonday&coupon_no=CYBVC12,14396000,"Text Link",CYBVC12,Coupon,"2020-11-24 03:45:00","2021-11-24 03:45:00"
"Black Friday Sale","Best Vet Care","Celebrate This Black Friday Sale With Best Combo Deals + Free Doses. Get 12% Instant Discount on every order. Use code- BLACK12",10.00%,https://www.kqzyfj.com/click-100179843-14388801-1605877204000,https://www.bestvetcare.com/heartgard-plus-for-dogs/heartwormers-treatment-34.aspx?utm_source=cjbanner&utm_campaign=blackfriday&coupon_no=BLACK12,14388801,Banner,BLACK12,Coupon,"2020-11-20 05:05:00","2021-11-20 05:05:00"
"Black Friday Sale","Best Vet Care","Free Doses & Combo Offers at 12% Off! Place your order now! Apply code- BLACK12",10.00%,https://www.dpbolvw.net/click-100179843-14383256-1605684600000,https://www.bestvetcare.com/nexgard-for-dogs/flea-and-tick-treatment-279.aspx?utm_source=cjtext&utm_campaign=blackfriday&coupon_no=BLACK12,14383256,"Text Link",BLACK12,Coupon,"2020-11-17 23:35:00","2021-11-17 23:35:00"
"Black Friday Sale","Best Vet Care","Get Pet Supplies Combo Offers & Save Maximum This Year. Hurry Up! Order Now! Use Code- BLACK12",10.00%,https://www.jdoqocy.com/click-100179843-14383260-1605684903000,https://www.bestvetcare.com/heartgard-plus-for-dogs/heartwormers-treatment-34.aspx?utm_source=cjtext&utm_campaign=blackfriday&coupon_no=BLACK12,14383260,"Text Link",BLACK12,Coupon,"2020-11-17 23:40:00","2021-11-17 23:40:00"
"Thanksgiving Sale","Best Vet Care","On This Thanksgiving, we are providing 20% discount on purchase of pet supplies + Free Shipping. SHOP NOW! Offer Valid for Nov 25th & 26th 2020 only. Use code: GIVING20",10.00%,https://www.dpbolvw.net/click-100179843-14371359-1605609964000,https://www.bestvetcare.com/heartgard-plus-for-dogs/heartwormers-treatment-34.aspx?utm_source=cjbanner&utm_campaign=thanksgiving2020&coupon_no=GIVING20,14371359,Banner,GIVING20,Coupon,"2020-11-09 04:52:00","2021-11-09 04:52:00"
"Thanksgiving Sale","Best Vet Care","Boom! Our Thanksgiving Sale is Live! Get 20% Off on every order. Offer Valid for Nov 25th & 26th 2020 only. Apply Code: GIVING20",10.00%,https://www.kqzyfj.com/click-100179843-14371360-1605609917000,https://www.bestvetcare.com/nexgard-for-dogs/flea-and-tick-treatment-279.aspx?utm_source=cjbanner&utm_campaign=thanksgiving2020&coupon_no=GIVING20,14371360,Banner,GIVING20,Coupon,"2020-11-09 05:00:00","2021-11-09 05:00:00"
"Thanksgiving Sale","Best Vet Care","The Best Early Thanksgiving Deals Are Here! Save 20% Extra on your purchase on Nov 25th & 26th 2020 only. Use Code: GIVING20",10.00%,https://www.jdoqocy.com/click-100179843-14371361-1605610006000,https://www.bestvetcare.com/heartgard-plus-for-dogs/heartwormers-treatment-34.aspx?utm_source=cjbanner&utm_campaign=thanksgiving2020&coupon_no=GIVING20,14371361,Banner,GIVING20,Coupon,"2020-11-09 05:00:00","2021-11-09 05:01:00"
"Thanksgiving Sale","Best Vet Care","On This Thanksgiving, we are providing 20% discount on purchase of pet supplies + Free Shipping. SHOP NOW! Offer Valid for Nov 25th & 26th 2020 only. Use code: GIVING20",10.00%,https://www.tkqlhce.com/click-100179843-14371339-1605609766000,https://www.bestvetcare.com/nexgard-for-dogs/flea-and-tick-treatment-279.aspx?utm_source=cjbanner&utm_campaign=thanksgiving2020&coupon_no=GIVING20,14371339,Banner,GIVING20,Coupon,"2020-11-09 04:40:00","2021-11-09 04:40:00"
"11.11 Flash Combo Deals","Best Vet Care","11.11 Flash Combo Deals. Extra 10% + 11% Discount & Free Shipping on Every Purchase. Offer Valid From Nov 6th – 11th, 2020. Use Code- BESTNOV20",10.00%,https://www.dpbolvw.net/click-100179843-14366973-1604471956000,https://www.bestvetcare.com/nexgard-for-dogs/flea-and-tick-treatment-279.aspx?utm_source=cjbanner&utm_campaign=1111&coupon_no=BESTNOV20,14366973,Banner,BESTNOV20,Coupon,"2020-11-03 21:05:00","2021-11-03 22:05:00"
"11.11 Flash Combo Deals","Best Vet Care","Shop for any Pet Supplies at Lowest Price + Free Shipping. Offer Valid From Nov 6th – 11th, 2020. Use Code- BESTNOV20",10.00%,https://www.kqzyfj.com/click-100179843-14366972-1604466000000,https://www.bestvetcare.com/revolution-for-cats/flea-and-tick-treatment-56.aspx?utm_source=cjtext&utm_campaign=1111&coupon_no=BESTNOV20,14366972,"Text Link",BESTNOV20,Coupon,"2020-11-03 21:05:00","2021-11-03 22:05:00"
"11.11 Flash Combo Deals","Best Vet Care","11.11 Flash Combo Deals. Extra 10% + 11% Discount & Free Shipping on Every Purchase. Offer Valid From Nov 6th – 11th, 2020. Use Code- BESTNOV20",10.00%,https://www.jdoqocy.com/click-100179843-14366978-1604472723000,https://www.bestvetcare.com/nexgard-for-dogs/flea-and-tick-treatment-279.aspx?utm_source=cjbanner&utm_campaign=1111&coupon_no=BESTNOV20,14366978,Banner,BESTNOV20,Coupon,"2020-11-03 22:55:00","2021-11-03 23:55:00"
"Halloween Sale","Best Vet Care","Halloween is around the corner! Grab  15% discount on all orders + Free shipping on all orders. Usecode: HLWN15",10.00%,https://www.dpbolvw.net/click-100179843-14362606-1604053776000,https://www.bestvetcare.com/frontline-plus-for-dogs/flea-and-tick-treatment-3.aspx?utm_source=CJ&utm_campaign=Halloween&coupon_no=HLWN15,14362606,Banner,HLWN15,Coupon,"2020-10-30 00:39:00","2021-10-29 11:30:00"
"Summer sale 2020","Best Vet Care","Now this is called ultimate sale of the year! Summer sale provides complete pet safety worldwide with assured delivery by BestVetCare at lowest prices. Just use SUM12 to avail the discount.",10.00%,https://www.dpbolvw.net/click-100179843-14011278-1585117047000,https://www.bestvetcare.com/?utm_source=cjbanner&utm_medium=sum12&utm_campaign=summer-banner-2020&coupon_no=SUM12,14011278,Banner,SUM12,Coupon,"2020-03-24 23:21:00","2021-05-04 11:30:00"
"New Customer Discount","Best Vet Care","Take 20% Extra Off on First Purchase at BestVetCare.com + Free Shipping on Everything. Use Coupon: BVCFIRST20 at checkout, Limited Time Only!",10.00%,https://www.anrdoezrs.net/click-100179843-13814061-1567062715000,https://www.bestvetcare.com?utm_source=cjbanner&utm_campaign=firstorder&coupon_no=BVCFIRST20,13814061,Banner,BVCFIRST20,Coupon,"2019-08-29 03:11:00","2021-08-30 11:30:00"
"20% Off on First Order","Best Vet Care","New Customer? Get 20% Extra Discount on Your First Order + Free Shipping Sitewide. Use Code: BVC1ST at Checkout.",10.00%,https://www.jdoqocy.com/click-100179843-13814060-1567062417000,https://www.bestvetcare.com?utm_source=cjbanner&utm_campaign=firstorder&coupon_no=BVC1ST,13814060,Banner,BVC1ST,Coupon,"2019-08-29 03:06:00","2021-08-30 11:30:00"
"Get your first 5 day program for only $99 plus shipping with code SaveOn5","Bistro MD","Get your first 5 day program for only $99 plus shipping with code SaveOn5","USD 45.00",https://www.kqzyfj.com/click-100179843-14432238-1610131384000,https://www.bistromd.com/coupon-discount-code?utm_source=CJ&utm_medium=Affiliate,14432238,"Text Link",SaveOn5,Coupon,"2018-11-15 16:02:00","2024-12-31 23:59:00"
"Jecca Blac 10 % Off Code PRIDE10","Jecca Blac INT","Jecca Blac Code PRIDE10
",8.00%,https://www.kqzyfj.com/click-100179843-14446389-1612867429000,https://jeccablac.com/collections/shop-all,14446389,"Text Link",PRIDE10,Coupon,"2021-02-05 07:40:00","2021-12-30 15:00:00"
"Jecca Blac 15 % Off Code PRIDE15","Jecca Blac INT","Jecca Blac Code PRIDE15
",8.00%,https://www.jdoqocy.com/click-100179843-14446276-1612867486000,https://jeccablac.com/collections/shop-all,14446276,"Text Link",PRIDE15,Coupon,"2021-02-05 07:44:00","2021-12-30 15:00:00"
"USA + CA - Jecca Blac 10 % Off Code PRIDE10","Jecca Blac INT","Jecca Blac Code PRIDE10",8.00%,https://www.kqzyfj.com/click-100179843-14446391-1612539621000,https://us.jeccablac.com/collections/shop-all,14446391,"Text Link",PRIDE10,Coupon,"2021-02-05 07:39:00","2021-12-30 15:00:00"
"USA + CA - Jecca Blac 15 % Off Code PRIDE15","Jecca Blac INT","Jecca Blac Code PRIDE15
",8.00%,https://www.tkqlhce.com/click-100179843-14446274-1612539737000,https://us.jeccablac.com/collections/shop-all,14446274,"Text Link",PRIDE15,Coupon,"2021-02-05 07:41:00","2021-12-30 15:00:00"
"Hats.com: 15% off for new email signup","Bollman Hat Co.","15% off welcome coupon for new email signup",10.00%,https://www.dpbolvw.net/click-100179843-13285481-1537543000000,https://www.hats.com/,13285481,"Text Link",,Coupon,"2018-04-03 20:59:00","2025-04-02 21:00:00"
"US Mother's Day Offer - 15% OFF ",Boomf,"Code SURPRISEMOM applies to 15% off Boomf products excluding Gift
Boxes, Add on Gifts, Flowers and any shipping costs. Code valid between *Monday
12th April* to Friday 7th May.
","5.00% - 8.00%",https://www.dpbolvw.net/click-100179843-14503275-1617987940000,https://boomf.com/boomf-bomb,14503275,"Text Link",SURPRISEMOM,Coupon,"2021-04-12 00:00:00","2021-05-07 23:59:00"
"Get £5/$5/€5 off an Order of 2 Personalized Marshmallow Packs with code: SQUEEZEME",Boomf,"Get £5/$5/€5 off an Order of 2 Personalized Marshmallow Packs with code: SQUEEZEME","5.00% - 8.00%",https://www.kqzyfj.com/click-100179843-14084269-1610537963000,https://boomf.com/boomf-balloon,14084269,"Text Link",SQUEEZEME,Coupon,"2020-06-30 13:42:00","2025-07-31 00:00:00"
"Buy 2 products and get 15% off with voucher code: YAY15",Boomf,"Buy 2 products and get 15% off with voucher code: YAY15","5.00% - 8.00%",https://www.kqzyfj.com/click-100179843-14084271-1610537963000,https://boomf.com/boomf-balloon,14084271,"Text Link",YAY15,Coupon,"2020-06-30 13:42:00","2025-07-31 00:00:00"
"Get 10% off your purchase with code: SURPRISEME",Boomf,"Get 10% off your purchase with code: SURPRISEME","5.00% - 8.00%",https://www.kqzyfj.com/click-100179843-14084272-1610537963000,https://boomf.com/boomf-balloon,14084272,"Text Link",SURPRISEME,Coupon,"2020-06-30 13:42:00","2025-07-31 00:00:00"
"Botanic Choice - $10 Off $50 - 10AF50","Botanic Choice","Botanic Choice $10 Off Coupon provides a dollar off discount + free shipping on orders $50+. Features our Detox & Cleanses to celebrate the season of Spring!",8.00%,https://www.jdoqocy.com/click-100179843-14491658-1616703951000,https://www.botanicchoice.com/?src=10AF50,14491658,Banner,10AF50,Coupon,"2021-03-31 22:00:00","2021-04-30 21:59:00"
"Botanic Choice - Buy 2 Get 3 Free - 21Surprise","Botanic Choice","Botanic Choice Surprise Coupon provides a buy and get free sale + free shipping on orders $70+. Features our buy and get free category to celebrate the season of Spring Sales!",8.00%,https://www.tkqlhce.com/click-100179843-14491665-1616768349000,https://www.botanicchoice.com/?src=21SURPRISE,14491665,Banner,21SURPRISE,Coupon,"2021-03-31 22:00:00","2021-04-30 21:59:00"
"Botanic Choice - $10 Off $50 Orders","Botanic Choice","Botanic Choice 21SURPRISE Coupon provides a buy and get free sale + free shipping on $70 orders. Features our Buy and Get Free products to celebrate the season of Spring!",8.00%,https://www.dpbolvw.net/click-100179843-14491676-1616705496000,https://www.botanicchoice.com/?src=21SURPRISE,14491676,"Text Link",21SURPRISE,Coupon,"2021-03-31 22:00:00","2021-04-30 21:59:00"
"Botanic Choice - $10 Off $50 Orders","Botanic Choice","Botanic Choice LUCKY21 Coupon provides a 10% or 15% off discount on 25$ or $50 orders + free shipping on orders $50+. Features our New Products to celebrate the month of feeling lucky!",8.00%,https://www.tkqlhce.com/click-100179843-14491661-1616703870000,https://www.botanicchoice.com/?src=10AF50,14491661,"Text Link",10AF50,Coupon,"2021-03-31 22:00:00","2021-04-30 21:59:00"
"Get 10% Off. Use Code: RAND10","Brain Sensei","Get 10% Off The Complete PMP Exam Prep & The Complete CAPM Exam Prep! Use Code: RAND10",10.00%,https://www.dpbolvw.net/click-100179843-14501964-1617884319000,https://brainsensei.com,14501964,"Text Link",RAND10,Coupon,"2020-08-31 17:55:00","2021-06-30 08:00:00"
"Subscribe and Save 10% On Every Product With Auto-Ship!","Brick House","Subscribe and Save 10% On Every Product With Auto-Ship!",15.00%,https://www.anrdoezrs.net/click-100179843-14064673-1591122700000,https://brickhousenutrition.com/,14064673,"Text Link",,Coupon,"2020-06-02 00:00:00","2025-06-23 00:00:00"
"Get 5% Off Sitewide With Code HONEY5!","Brick House","Get 5% Off Sitewide With Code HONEY5!",15.00%,https://www.anrdoezrs.net/click-100179843-14079121-1592938539000,https://brickhousenutrition.com/,14079121,"Text Link",HONEY5,Coupon,"2020-06-02 00:00:00","2025-06-23 00:00:00"
"My Bargain Buddy","Brick House","Get 10% Off Sitewide With Promo BARGAIN10 At Checkout!",15.00%,https://www.anrdoezrs.net/click-100179843-14089640-1594277383000,https://brickhousenutrition.com/,14089640,"Text Link",BARGAIN10,Coupon,"2020-07-08 00:00:00","2026-02-13 00:00:00"
"Get $10 Off Orders $100+ With Code HONEY100!","Brick House","Get $10 Off Orders $100+ With Code HONEY100!",15.00%,https://www.kqzyfj.com/click-100179843-14079122-1592938569000,https://brickhousenutrition.com/,14079122,"Text Link",HONEY100,Coupon,"2020-06-02 00:00:00","2025-06-23 00:00:00"
"Take 10% Off Your Purchase at BuddyLove.com with Code AF10",BuddyLove,"Take 10% Off Your Purchase at BuddyLove.com with Code AF10",10.00%,https://www.anrdoezrs.net/click-100179843-14316515-1599016481000,https://www.buddylove.com,14316515,"Text Link",AF10,Coupon,"2020-09-01 20:00:00","2050-09-01 20:00:00"
"Take 15% off Orders of $60 or more with code CJKEEP15 at CookiesByDesign.com!","Cookies by Design","Take 15% off Orders of $60 or more with code CJKEEP15 at CookiesByDesign.com! ",10.00%,https://www.tkqlhce.com/click-100179843-13595519-1605811096000,https://www.cookiesbydesign.com/,13595519,"Text Link",CJKEEP15,Coupon,"2019-01-31 21:00:00","2021-12-31 23:59:00"
"Take 10% off Orders of $40 or more with code CJKEEP10 at CookiesByDesign.com!","Cookies by Design","Take 10% off Orders of $40 or more with code CJKEEP10 at CookiesByDesign.com!",10.00%,https://www.anrdoezrs.net/click-100179843-13595518-1605811112000,https://www.cookiesbydesign.com/,13595518,"Text Link",CJKEEP10,Coupon,"2019-01-31 21:00:00","2021-12-31 23:59:00"
"Take 20% off Orders of $80 or more with code CJKEEP20 at CookiesByDesign.com!","Cookies by Design","Take 20% off Orders of $80 or more with code CJKEEP20 at CookiesByDesign.com!",10.00%,https://www.kqzyfj.com/click-100179843-13595520-1605811127000,https://www.cookiesbydesign.com/,13595520,"Text Link",CJKEEP20,Coupon,"2019-01-31 21:00:00","2021-12-31 23:59:00"
"Get 10% off all CalChamber Store products and training (no membership) with code AFTS10",CalChamber,"Get 10% off all CalChamber Store products and training (no membership) with code AFTS10",15.00%,https://www.tkqlhce.com/click-100179843-14468721-1617320033000,https://store.calchamber.com/,14468721,"Text Link",AFTS10,Coupon,"2021-03-03 10:00:00","2022-01-01 00:00:00"
"Get 10% off CalChamber Harassment Prevention Training with code AFT10",CalChamber,"Get 10% off CalChamber Harassment Prevention Training with code AFT10",15.00%,https://www.anrdoezrs.net/click-100179843-14468720-1617319920000,https://store.calchamber.com/,14468720,"Text Link",AFT10,Coupon,"2021-03-03 10:00:00","2022-01-01 00:00:00"
"Heartworm Awareness Month ","Canada Pet Care","Buy More, Save More on Heartworm Preventatives + Get Extra 15% Off with Free Shipping.  Earn Reward Points. Use Code: HWSALE15. Order Now!",10.00%,https://www.jdoqocy.com/click-100179843-14499222-1617606151000,https://www.canadapetcare.com/revolution-for-dogs/heartwormers-treatment-12.aspx?utm_source=cj&utm_campaign=heartwormonth&coupon_no=HWSALE15,14499222,Banner,HWSALE15,Coupon,"2021-04-05 01:02:00","2021-04-29 11:30:00"
"🌼🐶 Spring Deals","Canada Pet Care","🌼🐶 Spring Deals - 12% off this weekend! ! Cheapest Pet Supplies + Earn Reward Points, Get Free Shipping on Everything. Use coupon Code: SPCPC12",10.00%,https://www.kqzyfj.com/click-100179843-14465412-1613737800000,https://www.canadapetcare.com/frontline-plus-for-dogs/flea-and-tick-control-treatment-3.aspx?utm_source=cj&utm_camapign=spring2021&coupon_no=SPCPC12,14465412,Banner,SPCPC12,Coupon,"2021-02-19 06:24:00","2022-04-29 11:30:00"
"This Valentine's brings Extra 12% Discount","Canada Pet Care","Pet Lover's Offer! This Valentine's brings Extra 12% Discount & Free Shipping on all Pet Supplements. Use Code: LOVEDAY",10.00%,https://www.jdoqocy.com/click-100179843-14455407-1612785604000,https://www.canadapetcare.com/nexgard-for-dogs/flea-and-tick-control-treatment-279.aspx?utm_source=ls&utm_campaign=valentine2021&coupon_no=LOVEDAY,14455407,Banner,LOVEDAY,Coupon,"2021-02-08 05:57:00","2022-03-30 11:30:00"
"We're EXTRA thankful today","Canada Pet Care","We're EXTRA thankful today: Extra 20% off + Earn Reward Points & free shipping. Use Coupon: THNKS20",10.00%,https://www.dpbolvw.net/click-100179843-14376069-1605159237000,https://www.canadapetcare.com/revolution-for-cats/flea-and-tick-control-treatment-56.aspx?utm_source=cj&utm_camapign=thanksgiving2020&coupon_no=THNKS20,14376069,Banner,THNKS20,Coupon,"2020-11-22 10:30:00","2021-06-29 11:30:00"
"Gear Up for Thanksgiving","Canada Pet Care","Gear Up for Thanksgiving—Free Shipping + 20% Off Everything Inside, Earn Reward Points. Use Coupon: THNKS20",10.00%,https://www.kqzyfj.com/click-100179843-14376068-1605159089000,https://www.canadapetcare.com/heartgard-plus-for-dogs/heartwormers-treatment-34.aspx?utm_source=cj&utm_camapign=thanksgiving2020&coupon_no=THNKS20,14376068,Banner,THNKS20,Coupon,"2020-11-22 10:30:00","2021-06-11 11:30:00"
"Happy Halloween! ","Canada Pet Care","Don't get spooked! We just want to offer you 15% off Your Order + Reward Points! Use coupon Code: CPCHD15",10.00%,https://www.tkqlhce.com/click-100179843-14356457-1605158699000,https://www.canadapetcare.com/heartgard-plus-for-dogs/heartwormers-treatment-34.aspx?utm_source=cj&utm_camapign=halloween2020&coupon_no=CPCHD15,14356457,"Text Link",CPCHD15,Coupon,"2020-10-23 03:39:00","2021-11-29 10:30:00"
"Halloween Sale 2020","Canada Pet Care","Halloween is Near and the Deals are HERE! Get FLAT 15% Off on All Pet Products & Free Shipping, Earn Reward Points.  Use coupon Code: CPCHD15.",10.00%,https://www.dpbolvw.net/click-100179843-14356415-1605158772000,https://www.canadapetcare.com/revolution-for-cats/flea-and-tick-control-treatment-56.aspx?utm_source=cj&utm_camapign=halloween2020&coupon_no=CPCHD15,14356415,Banner,CPCHD15,Coupon,"2020-10-23 03:16:00","2021-11-29 10:30:00"
"15% off Holiday Super Sale","Canada Pet Care","Exclusive! 15% off Holiday Super Sale! + Free Shipping & Reward Points.  Use coupon code “HDAYS15” at checkout and get ready for your pet to thank you!",10.00%,https://www.anrdoezrs.net/click-100179843-14353948-1603264040000,https://www.canadapetcare.com/nexgard-for-dogs/flea-and-tick-control-treatment-279.aspx?utm_source=cj&utm_campaign=HolidaySale2020&Coupon_no=HDAYS15,14353948,Banner,HDAYS15,Coupon,"2020-10-21 02:06:00","2021-12-30 10:30:00"
"Simparica Trio: Save Big Today!","Canada Pet Care","Simparica TRIO: Protect them with all your heart! Save 12% Extra + Free Shipping till Limited Time Only! Use Coupon: SPTRIO12",10.00%,https://www.jdoqocy.com/click-100179843-14065992-1591271390000,https://www.canadapetcare.com/simparica-trio-for-dogs/flea-and-tick-control-treatment-492.aspx?utm_source=cjbanner,14065992,Banner,SPTRIO12,Coupon,"2020-06-04 04:45:00","2021-12-30 10:30:00"
"Easter Sale","Canada Pet Care","Don't Miss Out On These Eggs-traordinary Offers! Savings On Pet Supplies with 12% Extra OFF + Free Shipping. Use Coupon: EASTER12
",10.00%,https://www.dpbolvw.net/click-100179843-14014633-1585555759000,https://www.canadapetcare.com/?utm_source=cjtext&utm_campaign=EasterSale&coupon_no=EASTER12,14014633,"Text Link",EASTER12,Coupon,"2020-03-30 01:07:00","2021-12-30 10:30:00"
"Summer Sale","Canada Pet Care","Massive Summer Discount! 12% Extra OFF, The Biggest Discount for this Summer Season! Use Code: PRESUM12
",10.00%,https://www.jdoqocy.com/click-100179843-14010055-1585030686000,https://www.canadapetcare.com/?utm_source=cj_banner&utm_campaign=SummerSale&coupon_no=PRESUM12,14010055,Banner,PRESUM12,Coupon,"2020-03-23 23:17:00","2021-12-30 10:30:00"
"St. Patrick's Day Sale","Canada Pet Care","<link>St. Patrick's Day</link>You are in luck as your Pet Supplies have become cheaper. Use Code: PATRICK12 & Get 12% Extra OFF & Free Shipping!
",10.00%,https://www.anrdoezrs.net/click-100179843-14004480-1584446297000,https://www.canadapetcare.com/?utm_source=CJBanner&utm_campaign=St-Patricks-Day&coupon_no=PATRICK12,14004480,Banner,PATRICK12,Coupon,"2020-03-17 04:57:00","2021-12-30 10:30:00"
"Lucky St. Patrick's Day Deal","Canada Pet Care","<link>St. Patrick's Day</link>You are in luck as your Pet Supplies have become cheaper. Use Code: PATRICK12 & Get 12% Extra OFF & Free Shipping!
",10.00%,https://www.anrdoezrs.net/click-100179843-14004474-1584446112000,https://www.canadapetcare.com/?utm_source=CJBanner&utm_campaign=St-Patricks-Day&coupon_no=PATRICK12,14004474,Banner,PATRICK12,Coupon,"2020-03-17 04:54:00","2021-12-30 10:30:00"
"St. Patrick's Day Sale","Canada Pet Care","<link>St. Patrick's Day</link> St. Patrick Day Sale! Get 12% Extra Discount & Free Shipping on all your Pet Supplies! Use Coupon: PATRICK12
",10.00%,https://www.anrdoezrs.net/click-100179843-14004485-1584446382000,https://www.canadapetcare.com/?utm_source=CJBanner&utm_campaign=St-Patricks-Day&coupon_no=PATRICK12,14004485,Banner,PATRICK12,Coupon,"2020-03-17 04:59:00","2021-12-30 10:30:00"
"Get EUR 100 discount, use code: BEL100SUM","Belvilla EU","Get EUR 100 discount, use code: BEL100SUM

Terms & conditions  
100 Euro Discount code
The discount is valid on all bookings made till March 31, 2021
The discount is valid on all stays till June 30, 2021
This is a fixed discount of EUR100 with a minimum booking value of EUR1100",4.50%,https://www.tkqlhce.com/click-100179843-14430918-1616683121000,https://www.belvilla.de/,14430918,"Text Link",BEL100SUM,Coupon,"2021-01-06 16:00:00","2021-04-30 15:59:00"
"FR Get 5% Discount on all homestays, use code: BEL5","Belvilla EU","Get 5% Discount on all homestays, use code: BEL5
Terms & conditions
Booking can be made until March 31st 2021  
5% discount applicable across all homes for a stay till June 30, 2021
Min. booking value of EUR 500",4.50%,https://www.anrdoezrs.net/click-100179843-14430946-1616681435000,https://www.belvilla.fr/,14430946,"Text Link",BEL5,Coupon,"2021-01-06 16:00:00","2021-04-30 15:59:00"
"DE Get 5% Discount on all homestays, use code: BEL5","Belvilla EU","Get 5% Discount on all homestays, use code: BEL5
Terms & conditions
Booking can be made until March 31st 2021  
5% discount applicable across all homes for a stay till June 30, 2021
Min. booking value of EUR 500",4.50%,https://www.anrdoezrs.net/click-100179843-14430945-1616681402000,https://www.belvilla.de/,14430945,"Text Link",BEL5,Coupon,"2021-01-06 16:00:00","2021-04-30 15:59:00"
"DE Get 15% Off, book with Belvilla, use code: EASTERBEL15","Belvilla EU","Get 15% Off, book with Belvilla.

Max Discount cap: EUR 100
No Minimum order value 
Valid till : 31st March, 2021
Stay up to : 31st December'2021",4.50%,https://www.jdoqocy.com/click-100179843-14457538-1616681252000,https://www.belvilla.de/,14457538,"Text Link",EASTERBEL15,Coupon,"2021-02-10 03:44:00","2021-04-29 16:00:00"
"Get EUR 100 discount, use code: BEL100SUM","Belvilla EU","Get EUR 100 discount, use code: BEL100SUM

Terms & conditions  
100 Euro Discount code
The discount is valid on all bookings made till March 31, 2021
The discount is valid on all stays till June 30, 2021
This is a fixed discount of EUR100 with a minimum booking value of EUR1100",4.50%,https://www.dpbolvw.net/click-100179843-14430917-1616683060000,https://nl.belvilla.be/,14430917,"Text Link",BEL100SUM,Coupon,"2021-01-06 16:00:00","2021-04-30 06:37:00"
"NL-BE Get 15% Off, book with Belvilla, use code: EASTERBEL15","Belvilla EU","Get 15% Off, book with Belvilla.

Max Discount cap: EUR 100
No Minimum order value 
Valid till : 31st March, 2021
Stay up to : 31st December'2021",4.50%,https://www.tkqlhce.com/click-100179843-14457536-1616681187000,https://nl.belvilla.be/,14457536,"Text Link",EASTERBEL15,Coupon,"2021-02-10 03:44:00","2021-04-29 16:00:00"
"NL-BE Get 5% Discount on all homestays, use code: BEL5","Belvilla EU","Get 5% Discount on all homestays, use code: BEL5
Terms & conditions
Booking can be made until March 31st 2021  
5% discount applicable across all homes for a stay till June 30, 2021
Min. booking value of EUR 500",4.50%,https://www.kqzyfj.com/click-100179843-14430944-1616681855000,https://nl.belvilla.be/,14430944,"Text Link",BEL5,Coupon,"2021-01-06 16:00:00","2021-04-30 15:59:00"
"FR-BE Get 7% Discount on all homestays, use code: BEL7","Belvilla EU","Get 7% Discount on all homestays, use code: BEL7

Terms & conditions
Booking can be made until March 31st 2021  
7% discount applicable across all homes for a stay till June 30, 2021
Min. booking value of EUR 701",4.50%,https://www.anrdoezrs.net/click-100179843-14430937-1616682716000,https://fr.belvilla.be/,14430937,"Text Link",BEL7,Coupon,"2021-01-06 16:00:00","2021-04-30 15:59:00"
"Get EUR 100 discount, use code: BEL100SUM","Belvilla EU","Get EUR 100 discount, use code: BEL100SUM

Terms & conditions  
100 Euro Discount code
The discount is valid on all bookings made till March 31, 2021
The discount is valid on all stays till June 30, 2021
This is a fixed discount of EUR100 with a minimum booking value of EUR1100",4.50%,https://www.jdoqocy.com/click-100179843-14430916-1616682962000,https://fr.belvilla.be/,14430916,"Text Link",BEL100SUM,Coupon,"2021-01-06 16:00:00","2021-04-30 15:59:00"
"NL Get 7% Discount on all homestays, use code: BEL7","Belvilla EU","Get 7% Discount on all homestays, use code: BEL7

Terms & conditions
Booking can be made until March 31st 2021  
7% discount applicable across all homes for a stay till June 30, 2021
Min. booking value of EUR 700",4.50%,https://www.kqzyfj.com/click-100179843-14430936-1616682489000,https://www.belvilla.nl/,14430936,"Text Link",BEL7,Coupon,"2021-01-06 16:00:00","2021-04-30 15:59:00"
"Get EUR 100 discount, use code: BEL100SUM","Belvilla EU","Get EUR 100 discount, use code: BEL100SUM

Terms & conditions  
100 Euro Discount code
The discount is valid on all bookings made till March 31, 2021
The discount is valid on all stays till June 30, 2021
This is a fixed discount of EUR100 with a minimum booking value of EUR1100",4.50%,https://www.anrdoezrs.net/click-100179843-14430920-1616683090000,https://www.belvilla.co.uk/,14430920,"Text Link",BEL100SUM,Coupon,"2021-01-06 16:00:00","2021-04-30 15:59:00"
"UK Get 7% Discount on all homestays, use code: BEL7","Belvilla EU","Get 7% Discount on all homestays, use code: BEL7

Terms & conditions
Booking can be made until March 31st 2021  
7% discount applicable across all homes for a stay till June 30, 2021
Min. booking value of EUR 705",4.50%,https://www.tkqlhce.com/click-100179843-14430941-1616682924000,https://www.belvilla.co.uk/,14430941,"Text Link",BEL7,Coupon,"2021-01-06 16:00:00","2021-04-30 15:59:00"
"DE Get 7% Discount on all homestays, use code: BEL7","Belvilla EU","Get 7% Discount on all homestays, use code: BEL7

Terms & conditions
Booking can be made until March 31st 2021  
7% discount applicable across all homes for a stay till June 30, 2021
Min. booking value of EUR 703",4.50%,https://www.tkqlhce.com/click-100179843-14430939-1616682833000,https://www.belvilla.de/,14430939,"Text Link",BEL7,Coupon,"2021-01-06 16:00:00","2021-04-30 15:59:00"
"UK Get 5% Discount on all homestays, use code: BEL5","Belvilla EU","Get 5% Discount on all homestays, use code: BEL5
Terms & conditions
Booking can be made until March 31st 2021  
5% discount applicable across all homes for a stay till June 30, 2021
Min. booking value of EUR 500",4.50%,https://www.jdoqocy.com/click-100179843-14430947-1616681473000,https://www.belvilla.co.uk/,14430947,"Text Link",BEL5,Coupon,"2021-01-06 16:00:00","2021-04-30 15:59:00"
"EN Get 15% Off, book with Belvilla, use code: EASTERBEL15","Belvilla EU","Get 15% Off, book with Belvilla.

Max Discount cap: EUR 100
No Minimum order value 
Valid till : 31st March, 2021
Stay up to : 31st December'2021",4.50%,https://www.tkqlhce.com/click-100179843-14457534-1616681024000,https://www.belvilla.com/,14457534,"Text Link",EASTERBEL15,Coupon,"2021-02-10 03:44:00","2021-04-29 16:00:00"
"50 EUR OFF! Use Code: BELOFF50","Belvilla EU","The discount is valid on all bookings made up till April 30, 2021. The discount is valid on all stays up till June 30, 2021. This is a fixed discount of €50 with a minimum booking value of € 600",4.50%,https://www.tkqlhce.com/click-100179843-14435796-1612464629000,https://www.belvilla.com/,14435796,"Text Link",BELOFF50,Coupon,"2021-01-14 06:53:00","2021-04-30 15:59:00"
"Get EUR 100 discount, use code: BEL100SUM","Belvilla EU","Terms & conditions  
100 Euro Discount code
The discount is valid on all bookings made till March 31, 2021
The discount is valid on all stays till June 30, 2021
This is a fixed discount of EUR 100 with a minimum booking value of EUR 1100 
",4.50%,https://www.dpbolvw.net/click-100179843-14430915-1616682447000,https://www.belvilla.nl/,14430915,"Text Link",BEL100SUM,Coupon,"2021-01-06 16:00:00","2021-04-30 15:59:00"
"NL- Get 20% Off, book with Belvilla, use code: BEL20","Belvilla EU","Get 20% Off, book with Belvilla, use code: BEL20

Terms and Conditions:
Code name : BEL20
Discount : 20% off | Max up to 100euros
No minimum order value
Valid till : 31st March, 2021
Stay period validity: 31/12/2021
Not valid on holiday parks",4.50%,https://www.tkqlhce.com/click-100179843-14482309-1616683018000,https://www.belvilla.nl/,14482309,"Text Link",BEL20,Coupon,"2021-03-15 04:01:00","2021-04-30 00:00:00"
"FR-BE Get 15% Off, book with Belvilla, use code: EASTERBEL15","Belvilla EU","Get 15% Off, book with Belvilla. Minimum order value EUR 500

Valid till : 28th Feb'2021
Stay up to : 31st December'2021
Not valid on holiday parks",4.50%,https://www.dpbolvw.net/click-100179843-14457535-1616681218000,https://fr.belvilla.be/,14457535,"Text Link",EASTERBEL15,Coupon,"2021-02-10 03:44:00","2021-04-29 16:00:00"
"75 EUR OFF! Use Code: BELOFF75","Belvilla EU","The discount is valid on all bookings made up till April 30, 2021. The discount is valid on all stays up till June 30, 2021. This is a fixed discount of €75 with a minimum booking value of € 900",4.50%,https://www.jdoqocy.com/click-100179843-14435795-1612464629000,https://www.belvilla.com/,14435795,"Text Link",BELOFF75,Coupon,"2021-01-14 06:53:00","2021-04-30 15:59:00"
"Get EUR 100 discount, use code: BEL100SUM","Belvilla EU","Get EUR 100 discount, use code: BEL100SUM

Terms & conditions  
100 Euro Discount code
The discount is valid on all bookings made till March 31, 2021
The discount is valid on all stays till June 30, 2021
This is a fixed discount of EUR100 with a minimum booking value of EUR1100",4.50%,https://www.kqzyfj.com/click-100179843-14430919-1616683231000,https://www.belvilla.fr/,14430919,"Text Link",BEL100SUM,Coupon,"2021-01-06 16:00:00","2021-04-30 15:59:00"
"FR Get 7% Discount on all homestays, use code: BEL7","Belvilla EU","Get 7% Discount on all homestays, use code: BEL7

Terms & conditions
Booking can be made until March 31st 2021  
7% discount applicable across all homes for a stay till June 30, 2021
Min. booking value of EUR 704",4.50%,https://www.dpbolvw.net/click-100179843-14430940-1616682755000,https://www.belvilla.fr/,14430940,"Text Link",BEL7,Coupon,"2021-01-06 16:00:00","2021-04-30 15:59:00"
"NL-BE Get 7% Discount on all homestays, use code: BEL7","Belvilla EU","Get 7% Discount on all homestays, use code: BEL7

Terms & conditions
Booking can be made until March 31st 2021  
7% discount applicable across all homes for a stay till June 30, 2021
Min. booking value of EUR 702",4.50%,https://www.tkqlhce.com/click-100179843-14430938-1616682867000,https://nl.belvilla.be/,14430938,"Text Link",BEL7,Coupon,"2021-01-06 16:00:00","2021-04-30 15:59:00"
"Easter Bunny Offers","Best Vet Care","Hop into Egg-Celent Deal Online! Load Up Your Basket at 12% Extra Discount + Free Shipping on All Pet Supplies. Coupon: EASTER12",10.00%,https://www.kqzyfj.com/click-100179843-14490880-1616667058000,https://www.bestvetcare.com/nexgard-for-dogs/flea-and-tick-treatment-279.aspx?utm_source=cjbanner&utm_campaign=Easter_Sale&Coupon_no=EASTER12,14490880,Banner,EASTER12,Coupon,"2021-03-25 03:10:00","2022-03-25 03:10:00"
"Spring Season Sale Starts NOW","Best Vet Care","Sale Alert! Spring Season Sale Starts NOW. Get 12% Off on Pet Supplies + Free Shipping. Use Coupon Code: SPDEAL12",10.00%,https://www.jdoqocy.com/click-100179843-14466084-1613979000000,https://www.bestvetcare.com/nexgard-for-dogs/flea-and-tick-treatment-279.aspx?utm_source=cj&utm_campaign=spring-season-sale2021&coupon_no=SPDEAL12,14466084,Banner,SPDEAL12,Coupon,"2021-02-22 01:24:00","2022-04-21 11:30:00"
"Valentine's Sales on Now!","Best Vet Care","Time for love. Valentine's Sales on Now! Get an Instant Discount Of 12% on the Purchase of Pet Essentials. Apply Code: HPPVDAY | SHOP TODAY!",10.00%,https://www.anrdoezrs.net/click-100179843-14456369-1612863231000,https://www.bestvetcare.com/revolution-for-dogs/heartwormers-treatment-12.aspx?utm_source=cj&utm_campaign=valentines2021&coupon_no=HPPVDAY,14456369,Banner,HPPVDAY,Coupon,"2021-02-09 03:33:00","2022-03-30 11:30:00"
"Best Winter Deals on Pet Supplies","Best Vet Care","Get the Best Winter Deals on Pet Supplies Here! Shop for Dog & Cat Supplies at 12% off + Free Shipping*.  Use code: BVCWIN12",10.00%,https://www.tkqlhce.com/click-100179843-14445041-1611728054000,https://www.bestvetcare.com/dogs-supplies-1.aspx?utm_source=cj&utm_campaign=wintersale21&coupon_no=BVCWIN12,14445041,Banner,BVCWIN12,Coupon,"2021-01-27 00:13:00","2022-04-29 11:30:00"
"Winter Sale 2021","Best Vet Care","Buy Branded Pet Supplies & Save 12% Extra using code: BVCWIN12 | SHOP NOW!",10.00%,https://www.jdoqocy.com/click-100179843-14442831-1611387600000,https://www.bestvetcare.com/?utm_source=cjtext&utm_campaign=wintersale21&coupon_no=BVCWIN12,14442831,"Text Link",BVCWIN12,Coupon,"2021-01-22 23:45:00","2022-01-22 23:45:00"
"Cyber Monday Sale 2020","Best Vet Care","Best Cyber Monday Deals! Get 12% Instant Discount on Every order. SHOP NOW! Use code: CYBVC12",10.00%,https://www.dpbolvw.net/click-100179843-14396023-1606218900000,https://www.bestvetcare.com/heartgard-plus-for-dogs/heartwormers-treatment-34.aspx?utm_source=cjbanner&utm_campaign=cybermonday&coupon_no=CYBVC12,14396023,Banner,CYBVC12,Coupon,"2020-11-24 04:00:00","2021-11-24 04:00:00"
"Cyber Monday Sale 2020","Best Vet Care","Save Extra 12% on Purchase of Pet Supplies. Place your order now. Use code: CYBVC12",10.00%,https://www.tkqlhce.com/click-100179843-14396002-1606218300000,https://www.bestvetcare.com/revolution-for-cats/flea-and-tick-treatment-56.aspx?utm_source=cjtext&utm_campaign=cybermonday&coupon_no=CYBVC12,14396002,"Text Link",CYBVC12,Coupon,"2020-11-24 03:50:00","2021-11-24 03:50:00"
"Black Friday Sale","Best Vet Care","Celebrate This Black Friday Sale With Best Combo Deals + Free Doses. Get 12% Instant Discount on every order. Use code- BLACK12",10.00%,https://www.jdoqocy.com/click-100179843-14388794-1605876300000,https://www.bestvetcare.com/revolution-for-cats/flea-and-tick-treatment-56.aspx?utm_source=cjbanner&utm_campaign=blackfriday&coupon_no=BLACK12,14388794,Banner,BLACK12,Coupon,"2020-11-20 04:50:00","2021-11-20 04:50:00"
"Black Friday Sale","Best Vet Care","Huge Savings This Black Friday Sale! Get Pet Supplies Combo Offers & Save Maximum This Year. Hurry Up! Order Now! Use Code- BLACK12",10.00%,https://www.anrdoezrs.net/click-100179843-14388789-1605876303000,https://www.bestvetcare.com/?utm_source=cjbanner&utm_campaign=blackfriday&coupon_no=BLACK12,14388789,Banner,BLACK12,Coupon,"2020-11-20 04:50:00","2021-11-20 04:50:00"
"Black Friday Sale","Best Vet Care","Black Friday Sale 2020! Free Doses & Combo Offers at 12% Off! Place your order now! Apply code- BLACK12",10.00%,https://www.kqzyfj.com/click-100179843-14388751-1605875700000,https://www.bestvetcare.com/nexgard-for-dogs/flea-and-tick-treatment-279.aspx?utm_source=cjbanner&utm_campaign=blackfriday&coupon_no=BLACK12,14388751,Banner,BLACK12,Coupon,"2020-11-20 04:40:00","2021-11-20 04:40:00"
"11.11 Flash Combo Deals","Best Vet Care","Enjoy Extra 10% + 11% Off on 11.11! Shop for any Pet Supplies at Lowest Price + Free Shipping. Offer Valid From Nov 6th – 11th, 2020. Use Code- BESTNOV20",10.00%,https://www.anrdoezrs.net/click-100179843-14366977-1604472600000,https://www.bestvetcare.com/revolution-for-cats/flea-and-tick-treatment-56.aspx?utm_source=cjbanner&utm_campaign=1111&coupon_no=BESTNOV20,14366977,Banner,BESTNOV20,Coupon,"2020-11-03 22:55:00","2021-11-03 23:55:00"
"11.11 Flash Combo Deals","Best Vet Care","Grab Everything at 21% Off + Free Shipping! Sale starts from Nov 6th – 11th, 2020. Use Code- BESTNOV20",10.00%,https://www.tkqlhce.com/click-100179843-14366971-1604464800000,https://www.bestvetcare.com/?utm_source=cjtext&utm_campaign=1111&coupon_no=BESTNOV20,14366971,"Text Link",BESTNOV20,Coupon,"2020-11-03 20:45:00","2021-11-03 21:45:00"
"4th July 2020","Best Vet Care","Get Free shipping + Up to 15% discount on all at Best Vet Care products this Independence day. Coupon Code: IN4TH Place your Order Now!",10.00%,https://www.anrdoezrs.net/click-100179843-14085286-1593671319000,https://www.bestvetcare.com/?utm_source=cjtext&utm_campaign=4thjuly2020&coupon_no=IND4TH,14085286,"Text Link",IND4TH,Coupon,"2020-07-01 23:29:00","2021-07-02 11:30:00"
"4th July 2020","Best Vet Care","Get Free shipping + Up to 15% discount on all at Best Vet Care products this Independence day. Coupon Code: IN4TH Place your Order Now!",10.00%,https://www.tkqlhce.com/click-100179843-14085285-1593671181000,https://www.bestvetcare.com/?utm_source=cjtext&utm_campaign=4thjuly2020&coupon_no=IND4TH,14085285,"Text Link",IND4TH,Coupon,"2020-07-01 23:29:00","2021-07-02 11:30:00"
"Simparica trio 2020","Best Vet Care","New Defender arrive for your Pet with Up to 15% off Use code: STRIO12 + FREE SHIPPING",10.00%,https://www.kqzyfj.com/click-100179843-14069831-1591766784000,https://www.bestvetcare.com/simparica-trio-for-dogs/flea-and-tick-treatment-496.aspx?utm_source=cjbanner&utm_campaign=simparicatrio2020&coupon_no=STRIO12,14069831,Banner,STRIO12,Coupon,"2020-06-09 22:26:00","2021-06-09 11:30:00"
"Simparica trio 2020","Best Vet Care","New Defender arrive for your Pet with Up to 15% off Use code: STRIO12 + FREE SHIPPING",10.00%,https://www.anrdoezrs.net/click-100179843-14069827-1591766299000,https://www.bestvetcare.com/simparica-trio-for-dogs/heartwormers-treatment-497.aspx?utm_source=cjbanner&utm_campaign=simparicatrio2020&coupon_no=STRIO12,14069827,Banner,STRIO12,Coupon,"2020-06-09 22:20:00","2021-06-09 11:30:00"
"Simparica trio 2020","Best Vet Care","New Defender arrive for your Pet with Up to 15% off Use code: STRIO12 + FREE SHIPPING",10.00%,https://www.jdoqocy.com/click-100179843-14069826-1591766012000,https://www.bestvetcare.com/simparica-trio-for-dogs/heartwormers-treatment-497.aspx?utm_source=cjbanner&utm_campaign=simparicatrio2020&coupon_no=STRIO12,14069826,Banner,STRIO12,Coupon,"2020-06-09 22:19:00","2021-04-29 11:30:00"
"Memorial Day 2020","Best Vet Care","Start Early! MEMORIAL DAY WEEKEND PROMO: MEMORIALMAY - Up to 15% off + Free Shipping",10.00%,https://www.kqzyfj.com/click-100179843-14050974-1589524811000,https://www.bestvetcare.com/?utm_source=cjbanner&utm_campaign=memorial2020&coupon_no=MEMORIALMAY,14050974,Banner,MEMORIALMAY,Coupon,"2020-05-15 00:28:00","2021-05-30 11:30:00"
"Easter 2020","Best Vet Care","Easter bunny will bring you greatest sale of the year 2020, Get 12 Discount on each purchase + Free Shipping! Use Code: HOPPY12",10.00%,https://www.dpbolvw.net/click-100179843-14014530-1585551843000,https://www.bestvetcare.com/?utm_source=cjbanner&utm_medium=hoppy12&utm_campaign=easter-banner-2020&coupon_no=HOPPY12,14014530,Banner,HOPPY12,Coupon,"2020-03-30 00:09:00","2021-04-27 11:30:00"
"Easter 2020","Best Vet Care","Easter bunny will bring you greatest sale of the year 2020, Get 12 Discount on each purchase + Free Shipping! Use Code: HOPPY12",10.00%,https://www.anrdoezrs.net/click-100179843-14014521-1585551720000,https://www.bestvetcare.com/?utm_source=cjbanner&utm_medium=hoppy12&utm_campaign=easter-banner-2020&coupon_no=HOPPY12,14014521,Banner,HOPPY12,Coupon,"2020-03-30 00:09:00","2021-04-28 11:30:00"
"First Buy Massive Discount at BestVetCare.com","Best Vet Care","Shopping on BestVetCare.com for the First Time? Get 20% Extra Off + Free Shipping Sitewide. Use Coupon: BVC1STat checkout, Today Only!",10.00%,https://www.dpbolvw.net/click-100179843-13814099-1567064251000,https://www.bestvetcare.com?utm_source=cjbanner&utm_campaign=firstorder&coupon_no=BVC1ST,13814099,Banner,BVC1ST,Coupon,"2019-08-29 03:32:00","2021-08-30 11:30:00"
"Big Discount Deal","Best Vet Care","New Customers Only, 20% OFF on First Order! Grab the Deal now, Limited time Offer! Use Coupon: BVCFIRST20 at checkout for free shipping sitewide.",10.00%,https://www.kqzyfj.com/click-100179843-13814079-1567063853000,https://www.bestvetcare.com?utm_source=cjbanner&utm_campaign=firstorder&coupon_no=BVCFIRST20,13814079,Banner,BVCFIRST20,Coupon,"2019-08-29 04:30:00","2021-08-30 11:30:00"
"Fill Your Easter Basket at Extra Discount","Best Vet Care","Hop into Egg-Celent Deal Online! Load Up Your Basket at 12% Extra Off + Free Shipping on All Pet Supplies. Coupon: EASTER12",10.00%,https://www.anrdoezrs.net/click-100179843-14490883-1616667224000,https://www.bestvetcare.com/heartgard-plus-for-dogs/heartwormers-treatment-34.aspx?utm_source=cjbanner&utm_campaign=Easter_Sale&Coupon_no=EASTER12,14490883,Banner,EASTER12,Coupon,"2021-03-25 03:12:00","2022-03-25 03:12:00"
"Easter Special Deal","Best Vet Care","Hop into Egg-Celent Deal Online! Load Up Your Basket at 12% Extra Discount + Free Shipping on All Pet Supplies. Coupon: EASTER12",10.00%,https://www.kqzyfj.com/click-100179843-14490879-1616667102000,https://www.bestvetcare.com/bravecto-spot-on-for-cats/flea-and-tick-treatment-295.aspx?utm_source=cjbanner&utm_campaign=Easter_Sale&Coupon_no=EASTER12,14490879,Banner,EASTER12,Coupon,"2021-03-25 03:09:00","2022-03-25 03:09:00"
"Eggclusive Easter Sale","Best Vet Care","Hop into Egg-Celent Deal Online! Load Up Your Basket at 12% Extra Discount + Free Shipping on All Pet Supplies. Coupon: EASTER12",10.00%,https://www.kqzyfj.com/click-100179843-14490878-1616666854000,https://www.bestvetcare.com/revolution-for-dogs/heartwormers-treatment-12.aspx?utm_source=cjbanner&utm_campaign=Easter_Sale&Coupon_no=EASTER12,14490878,Banner,EASTER12,Coupon,"2021-03-25 03:07:00","2022-03-25 03:07:00"
"A Valentine's Treat","Best Vet Care","A Valentine's Treat! Get an Instant Discount Of 12% on Pet Supplies + Earn Rewards Points. Apply Coupon: HPPVDAY.",10.00%,https://www.dpbolvw.net/click-100179843-14456370-1612863336000,https://www.bestvetcare.com/bravecto-spot-on-for-cats/flea-and-tick-treatment-295.aspx?utm_source=cj&utm_campaign=valentines2021&coupon_no=HPPVDAY,14456370,Banner,HPPVDAY,Coupon,"2021-02-09 03:35:00","2022-03-30 11:30:00"
"❤️ Love is in this Deal ❤️","Best Vet Care","Get an Instant Discount Of 12% + Free Shipping & Earn Reward Points. Use Coupon : HPPVDAY",10.00%,https://www.anrdoezrs.net/click-100179843-14456371-1612863472000,https://www.bestvetcare.com/nexgard-for-dogs/flea-and-tick-treatment-279.aspx?utm_source=cj&utm_campaign=valentines2021&coupon_no=HPPVDAY,14456371,"Text Link",HPPVDAY,Coupon,"2021-02-09 02:37:00","2022-03-30 11:30:00"
"Winter Sale 2021","Best Vet Care"," Get an Instant Discount Of 12% on the Purchase of Pet Essentials. Apply Code: BVCWIN12 | SHOP TODAY!",10.00%,https://www.jdoqocy.com/click-100179843-14442832-1611387600000,https://www.bestvetcare.com/nexgard-for-dogs/flea-and-tick-treatment-279.aspx?utm_source=cjtext&utm_campaign=wintersale21&coupon_no=BVCWIN12,14442832,"Text Link",BVCWIN12,Coupon,"2021-01-22 23:45:00","2022-01-22 23:45:00"
"Cyber Monday Sale 2020","Best Vet Care","Cyber Monday Sale! Save Extra 12% on Purchase of Pet Supplies. Place your order now. Use code: CYBVC12",10.00%,https://www.jdoqocy.com/click-100179843-14396016-1606218904000,https://www.bestvetcare.com/revolution-for-cats/flea-and-tick-treatment-56.aspx?utm_source=cjbanner&utm_campaign=cybermonday&coupon_no=CYBVC12,14396016,Banner,CYBVC12,Coupon,"2020-11-24 04:00:00","2021-11-24 04:00:00"
"Black Friday Sale","Best Vet Care","Get 12% Instant Discount on every order. Use code- BLACK12",10.00%,https://www.tkqlhce.com/click-100179843-14383259-1605684900000,https://www.bestvetcare.com/?utm_source=cjtext&utm_campaign=blackfriday&coupon_no=BLACK12,14383259,"Text Link",BLACK12,Coupon,"2020-11-17 23:40:00","2021-11-17 23:40:00"
"Thanksgiving Sale","Best Vet Care","The Best Early Thanksgiving Deals Are Here! Save 20% Extra on your purchase on Nov 25th & 26th 2020 only. Use Code: GIVING20",10.00%,https://www.dpbolvw.net/click-100179843-14371356-1605609865000,https://www.bestvetcare.com/revolution-for-cats/flea-and-tick-treatment-56.aspx?utm_source=cjbanner&utm_campaign=thanksgiving2020&coupon_no=GIVING20,14371356,Banner,GIVING20,Coupon,"2020-11-09 04:50:00","2021-11-09 04:50:00"
"Thanksgiving Sale","Best Vet Care","Save 20% Extra on your purchase on Nov 25th & 26th 2020 only. Use Code: GIVING20",10.00%,https://www.anrdoezrs.net/click-100179843-14371337-1605609709000,https://www.bestvetcare.com/revolution-for-cats/flea-and-tick-treatment-56.aspx?utm_source=cjtext&utm_campaign=thanksgiving2020&coupon_no=GIVING20,14371337,"Text Link",GIVING20,Coupon,"2020-11-09 04:40:00","2021-11-09 04:40:00"
"11.11 Flash Combo Deals","Best Vet Care","Enjoy Extra 10% + 11% Off on 11.11! Shop for any Pet Supplies at Lowest Price + Free Shipping. Offer Valid From Nov 6th – 11th, 2020. Use Code- BESTNOV20",10.00%,https://www.tkqlhce.com/click-100179843-14366980-1604473200000,https://www.bestvetcare.com/revolution-for-cats/flea-and-tick-treatment-56.aspx?utm_source=cjbanner&utm_campaign=1111&coupon_no=BESTNOV20,14366980,Banner,BESTNOV20,Coupon,"2020-11-03 23:05:00","2021-11-04 00:05:00"
"11.11 Flash Combo Deals","Best Vet Care","Extra 10% + 11% Discount & Free Shipping on Every Purchase. Offer Valid From Nov 6th – 11th, 2020. Use Code- BESTNOV20",10.00%,https://www.kqzyfj.com/click-100179843-14365847-1604409148000,https://www.bestvetcare.com/nexgard-for-dogs/flea-and-tick-treatment-279.aspx?utm_source=cjtext&utm_campaign=1111&coupon_no=BESTNOV20,14365847,"Text Link",BESTNOV20,Coupon,"2020-11-03 04:55:00","2021-11-03 05:55:00"
"Memorial Day 2020","Best Vet Care","Start Early! MEMORIAL DAY WEEKEND PROMO: MEMORIALMAY - Up to 15% off + Free Shipping",10.00%,https://www.kqzyfj.com/click-100179843-14050966-1589522887000,https://www.bestvetcare.com/?utm_source=cjbanner&utm_campaign=memorial2020&coupon_no=MEMORIALMAY,14050966,Banner,MEMORIALMAY,Coupon,"2020-05-14 23:05:00","2021-05-30 11:30:00"
"Memorial Day 2020","Best Vet Care","Start Early! MEMORIAL DAY WEEKEND PROMO: MEMORIALMAY - Up to 15% off + Free Shipping",10.00%,https://www.kqzyfj.com/click-100179843-14050967-1589523017000,https://www.bestvetcare.com/?utm_source=cjbanner&utm_campaign=memorial2020&coupon_no=MEMORIALMAY,14050967,Banner,MEMORIALMAY,Coupon,"2020-05-14 23:05:00","2021-05-30 11:30:00"
"Memorial Day 2020","Best Vet Care","Start Early! MEMORIAL DAY WEEKEND PROMO: MEMORIALMAY - Up to 15% off + Free Shipping",10.00%,https://www.tkqlhce.com/click-100179843-14050964-1589522471000,https://www.bestvetcare.com/?utm_source=cjbanner&utm_campaign=memorial2020&coupon_no=MEMORIALMAY,14050964,Banner,MEMORIALMAY,Coupon,"2020-05-14 23:05:00","2021-05-30 11:30:00"
"Memorial Day 2020","Best Vet Care","Start Early! MEMORIAL DAY WEEKEND PROMO: MEMORIALMAY - Up to 15% off + Free Shipping",10.00%,https://www.tkqlhce.com/click-100179843-14050965-1589522570000,https://www.bestvetcare.com/?utm_source=cjbanner&utm_campaign=memorial2020&coupon_no=MEMORIALMAY,14050965,Banner,MEMORIALMAY,Coupon,"2020-05-14 23:05:00","2021-05-30 11:30:00"
"Easter 2020","Best Vet Care","Easter bunny will bring you greatest sale of the year 2020, Get 12 Discount on each purchase + Free Shipping! Use Code: HOPPY12",10.00%,https://www.dpbolvw.net/click-100179843-14014538-1585551946000,https://www.bestvetcare.com/?utm_source=cjbanner&utm_medium=hoppy12&utm_campaign=easter-banner-2020&coupon_no=HOPPY12,14014538,Banner,HOPPY12,Coupon,"2020-03-30 00:19:00","2021-04-29 11:30:00"
"Summer sale 2020","Best Vet Care","Now this is called ultimate sale of the year! Summer sale provides complete pet safety worldwide with assured delivery by BestVetCare at lowest prices. Just use SUM12 to avail the discount.",10.00%,https://www.anrdoezrs.net/click-100179843-14011290-1585122496000,https://www.bestvetcare.com/?utm_source=cjbanner&utm_medium=sum12&utm_campaign=summer-banner-2020&coupon_no=SUM12,14011290,Banner,SUM12,Coupon,"2020-03-25 00:55:00","2021-04-26 11:30:00"
"Summer sale 2020","Best Vet Care","Now this is called ultimate sale of the year! Summer sale provides complete pet safety worldwide with assured delivery by BestVetCare at lowest prices. Just use SUM12 to avail the discount.",10.00%,https://www.dpbolvw.net/click-100179843-14011287-1585121967000,https://www.bestvetcare.com/?utm_source=cjbanner&utm_medium=sum12&utm_campaign=summer-banner-2020&coupon_no=SUM12,14011287,Banner,SUM12,Coupon,"2020-03-25 01:04:00","2021-04-26 11:30:00"
"Easter Savings Offer","Best Vet Care","Hop into Egg-Celent Deal Online! Load Up Your Basket at 12% Extra Discount + Free Shipping on All Pet Supplies. Coupon: EASTER12",10.00%,https://www.jdoqocy.com/click-100179843-14490875-1616666760000,https://www.bestvetcare.com/bravecto-for-dogs/flea-and-tick-treatment-278.aspx?utm_source=cjbanner&utm_campaign=Easter_Sale&Coupon_no=EASTER12,14490875,Banner,EASTER12,Coupon,"2021-03-25 03:05:00","2022-03-25 03:05:00"
"Ready for Spring Season Sale?","Best Vet Care","Ready for Spring Season Sale? 12% Off + Free Shipping. Buy Pet Supplies for Dogs & Cats at the Lowest Prices. Apply Coupon: SPDEAL12.",10.00%,https://www.tkqlhce.com/click-100179843-14466081-1613976277000,https://www.bestvetcare.com/heartgard-plus-for-dogs/heartwormers-treatment-34.aspx?utm_source=cj&utm_campaign=spring-season-sale2021&coupon_no=SPDEAL12,14466081,Banner,SPDEAL12,Coupon,"2021-02-22 00:44:00","2022-04-29 11:30:00"
"Valentine's Sales on Now!","Best Vet Care","Time for love. Valentine's Sales on Now! Get an Instant Discount Of 12% on the Purchase of Pet Essentials. Apply Code: HPPVDAY | SHOP TODAY!",10.00%,https://www.jdoqocy.com/click-100179843-14456367-1612863000000,https://www.bestvetcare.com/cats-supplies-2.aspx?utm_source=LC&utm_campaign=valentines-sale-2021&coupon_no=HPPVDAY,14456367,Banner,HPPVDAY,Coupon,"2021-02-09 02:28:00","2022-03-30 11:30:00"
"Winter Sale 2021","Best Vet Care","Shop for Dog & Cat Supplies at 12% off + Free Shipping*.  Use code: BVCWIN12",10.00%,https://www.dpbolvw.net/click-100179843-14442830-1611387300000,https://www.bestvetcare.com/nexgard-for-dogs/flea-and-tick-treatment-279.aspx?utm_source=cjtext&utm_campaign=wintersale21&coupon_no=BVCWIN12,14442830,"Text Link",BVCWIN12,Coupon,"2021-01-22 23:40:00","2022-01-22 23:40:00"
"Cyber Monday Sale 2020","Best Vet Care","Best Cyber Monday Deals! Get 12% Instant Discount on Every order. SHOP NOW! Use code: CYBVC12",10.00%,https://www.anrdoezrs.net/click-100179843-14396007-1606218600000,https://www.bestvetcare.com/nexgard-for-dogs/flea-and-tick-treatment-279.aspx?utm_source=cjbanner&utm_campaign=cybermonday&coupon_no=CYBVC12,14396007,Banner,CYBVC12,Coupon,"2020-11-24 03:55:00","2021-11-24 03:55:00"
"Black Friday Sale","Best Vet Care","Celebrate This Black Friday Sale With Best Combo Deals + Free Doses. Get 12% Instant Discount on every order. Use code- BLACK12",10.00%,https://www.tkqlhce.com/click-100179843-14388780-1605876000000,https://www.bestvetcare.com/?utm_source=cjbanner&utm_campaign=blackfriday&coupon_no=BLACK12,14388780,Banner,BLACK12,Coupon,"2020-11-20 04:45:00","2021-11-20 04:45:00"
"Thanksgiving Sale","Best Vet Care","Boom! Our Thanksgiving Sale is Live! Get 20% Off on every order. Offer Valid for Nov 25th & 26th 2020 only. Apply Code: GIVING20",10.00%,https://www.anrdoezrs.net/click-100179843-14371355-1605609818000,https://www.bestvetcare.com/?utm_source=cjbanner&utm_campaign=thanksgiving2020&coupon_no=GIVING20,14371355,Banner,GIVING20,Coupon,"2020-11-09 04:45:00","2021-11-09 04:45:00"
"Thanksgiving Sale","Best Vet Care","Get 20% Off on every order. Offer Valid for Nov 25th & 26th 2020 only. Apply Code: GIVING20",10.00%,https://www.tkqlhce.com/click-100179843-14371336-1605609597000,https://www.bestvetcare.com/?utm_source=cjtext&utm_campaign=thanksgiving2020&coupon_no=GIVING20,14371336,"Text Link",GIVING20,Coupon,"2020-11-09 04:35:00","2021-11-09 04:35:00"
"Halloween Sale","Best Vet Care","Halloween is around the corner! Grab  15% discount on all orders + Free shipping on all orders. Usecode: HLWN15",10.00%,https://www.jdoqocy.com/click-100179843-14362600-1604042375000,https://www.bestvetcare.com/heartgard-plus-for-dogs/heartwormers-treatment-34.aspx?utm_source=CJ&utm_campaign=Halloween&coupon_no=HLWN15,14362600,Banner,HLWN15,Coupon,"2020-10-30 00:09:00","2021-10-27 11:30:00"
"Simparica trio 2020","Best Vet Care","New Defender arrive for your Pet with Up to 15% off Use code: STRIO12 + FREE SHIPPING",10.00%,https://www.dpbolvw.net/click-100179843-14069830-1591766683000,https://www.bestvetcare.com/simparica-trio-for-dogs/flea-and-tick-treatment-496.aspx?utm_source=cjbanner&utm_campaign=simparicatrio2020&coupon_no=STRIO12,14069830,Banner,STRIO12,Coupon,"2020-06-09 22:24:00","2021-06-09 11:30:00"
"Simparica trio 2020","Best Vet Care","New Defender arrive for your Pet with Up to 15% off Use code: STRIO12 + FREE SHIPPING",10.00%,https://www.anrdoezrs.net/click-100179843-14069829-1591766568000,https://www.bestvetcare.com/simparica-trio-for-dogs/flea-and-tick-treatment-496.aspx?utm_source=cjbanner&utm_campaign=simparicatrio2020&coupon_no=STRIO12,14069829,Banner,STRIO12,Coupon,"2020-06-09 22:22:00","2021-06-09 22:22:00"
"Father's day 2020","Best Vet Care","Get Up to 15% off Use code: LOVUDAD + FREE SHIPPING",10.00%,https://www.dpbolvw.net/click-100179843-14069825-1591764919000,https://www.bestvetcare.com/?utm_source=cjtext&utm_campaign=fathersday2020&coupon_no=LOVUDAD,14069825,"Text Link",LOVUDAD,Coupon,"2020-06-09 21:59:00","2021-06-29 11:30:00"
"Father's day 2020","Best Vet Care","Get Up to 15% off Use code: LOVUDAD + FREE SHIPPING",10.00%,https://www.kqzyfj.com/click-100179843-14069824-1591764808000,https://www.bestvetcare.com/?utm_source=cjtext&utm_campaign=fathersday2020&coupon_no=LOVUDAD,14069824,"Text Link",LOVUDAD,Coupon,"2020-06-09 21:58:00","2021-06-29 11:30:00"
"Easter 2020","Best Vet Care","Easter bunny will bring you greatest sale of the year 2020, Get 12 Discount on each purchase + Free Shipping! Use Code: HOPPY12",10.00%,https://www.dpbolvw.net/click-100179843-14014572-1585553233000,https://www.bestvetcare.com/?utm_source=cjbanner&utm_medium=hoppy12&utm_campaign=easter-banner-2020&coupon_no=HOPPY12,14014572,Banner,HOPPY12,Coupon,"2020-03-30 01:26:00","2021-04-29 00:26:00"
"First Order Discount","Best Vet Care","20% Off Your First Order! Limited Time Offer! Use Code: BVC1ST at Checkout to avail extra discount & Free Shipping on All Order!",10.00%,https://www.kqzyfj.com/click-100179843-13814059-1567062200000,https://www.bestvetcare.com?utm_source=cjbanner&utm_campaign=firstorder&coupon_no=BVC1ST,13814059,Banner,BVC1ST,Coupon,"2019-08-29 01:58:00","2021-08-31 00:30:00"
"Get in before your Easter break!","Best Vet Care","Hop into Egg-Celent Deal Online! Load Up Your Basket at 12% Extra Discount + Free Shipping on All Pet Supplies. Coupon: EASTER12",10.00%,https://www.tkqlhce.com/click-100179843-14490884-1616667309000,https://www.bestvetcare.com/profender-for-cats/wormers-treatment-26.aspx?utm_source=cjbanner&utm_campaign=Easter_Sale&Coupon_no=EASTER12,14490884,Banner,EASTER12,Coupon,"2021-03-25 03:14:00","2022-03-25 03:14:00"
"It's time to Save More","Best Vet Care","It's time to Save More! 12% Off + Free Shipping & Rewards Points. Affordable Dog & Cat Supplies. Coupon Code: SPDEAL12",10.00%,https://www.anrdoezrs.net/click-100179843-14466079-1613976165000,https://www.bestvetcare.com/dogs-heartwormers-treatment-108.aspx?utm_source=cj&utm_campaign=spring-season-sale2021&coupon_no=SPDEAL12,14466079,Banner,SPDEAL12,Coupon,"2021-02-21 23:42:00","2022-04-29 11:30:00"
"Ready for Spring Season Sale?","Best Vet Care","Ready for Spring Season Sale? 12% Off + Free Shipping. Buy Pet Supplies for Dogs & Cats at the Lowest Prices. Apply Coupon: SPDEAL12",10.00%,https://www.dpbolvw.net/click-100179843-14466078-1613975732000,https://www.bestvetcare.com/dogs-supplies-1.aspx?utm_source=cj&utm_campaign=spring-season-sale2021&coupon_no=SPDEAL12,14466078,Banner,SPDEAL12,Coupon,"2021-02-22 01:34:00","2022-04-29 11:30:00"
"Best Winter Deals on Pet Supplies","Best Vet Care","Get the Best Winter Deals on Pet Supplies Here! Shop for Dog & Cat Supplies at 12% off + Free Shipping*.  Use code: BVCWIN12",10.00%,https://www.jdoqocy.com/click-100179843-14445038-1611727753000,https://www.bestvetcare.com/revolution-for-dogs/heartwormers-treatment-12.aspx?utm_source=cj&utm_campaign=wintersale21&coupon_no=BVCWIN12,14445038,Banner,BVCWIN12,Coupon,"2021-01-27 00:06:00","2022-04-29 11:30:00"
"Cyber Monday Sale 2020","Best Vet Care","Boom! Cyber Monday Offers! Grab Pet Supplies at 12% Off + Free Shipping*. SHOP TODAY! Use Code: CYBVC12",10.00%,https://www.anrdoezrs.net/click-100179843-14396011-1606218603000,https://www.bestvetcare.com/?utm_source=cjbanner&utm_campaign=cybermonday&coupon_no=CYBVC12,14396011,Banner,CYBVC12,Coupon,"2020-11-24 03:55:00","2021-11-24 03:55:00"
"Thanksgiving Sale","Best Vet Care","We are providing 20% discount on purchase of pet supplies + Free Shipping. SHOP NOW! Offer Valid for Nov 25th & 26th 2020 only. Use code: GIVING20",10.00%,https://www.dpbolvw.net/click-100179843-14371335-1605609519000,https://www.bestvetcare.com/nexgard-for-dogs/flea-and-tick-treatment-279.aspx?utm_source=cjtext&utm_campaign=thanksgiving2020&coupon_no=GIVING20,14371335,"Text Link",GIVING20,Coupon,"2020-11-09 04:35:00","2021-11-09 04:35:00"
"11.11 Flash Combo Deals","Best Vet Care","<link>11.11 Sale Bring Best Combo Offers Ever!</link> Grab Everything at 21% Off + Free Shipping! Sale starts from Nov 6th – 11th, 2020. Use Code- BESTNOV20",10.00%,https://www.kqzyfj.com/click-100179843-14366976-1604472363000,https://www.bestvetcare.com/?utm_source=cjbanner&utm_campaign=1111&coupon_no=BESTNOV20,14366976,Banner,BESTNOV20,Coupon,"2020-11-03 22:50:00","2021-11-03 23:50:00"
"11.11 Flash Combo Deals","Best Vet Care","11.11 Sale Bring Best Combo Offers Ever! Grab Everything at 21% Off + Free Shipping! Sale starts from Nov 6th – 11th, 2020. Use Code- BESTNOV20",10.00%,https://www.dpbolvw.net/click-100179843-14366979-1604473200000,https://www.bestvetcare.com/?utm_source=cjbanner&utm_campaign=1111&coupon_no=BESTNOV20,14366979,Banner,BESTNOV20,Coupon,"2020-11-03 23:01:00","2021-11-04 00:01:00"
"Halloween Sale","Best Vet Care","Halloween is around the corner! Grab  15% discount on all orders + Free shipping on all orders. Usecode: HLWN15",10.00%,https://www.anrdoezrs.net/click-100179843-14362733-1604053460000,https://www.bestvetcare.com/bravecto-for-dogs/flea-and-tick-treatment-278.aspx?utm_source=CJ&utm_campaign=Halloween&coupon_no=HLWN15,14362733,Banner,HLWN15,Coupon,"2020-10-30 02:08:00","2021-10-29 11:30:00"
"Halloween Sale","Best Vet Care","Halloween is around the corner! Grab  15% discount on all orders + Free shipping on all orders. Usecode: HLWN15",10.00%,https://www.jdoqocy.com/click-100179843-14360067-1604041439000,https://www.bestvetcare.com/?utm_source=CJ&utm_campaign=Halloween&coupon_no=HLWN15,14360067,Banner,HLWN15,Coupon,"2020-10-28 04:25:00","2021-10-27 11:30:00"
"Halloween Sale","Best Vet Care","Get flat 15% on all pet supplies + free shipping on all orders. Usecode: HLWN15",10.00%,https://www.jdoqocy.com/click-100179843-14358444-1603777500000,https://www.bestvetcare.com/nexgard-for-dogs/flea-and-tick-treatment-279.aspx?utm_source=CJ&utm_campaign=Halloween&coupon_no=HLWN15,14358444,Banner,,Coupon,"2020-10-26 22:51:00","2021-10-26 11:30:00"
"Simparica trio 2020","Best Vet Care","New Defender arrive for your Pet with Up to 15% off Use code: STRIO12 + FREE SHIPPING",10.00%,https://www.dpbolvw.net/click-100179843-14069828-1591766457000,https://www.bestvetcare.com/simparica-trio-for-dogs/heartwormers-treatment-497.aspx?utm_source=cjbanner&utm_campaign=simparicatrio2020&coupon_no=STRIO12,14069828,Banner,STRIO12,Coupon,"2020-06-09 22:22:00","2021-06-09 11:30:00"
"Memorial Day 2020","Best Vet Care","Start Early! MEMORIAL DAY WEEKEND PROMO: MEMORIALMAY - Up to 15% off + Free Shipping",10.00%,https://www.kqzyfj.com/click-100179843-14050970-1589524111000,https://www.bestvetcare.com/?utm_source=cjbanner&utm_campaign=memorial2020&coupon_no=MEMORIALMAY,14050970,Banner,MEMORIALMAY,Coupon,"2020-05-15 00:28:00","2021-05-30 11:30:00"
"Save Extra on First Order","Best Vet Care","Exclusive Discount for Your First-Time Order at BestVetCare.com! Use Code: BVC1ST at checkout & Get 20% Off + Free Shipping on Everything! ",10.00%,https://www.tkqlhce.com/click-100179843-13814062-1567063037000,https://www.bestvetcare.com?utm_source=cjbanner&utm_campaign=firstorder&coupon_no=BVC1ST,13814062,Banner,BVC1ST,Coupon,"2019-08-29 04:13:00","2021-08-30 11:30:00"
"First Order Massive Discount","Best Vet Care","Save 20% Extra Discount on First-Order Today! Limited Time Deal! Use Coupon: BVCFIRST20 at checkout. Free Shipping on Every Purchase!",10.00%,https://www.anrdoezrs.net/click-100179843-13814074-1567063432000,https://www.bestvetcare.com?utm_source=cjbanner&utm_campaign=firstorder&coupon_no=BVCFIRST20,13814074,Banner,BVCFIRST20,Coupon,"2019-08-29 04:20:00","2021-08-30 11:30:00"
"Spring Savings","Best Vet Care","Sweet, Sweet Spring Savings. Online Dog & Cat Supplies + 12% Off. Refer a Friend & Earn rewards. Apply Coupon: SPDEAL12. ",10.00%,https://www.dpbolvw.net/click-100179843-14466114-1613984400000,https://www.bestvetcare.com/nexgard-for-dogs/flea-and-tick-treatment-279.aspx?utm_source=cj&utm_campaign=spring-season-sale2021&coupon_no=SPDEAL12,14466114,"Text Link",SPDEAL12,Coupon,"2021-02-22 02:59:00","2022-03-30 11:30:00"
"A Valentine's Treat","Best Vet Care","A Valentine's Treat! Get an Instant Discount Of 12% on Pet Supplies + Earn Rewards Points. Apply Coupon: HPPVDAY.",10.00%,https://www.anrdoezrs.net/click-100179843-14456368-1612863116000,https://www.bestvetcare.com/bravecto-for-dogs/flea-and-tick-treatment-278.aspx?utm_source=LC&utm_campaign=valentines-sale-2021&coupon_no=HPPVDAY,14456368,Banner,HPPVDAY,Coupon,"2021-02-09 02:30:00","2022-03-30 11:30:00"
"Winter Arrivals For Your Pets ","Best Vet Care","Winter Arrivals For Your Pets - Sales On Now! Get an Instant Discount Of 12% on the Purchase of Pet Essentials. Apply Code: BVCWIN12 | SHOP TODAY!",10.00%,https://www.tkqlhce.com/click-100179843-14445035-1611727206000,https://www.bestvetcare.com/nexgard-for-dogs/flea-and-tick-treatment-279.aspx?utm_source=cj&utm_campaign=wintersale21&coupon_no=BVCWIN12,14445035,Banner,BVCWIN12,Coupon,"2021-01-26 23:59:00","2022-04-29 11:30:00"
"Winter Arrivals For Your Pets","Best Vet Care","Winter Arrivals For Your Pets - Sales On Now! Get an Instant Discount Of 12% on the Purchase of Pet Essentials. Apply Code: BVCWIN12 | SHOP TODAY!",10.00%,https://www.anrdoezrs.net/click-100179843-14445039-1611727934000,https://www.bestvetcare.com/profender-for-cats/wormers-treatment-26.aspx?utm_source=cj&utm_campaign=wintersale21&coupon_no=BVCWIN12,14445039,Banner,BVCWIN12,Coupon,"2021-01-27 00:11:00","2022-04-29 11:30:00"
"Cyber Monday Sale 2020","Best Vet Care","Cyber Monday Sale! Save Extra 12% on Purchase of Pet Supplies. Place your order now. Use code: CYBVC12",10.00%,https://www.tkqlhce.com/click-100179843-14396034-1606219320000,https://www.bestvetcare.com/?utm_source=cjbanner&utm_campaign=cybermonday&coupon_no=CYBVC12,14396034,Banner,CYBVC12,Coupon,"2020-11-24 04:05:00","2021-11-24 04:05:00"
"Cyber Monday Sale 2020","Best Vet Care","Boom! Cyber Monday Offers! Grab Pet Supplies at 12% Off + Free Shipping*. SHOP TODAY! Use Code: CYBVC12",10.00%,https://www.anrdoezrs.net/click-100179843-14396027-1606219200000,https://www.bestvetcare.com/nexgard-for-dogs/flea-and-tick-treatment-279.aspx?utm_source=cjbanner&utm_campaign=cybermonday&coupon_no=CYBVC12,14396027,Banner,CYBVC12,Coupon,"2020-11-24 04:05:00","2021-11-24 04:05:00"
"Spring Sale up to 50% off ",Bellelily,"Spring Sale up to 50% off,code:BE05",13.00%,https://www.dpbolvw.net/click-100179843-14502701-1617959267000,https://www.bellelily.com/dresses-t-301,14502701,Banner,BE05,Coupon,"2021-04-09 02:00:00","2021-04-29 09:00:00"
"Mother's Day sale Freeshipping",Bellelily,"Freeshipping on orders over $119,code:MOM21",13.00%,https://www.jdoqocy.com/click-100179843-14502749-1617961016000,https://www.bellelily.com/Promotions/Mothers-Day-2021.html,14502749,Banner,MOM21,Coupon,"2021-04-09 02:30:00","2021-05-14 09:00:00"
"Mother's Day sale Freeshipping",Bellelily,"Freeshipping on orders over $119,code:MOM21",13.00%,https://www.tkqlhce.com/click-100179843-14502757-1617961377000,https://www.bellelily.com/Promotions/Mothers-Day-2021.html,14502757,Banner,MOM21,Coupon,"2021-04-09 02:30:00","2021-05-14 09:00:00"
"Spring Sale up to 50% off ",Bellelily,"Spring Sale up to 50% off,code:BE05",13.00%,https://www.dpbolvw.net/click-100179843-14502699-1617959187000,https://www.bellelily.com/dresses-t-301,14502699,Banner,BE05,Coupon,"2021-04-09 02:00:00","2021-04-29 09:00:00"
"Spring Sale up to 50% off ",Bellelily,"Spring Sale up to 50% off,code:BE05",13.00%,https://www.dpbolvw.net/click-100179843-14502703-1617959325000,https://www.bellelily.com/dresses-t-301,14502703,Banner,BE05,Coupon,"2021-04-09 02:00:00","2021-04-29 09:00:00"
"Mother's Day sale Freeshipping",Bellelily,"Freeshipping on orders over $119,code:MOM21",13.00%,https://www.jdoqocy.com/click-100179843-14502777-1617962113000,https://www.bellelily.com/Promotions/Mothers-Day-2021.html,14502777,Banner,MOM21,Coupon,"2021-04-09 02:30:00","2021-05-14 09:00:00"
"Mother's Day sale Freeshipping",Bellelily,"Freeshipping on orders over $119,code:MOM21",13.00%,https://www.anrdoezrs.net/click-100179843-14502776-1617962093000,https://www.bellelily.com/Promotions/Mothers-Day-2021.html,14502776,Banner,MOM21,Coupon,"2021-04-09 02:30:00","2021-05-14 09:00:00"
"Mother's Day sale Freeshipping",Bellelily,"Freeshipping on orders over $119,code:MOM21",13.00%,https://www.kqzyfj.com/click-100179843-14502774-1617962045000,https://www.bellelily.com/Promotions/Mothers-Day-2021.html,14502774,Banner,MOM21,Coupon,"2021-04-09 02:30:00","2021-05-14 09:00:00"
"15% OFF with NO limits code: SCHIMIGGY",Bellelily,"15% OFF with NO limits code: LV15",13.00%,https://www.anrdoezrs.net/click-100179843-13443286-1615493648000,http://www.bellelily.com,13443286,"Text Link",SCHIMIGGY,Coupon,"2018-05-30 05:00:00","2021-04-29 23:56:00"
"Spring Sale up to 50% off ",Bellelily,"Spring Sale up to 50% off,code:BE05",13.00%,https://www.kqzyfj.com/click-100179843-14502696-1617959049000,https://www.bellelily.com/dresses-t-301,14502696,Banner,BE05,Coupon,"2021-04-09 02:00:00","2021-04-29 09:00:00"
"Spring Sale up to 50% off ",Bellelily,"Spring Sale up to 50% off,code:BE05",13.00%,https://www.tkqlhce.com/click-100179843-14502702-1617959294000,https://www.bellelily.com/dresses-t-301,14502702,Banner,BE05,Coupon,"2021-04-09 02:00:00","2021-04-29 09:00:00"
"Mother's Day sale Freeshipping",Bellelily,"Freeshipping on orders over $119,code:MOM21",13.00%,https://www.anrdoezrs.net/click-100179843-14502772-1617961995000,https://www.bellelily.com/Promotions/Mothers-Day-2021.html,14502772,Banner,MOM21,Coupon,"2021-04-09 02:30:00","2021-05-14 09:00:00"
"Mother's Day sale Freeshipping",Bellelily,"Freeshipping on orders over $119,code:MOM21",13.00%,https://www.jdoqocy.com/click-100179843-14502769-1617961949000,https://www.bellelily.com/Promotions/Mothers-Day-2021.html,14502769,Banner,MOM21,Coupon,"2021-04-09 02:30:00","2021-05-14 09:00:00"
"Spring Sale up to 50% off ",Bellelily,"Spring Sale up to 50% off,code:BE05",13.00%,https://www.jdoqocy.com/click-100179843-14502700-1617959224000,https://www.bellelily.com/dresses-t-301,14502700,Banner,BE05,Coupon,"2021-04-09 02:00:00","2021-04-29 09:00:00"
"Spring Sale up to 50% off ",Bellelily,"Spring Sale up to 50% off,code:BE05",13.00%,https://www.anrdoezrs.net/click-100179843-14502697-1617959084000,https://www.bellelily.com/dresses-t-301,14502697,Banner,BE05,Coupon,"2021-04-09 02:00:00","2021-04-29 09:00:00"
"Mother's Day sale Freeshipping",Bellelily,"Freeshipping on orders over $119,code:MOM21",13.00%,https://www.tkqlhce.com/click-100179843-14502770-1617961971000,https://www.bellelily.com/Promotions/Mothers-Day-2021.html,14502770,Banner,MOM21,Coupon,"2021-04-09 02:30:00","2021-05-14 09:00:00"
"EN- Get 20% Off, book with Belvilla, use code: BEL20","Belvilla EU","Get 20% Off, book with Belvilla, use code: BEL20

Terms and Conditions:
Code name : BEL20
Discount : 20% off | Max up to 100euros
No minimum order value
Valid till : 31st March, 2021
Stay period validity: 31/12/2021
Not valid on holiday parks",4.50%,https://www.kqzyfj.com/click-100179843-14482290-1616680688000,https://www.belvilla.com/,14482290,"Text Link",BEL20,Coupon,"2021-03-15 04:01:00","2021-04-30 00:00:00"
"FR Get 15% Off, book with Belvilla, use code: EASTERBEL15","Belvilla EU","Get 15% Off, book with Belvilla.

Max Discount cap: EUR 100
No Minimum order value 
Valid till : 31st March, 2021
Stay up to : 31st December'2021",4.50%,https://www.dpbolvw.net/click-100179843-14457537-1616681283000,https://www.belvilla.fr/,14457537,"Text Link",EASTERBEL15,Coupon,"2021-02-10 03:44:00","2021-04-29 16:00:00"
"NL Get 15% Off, book with Belvilla, use code: EASTERBEL15","Belvilla EU","Get 15% Off, book with Belvilla.

Max Discount cap: EUR 100
No Minimum order value 
Valid till : 31st March, 2021
Stay up to : 31st December'2021",4.50%,https://www.anrdoezrs.net/click-100179843-14457539-1616681304000,https://www.belvilla.nl/,14457539,"Text Link",EASTERBEL15,Coupon,"2021-02-10 03:44:00","2021-04-29 16:00:00"
"FR- BE Get 5% Discount on all homestays, use code: BEL5","Belvilla EU","Get 5% Discount on all homestays, use code: BEL5
Terms & conditions
Booking can be made until March 31st 2021  
5% discount applicable across all homes for a stay till June 30, 2021
Min. booking value of EUR 500",4.50%,https://www.anrdoezrs.net/click-100179843-14430943-1616681807000,https://fr.belvilla.be/,14430943,"Text Link",BEL5,Coupon,"2021-01-06 16:00:00","2021-04-30 15:59:00"
"Shop Now! Get 12% Off Sitewide with code SAVE12","Built Bar","Shop Now! Get 12% Off Sitewide with code SAVE12",7.00%,https://www.tkqlhce.com/click-100179843-14315895-1598981763000,http://builtbar.com,14315895,"Text Link",SAVE12,Coupon,"2020-09-01 10:31:00","2023-05-01 00:00:00"
"New Customers! Get 30% off on your BuiltGo purchase with code: BuiltGO ","Built Bar","New Customers! Get 30% off on your BuiltGo purchase with code: BuiltGO ",7.00%,https://www.jdoqocy.com/click-100179843-14315896-1598981746000,http://builtbar.com,14315896,"Text Link",BuiltGO,Coupon,"2020-09-01 10:31:00","2023-05-01 00:00:00"
"Forza Horizon 4 Ultimate Add-Ons Bundle XBOX LIVE Key UNITED STATES",Bcdkey.com,"In this bundle:
Forza Horizon 4 Car Pass;
Forza Horizon 4 Best of Bond Car Pack;
Forza Horizon 4 VIP;
Forza Horizon 4 Formula Drift Car Pack;
Forza Horizon 4 Fortune Island;
Forza Horizon 4 LEGO Speed Champions;
 
The Forza Horizon 4 Ultimate Add-Ons Bundle includes the Forza Horizon 4 Car Pass, two expansions, VIP Membership, Formula Drift Car Pack and Day One Car Pack. This add-on requires Forza Horizon 4 (game sold separately).
 
Upgrade to Ultimate today!",3.00%,https://www.tkqlhce.com/click-100179843-14395625-1614750407000,https://www.bcdkey.com/forza-horizon-4-ultimate-add-ons-bundle-xbox-live-key-united-states.html,14395625,"Text Link",FORZA7,Coupon,"2020-11-23 18:48:00","2021-06-29 09:00:00"
"Dragon Ball Fighterz XBOX LIVE Key UNITED STATES",Bcdkey.com,"DRAGON BALL FighterZ is born from what makes the DRAGON BALL series so loved and famous: endless spectacular fights with its all-powerful fighters.
 
Partnering with Arc System Works, DRAGON BALL FighterZ maximizes high end Anime graphics and brings easy to learn but difficult to master fighting gameplay.",3.00%,https://www.tkqlhce.com/click-100179843-14391760-1614750620000,https://www.bcdkey.com/dragon-ball-fighterz-xbox-live-key-united-states.html,14391760,"Text Link",DRAGON,Coupon,"2020-12-16 18:00:00","2021-06-29 09:00:00"
"Far Cry New Dawn Deluxe Edition Xbox One Digital Code GLOBAL",Bcdkey.com,"Dive into a transformed, post-apocalyptic Hope County, Montana, 17 years after a global nuclear catastrophe in the latest installment of Far Cry. With the Deluxe Edition, receive additional weapons, outfits, and vehicles to help you survive a new dangerous frontier.
 
The Deluxe Edition includes additional weapons, outfits, and vehicle skins to help you survive a new dangerous frontier.
 
Fight to survive in a post-apocalyptic world as you take up arms to fight alongside a friend in online co-op.
 
Lead the fight against the highwaymen and their ruthless leaders, the Twins.
 
Build up your home base and recruit specialists to upgrade it as you unlock all-new features.",3.00%,https://www.anrdoezrs.net/click-100179843-14391758-1615774746000,https://www.bcdkey.com/far-cry-new-dawn-deluxe-edition-xbox-one-digital-code-global.html,14391758,"Text Link",FCN,Coupon,"2020-11-21 00:28:00","2021-06-29 09:00:00"
"Women's day Sale $10 Off Order $99+",Bellelily,"Women's day Sale $10 Off Order $99+",13.00%,https://www.kqzyfj.com/click-100179843-14466883-1615493648000,https://www.bellelily.com/Promotions/womens-day-2021.html,14466883,"Text Link",WD10,Coupon,"2021-02-23 00:26:00","2021-04-29 09:00:00"
"Women's Day Sale $6 Off Orders $69+",Bellelily,"Women's Day Sale $6 Off Orders $69+",13.00%,https://www.anrdoezrs.net/click-100179843-14466881-1615493648000,https://www.bellelily.com/Promotions/womens-day-2021.html,14466881,"Text Link",WD6,Coupon,"2021-02-23 00:20:00","2021-04-29 09:00:00"
"Spring Sale up to 50% off ",Bellelily,"Spring Sale up to 50% off,code:BE05",13.00%,https://www.jdoqocy.com/click-100179843-14502698-1617959154000,https://www.bellelily.com/dresses-t-301,14502698,Banner,BE05,Coupon,"2021-04-09 02:00:00","2021-04-29 09:00:00"
"12% Off $200 Sitewide",Babyonlinewholesale,"Use code ""HONEY16"" to get 12% off $200 sitewide","12.00% - 15.00%",https://www.kqzyfj.com/click-100179843-14436607-1610694461000,https://www.bmbridal.com/,14436607,"Text Link",HONEY16,Coupon,"2021-01-14 08:00:00","2021-08-30 09:00:00"
"New year Spring Big Sale",Babyonlinewholesale,"$9 OFF Orders $99+ $39 OFF Orders $199+ $129 OFF Orders $599+","12.00% - 15.00%",https://www.anrdoezrs.net/click-100179843-14473408-1614739166000,https://www.babyonlinewholesale.com/new-in-prom-dresses-c43,14473408,"Text Link",MAI21,Coupon,"2021-03-02 18:36:00","2021-05-31 08:59:00"
"New Product! Nicotinamide with Resveratrol at aSquared Nutrition","aSquared Nutrition","New Product! Nicotinamide with Resveratrol at aSquared Nutrition",7.00%,https://www.dpbolvw.net/click-100179843-13970858-1581444966000,https://asquarednutrition.com/products/nicotinamide-with-resveratrol?_pos=1&_sid=29fb8b991&_ss=r,13970858,"Text Link",,Coupon,"2020-02-03 13:00:00","2024-04-30 00:00:00"
"US-EN: Compare for Best Rates - US - Search Now - 300x250","Auto Europe Car Rentals","US-EN: Auto Europe Car Rentals - Compare & Save","3.00% - 5.00%",https://www.kqzyfj.com/click-100179843-12241978-1613682209000,https://www.autoeurope.com/,12241978,Banner,,Coupon,"2017-10-09 21:00:00","2025-07-31 21:00:00"
"Long-Term Car Rental in Europe - Canadian Residents","Auto Europe Car Rentals","*FOR CANADIAN RESIDENTS* - CA-EN: Auto Europe Long Term Car Rental in Europe","3.00% - 5.00%",https://www.anrdoezrs.net/click-100179843-12237689-1613682209000,https://www.autoeurope.ca/long-term-car-rental/,12237689,"Text Link",,Coupon,"2015-07-26 21:00:00","2025-07-31 21:00:00"
"Auto Europe Travel Deals and Specials","Auto Europe Car Rentals","US-EN: Auto Europe Car Rental Specials, Deals and Savings","3.00% - 5.00%",https://www.tkqlhce.com/click-100179843-12271769-1613682208000,https://www.autoeurope.com/car-rental-deals/,12271769,"Text Link",,Coupon,"2015-07-27 21:00:00","2025-07-31 21:00:00"
"US-EN: Luxury Car Rentals - Book Now - US - 120x600","Auto Europe Car Rentals","US-EN: Auto Europe Luxury Car Rentals","3.00% - 5.00%",https://www.anrdoezrs.net/click-100179843-12240505-1613682209000,https://www.autoeurope.com/luxury-car-rentals/,12240505,Banner,,Coupon,"2017-10-09 21:00:00","2025-07-31 21:00:00"
"Rent a Car San Francisco - Compare the Best Rates for US Residents","Auto Europe Car Rentals","US-EN: Car Rental in San Francisco","3.00% - 5.00%",https://www.jdoqocy.com/click-100179843-12282381-1613682207000,https://www.autoeurope.com/car-rental-san-francisco/,12282381,"Text Link",,Coupon,"2015-07-27 21:00:00","2025-07-31 21:00:00"
"new in prom dress",Babyonlinewholesale,"new in prom dresses in 2021","12.00% - 15.00%",https://www.tkqlhce.com/click-100179843-14483315-1615885200000,https://www.babyonlinewholesale.com/new-in-prom-dresses-c43,14483315,Banner,MAI21,Coupon,"2021-03-16 02:46:00","2021-05-31 08:59:00"
"All Wedding Dresses, 10% Off",Babyonlinewholesale,"All Wedding Dresses, 10% Off, Coupon Code: SALE","12.00% - 15.00%",https://www.anrdoezrs.net/click-100179843-14436577-1610681851000,https://www.bmbridal.com/all-wedding-dresses-c51,14436577,"Text Link",SALE,Coupon,"2021-01-14 08:00:00","2021-08-30 09:00:00"
"Extra $10 Off $90",Babyonlinewholesale,"Extra $10 Off $90, Coupon Code: HONEY14","12.00% - 15.00%",https://www.anrdoezrs.net/click-100179843-14436599-1610693157000,https://www.bmbridal.com/,14436599,"Text Link",HONEY14,Coupon,"2021-01-14 08:00:00","2021-07-30 09:00:00"
"10% Off On Order Over $50",Babyonlinewholesale,"10% Off On Order Over $50, coupon code: HONEY13","12.00% - 15.00%",https://www.tkqlhce.com/click-100179843-14436596-1610692867000,https://www.bmbridal.com/,14436596,"Text Link",HONEY13,Coupon,"2021-01-14 08:00:00","2021-07-30 09:00:00"
"new year big sale",Babyonlinewholesale,"save $20 Over $159,save $30 Over $199,save $50 Over $299","12.00% - 15.00%",https://www.dpbolvw.net/click-100179843-14473409-1614739392000,https://www.27prom.com/c/wedding-dresses-16.html,14473409,"Text Link",new,Coupon,"2021-03-02 18:41:00","2021-04-30 09:00:00"
"wholesale online ",Babyonlinewholesale,"$9 OFF Orders $99+ $39 OFF Orders $199+ $129 OFF Orders $599+","12.00% - 15.00%",https://www.tkqlhce.com/click-100179843-14452771-1612431553000,https://www.babyonlinewholesale.com/,14452771,"Text Link",MAI21,Coupon,"2021-02-04 01:37:00","2021-05-31 08:59:00"
"$30 Off $300 Sitewide",Babyonlinewholesale,"$30 Off $300 Sitewide, Coupon Code: HONEY15","12.00% - 15.00%",https://www.kqzyfj.com/click-100179843-14436600-1610693673000,https://www.bmbridal.com/,14436600,"Text Link",HONEY15,Coupon,"2021-01-14 08:00:00","2021-07-30 09:00:00"
"New Wedding Dress",Babyonlinewholesale,"$20 off $159, $30 off $199, $50 off $299","12.00% - 15.00%",https://www.anrdoezrs.net/click-100179843-14488579-1616492438000,https://www.babyonlinewholesale.com/wedding-dresses-c1/top-sellers,14488579,"Text Link",ONE,Coupon,"2021-03-23 02:39:00","2021-09-30 09:00:00"
"bridal and evening wear",Babyonlinewholesale,"bridal and evening wear
","12.00% - 15.00%",https://www.tkqlhce.com/click-100179843-14483363-1615885807000,https://www.babyonlinewholesale.com/new-in-prom-dresses-c43,14483363,Banner,MAI21,Coupon,"2021-03-16 02:08:00","2021-05-30 09:00:00"
"ladies ball gowns evening dresses",Babyonlinewholesale,"gold evening dresses with sleeves
","12.00% - 15.00%",https://www.kqzyfj.com/click-100179843-14483374-1615887000000,https://www.babyonlinewholesale.com/fashion-dresses-c110,14483374,Banner,MAI21,Coupon,"2021-03-16 02:33:00","2021-05-31 08:59:00"
"elegant chiffon evening dresses",Babyonlinewholesale,"elegant chiffon evening dresses
","12.00% - 15.00%",https://www.jdoqocy.com/click-100179843-14483367-1615886068000,https://www.babyonlinewholesale.com/new-in-prom-dresses-c43,14483367,Banner,MAI21,Coupon,"2021-03-16 02:13:00","2021-05-31 09:00:00"
"ABBYY NO - COUPON 10%","ABBYY Europe Affiliate Program","ABBYY NO - COUPON 10%",15.00%,https://www.anrdoezrs.net/click-100179843-14493253-1616768968000,https://checkout.abbyy.com/order/product.php?ORDERSTYLE=nLWsm5TflHM=&DESTURL=https://www.abbyy.com/finereader/,14493253,"Text Link",FineReader2021,Coupon,"2021-03-26 07:24:00","2021-12-31 15:00:00"
"ABBYY NL - COUPON 10%","ABBYY Europe Affiliate Program","ABBYY NL - COUPON 10%",15.00%,https://www.kqzyfj.com/click-100179843-14493245-1616768775000,https://checkout.abbyy.com/order/product.php?ORDERSTYLE=nLWsm5TflHM=&DESTURL=https://www.abbyy.com/dutch/finereader/,14493245,"Text Link",FineReader2021,Coupon,"2021-03-26 07:24:00","2021-12-31 15:00:00"
"ABBYY SE - COUPON 10%","ABBYY Europe Affiliate Program","ABBYY SE - COUPON 10%",15.00%,https://www.dpbolvw.net/click-100179843-14493254-1616768999000,https://checkout.abbyy.com/order/product.php?ORDERSTYLE=nLWsm5TflHM=&DESTURL=https://www.abbyy.com/finereader/,14493254,"Text Link",FineReader2021,Coupon,"2021-03-26 07:24:00","2021-12-31 15:00:00"
"ABBYY FI - COUPON 10%","ABBYY Europe Affiliate Program","ABBYY FI - COUPON 10%",15.00%,https://www.tkqlhce.com/click-100179843-14493255-1616769042000,https://checkout.abbyy.com/order/product.php?ORDERSTYLE=nLWsm5TflHM=&DESTURL=https://www.abbyy.com/finereader/,14493255,"Text Link",FineReader2021,Coupon,"2021-03-26 07:24:00","2021-12-31 15:00:00"
"ABBYY IT - COUPON 10%","ABBYY Europe Affiliate Program","ABBYY IT - COUPON 10%",15.00%,https://www.jdoqocy.com/click-100179843-14493247-1616768848000,https://checkout.abbyy.com/order/product.php?ORDERSTYLE=nLWsm5TflHM=&DESTURL=https://www.abbyy.com/it-it/finereader/,14493247,"Text Link",FineReader2021,Coupon,"2021-03-26 07:24:00","2021-12-31 15:00:00"
"ABBYY UK - COUPON 10%","ABBYY Europe Affiliate Program","ABBYY UK - COUPON 10%",15.00%,https://www.anrdoezrs.net/click-100179843-14493244-1616768806000,https://checkout.abbyy.com/order/product.php?ORDERSTYLE=nLWsm5TflHM=&DESTURL=https://www.abbyy.com/products/,14493244,"Text Link",FineReader2021,Coupon,"2021-03-26 07:24:00","2021-12-31 15:00:00"
"ABBYY ES - COUPON 10%","ABBYY Europe Affiliate Program","ABBYY ES - COUPON 10%",15.00%,https://www.jdoqocy.com/click-100179843-14493250-1616768904000,https://checkout.abbyy.com/order/product.php?ORDERSTYLE=nLWsm5TflHM=&DESTURL=https://www.abbyy.com/es-es/finereader/,14493250,"Text Link",FineReader2021,Coupon,"2021-03-26 07:24:00","2021-12-31 15:00:00"
"Get $5 off orders of $50 or more with code ACLS5 at AC Lens!","AC Lens","Get $5 off orders of $50 or more with code ACLS5 at AC Lens! (Valid until 4/30/2021)","3.00% - 8.00%",https://www.kqzyfj.com/click-100179843-13610860-1586445042000,https://www.aclens.com/,13610860,"Text Link",ACLS5,Coupon,"2019-01-30 21:00:00","2021-04-30 20:59:00"
"$4 Off Seattle Airport Parking for Limited Time Only Use Code 'SEA4'. Daily rates starting at ONLY $5.95 only at AirportParkingReservations.com!","Airport Parking Reservations - point. click. park.","$4 Off Seattle Airport Parking for Limited Time Only Use Code 'SEA4'. Daily rates starting at ONLY $5.95 only at AirportParkingReservations.com!
",20.00%,https://www.dpbolvw.net/click-100179843-12543695-1610643529000,http://www.airportparkingreservations.com/seattle_airport_parking_sea?cpc=true,12543695,Banner,SEA4,Coupon,"2015-08-24 12:00:00","2021-12-31 00:00:00"
"$4 Off Oakland Airport Parking for Limited Time Only Use Code 'OAK44'. Daily rates starting at ONLY $5.95 only at AirportParkingReservations.com!","Airport Parking Reservations - point. click. park.","$4 Off Oakland Airport Parking for Limited Time Only Use Code 'OAK44'. Daily rates starting at ONLY $5.95 only at AirportParkingReservations.com!",20.00%,https://www.jdoqocy.com/click-100179843-12543789-1610643529000,http://www.airportparkingreservations.com/oakland_airport_parking_oak?cpc=true,12543789,Banner,OAK44,Coupon,"2015-08-24 12:00:00","2022-01-31 00:00:00"
"$4 Off Newark Airport Parking for Limited Time Only Use Code 'EWR4'. Daily rates starting at ONLY $5.95 only at AirportParkingReservations.com!","Airport Parking Reservations - point. click. park.","$4 Off Newark Airport Parking for Limited Time Only Use Code 'EWR4'. Daily rates starting at ONLY $5.95 only at AirportParkingReservations.com!",20.00%,https://www.dpbolvw.net/click-100179843-12543788-1610643529000,http://www.airportparkingreservations.com/newark_airport_parking_ewr?cpc=true,12543788,Banner,EWR4,Coupon,"2015-08-24 12:00:00","2021-11-30 00:00:00"
"$4 Off Seattle Airport Parking for Limited Time Only Use Code 'SEA4'. Daily rates starting at ONLY $5.95 only at AirportParkingReservations.com!","Airport Parking Reservations - point. click. park.","$4 Off Seattle Airport Parking for Limited Time Only Use Code 'SEA4'. Daily rates starting at ONLY $5.95 only at AirportParkingReservations.com!
",20.00%,https://www.anrdoezrs.net/click-100179843-12543780-1610643529000,http://www.airportparkingreservations.com/seattle_airport_parking_sea?cpc=true,12543780,Banner,SEA4,Coupon,"2015-08-24 12:00:00","2021-08-31 23:58:00"
"$4 Off Laguardia Airport Parking for Limited Time Only Use Code 'LGA4'. Daily rates starting at ONLY $5.95 only at AirportParkingReservations.com!","Airport Parking Reservations - point. click. park.","$4 Off Laguardia Airport Parking for Limited Time Only Use Code 'LGA4'. Daily rates starting at ONLY $5.95 only at AirportParkingReservations.com!",20.00%,https://www.dpbolvw.net/click-100179843-12543750-1610643529000,http://www.airportparkingreservations.com/laguardia_airport_parking_lga?cpc=true,12543750,Banner,LGA4,Coupon,"2015-08-24 12:00:00","2023-04-30 00:00:00"
"Get $5 Off at Airportparking.com! Use code ""HONEY5""",AirportParking.com,"Get $5 Off at Airportparking.com! Use code ""HONEY5""",20.00%,https://www.anrdoezrs.net/click-100179843-13988842-1610396148000,https://www.airportparking.com/,13988842,"Text Link",HONEY5,Coupon,"2020-02-29 11:42:00","2022-02-28 00:00:00"
"Get 15% Off On Your First Purchase With Code FRESHFACED!","Allies of Skin - INT","Get 15% Off On Your First Purchase With Code FRESHFACED!",8.00%,https://www.tkqlhce.com/click-100179843-13915842-1607346528000,https://alliesofskin.com/,13915842,"Text Link",FRESHFACED,Coupon,"2020-03-06 04:30:00","2025-03-06 04:30:00"
"Get Free Shipping On All Orders $75+!","Allies of Skin - INT","Get Free Shipping On All Orders $75+!",8.00%,https://www.tkqlhce.com/click-100179843-14002962-1607346528000,https://alliesofskin.com/,14002962,"Text Link",,Coupon,"2020-03-06 04:30:00","2050-03-06 04:30:00"
"20% off our b2b bundle, ESET PROTECT Advanced using promo code EPA20","ESET North America","20% off our b2b bundle, ESET PROTECT Advanced using promo code EPA20","USD 4.00, 20.00%",https://www.dpbolvw.net/click-100179843-14451289-1612312114000,https://www.eset.com/us/business/advanced-protection-bundle/,14451289,"Text Link",EPA20,Coupon,"2021-01-19 00:00:00","2021-04-30 00:00:00"
"20% off our b2b bundle, ESET PROTECT Advanced using promo code EPA20","ESET North America","20% off our b2b bundle, ESET PROTECT Advanced using promo code EPA20","USD 4.00, 20.00%",https://www.anrdoezrs.net/click-100179843-14451290-1612312306000,https://www.eset.com/us/business/advanced-protection-bundle/,14451290,"Text Link",EPA20,Coupon,"2021-01-19 00:00:00","2021-04-30 00:00:00"
"Happy national pet day","Aosom Canada","<link>10% Off on Pet Supplies</link>","4.00% - 12.00%",https://www.anrdoezrs.net/click-100179843-14503773-1618219257000,https://www.aosom.ca/activity/pet-sale,14503773,Banner,Pet10,,"2021-04-12 02:21:00","2021-04-21 09:00:00"
"Spring Garden Carnival","Aosom Canada","<link>Save $25 for Every $199 Spent</link>","4.00% - 12.00%",https://www.jdoqocy.com/click-100179843-14500982-1617788211000,https://www.aosom.ca/activity/garden-sale,14500982,Banner,Garden25,Coupon,"2021-04-07 02:36:00","2021-04-22 09:00:00"
"10% Off on Bikes & Trailers","Aosom Canada","<link?10% Off on Bikes & Trailers</link>","4.00% - 12.00%",https://www.tkqlhce.com/click-100179843-14501725-1617848851000,https://www.aosom.ca/activity/fun-out,14501725,Banner,Bike10,Coupon,"2021-04-07 19:27:00","2021-04-20 09:00:00"
"All the Kids Love","Aosom Canada","<link>10% Off on Toys & Games</link>","4.00% - 12.00%",https://www.dpbolvw.net/click-100179843-14503778-1618219476000,https://www.aosom.ca/category/toys-games~103/,14503778,Banner,Toys10,Coupon,"2021-04-12 02:24:00","2021-04-21 09:00:00"
"(EN) Get 10% Off on your order on arfacemask.com - Use code GET10AR","Arfacemask COM","Get 10% Off on your order on arfacemask.com - Use code GET10AR",10.00%,https://www.tkqlhce.com/click-100179843-14476456-1615003774000,https://arfacemask.com/,14476456,"Text Link",GET10AR,Coupon,"2021-02-08 00:00:00","2025-03-31 00:00:00"
"(FR) Économisez 10% sur votre première commande avec le code: ENJOY10","Arfacemask COM","Économisez 10% sur votre première commande avec le code: ENJOY10",10.00%,https://www.anrdoezrs.net/click-100179843-14476455-1615003715000,https://arfacemask.com/fr,14476455,"Text Link",ENJOY10,Coupon,"2021-02-08 00:00:00","2025-03-31 00:00:00"
"(DE) Erhalten Sie 10% Rabatt auf Ihre Bestellung unter arfacemask.com/de - Verwenden Sie den Code GET10AR","Arfacemask COM","Erhalten Sie 10% Rabatt auf Ihre Bestellung unter arfacemask.com/de - Verwenden Sie den Code GET10AR",10.00%,https://www.anrdoezrs.net/click-100179843-14476457-1615003812000,https://arfacemask.com/de,14476457,"Text Link",GET10AR,Coupon,"2021-02-08 00:00:00","2025-03-31 00:00:00"
"(FR) Obtenez 15% de réduction sur votre commande sur arfacemask.com/fr - Utilisez le code GET15AR","Arfacemask COM","Obtenez 15% de réduction sur votre commande sur arfacemask.com/fr - Utilisez le code GET15AR",10.00%,https://www.anrdoezrs.net/click-100179843-14476463-1615004004000,https://arfacemask.com/fr,14476463,"Text Link",GET15AR,Coupon,"2021-02-08 00:00:00","2025-03-31 00:00:00"
"(ES) Ahorre un 10 % en su primer pedido con el código: ENJOY10","Arfacemask COM","Ahorre un 10 % en su primer pedido con el código: ENJOY10",10.00%,https://www.tkqlhce.com/click-100179843-14476454-1615003681000,https://arfacemask.com/es,14476454,"Text Link",ENJOY10,Coupon,"2021-02-08 00:00:00","2025-03-31 00:00:00"
"(EN) Save 10% off on your first order with code: ENJOY10","Arfacemask COM","Save 10% off on your first order with code: ENJOY10",10.00%,https://www.dpbolvw.net/click-100179843-14476452-1615003638000,https://arfacemask.com/,14476452,"Text Link",ENJOY10,Coupon,"2021-02-08 00:00:00","2025-03-31 00:00:00"
"(EN) Get 15% Off on your order on arfacemask.com - Use code GET15AR","Arfacemask COM","Get 15% Off on your order on arfacemask.com - Use code GET15AR",10.00%,https://www.anrdoezrs.net/click-100179843-14476460-1615003915000,https://arfacemask.com/,14476460,"Text Link",GET15AR,Coupon,"2021-02-08 00:00:00","2025-03-31 00:00:00"
"(ES) Obtenga un 10 % de DESCUENTO en su pedido en arfacemask.com/es - Utilice el código GET10AR","Arfacemask COM","Obtenga un 10 % de DESCUENTO en su pedido en arfacemask.com/es - Utilice el código GET10AR",10.00%,https://www.anrdoezrs.net/click-100179843-14476458-1615003848000,https://arfacemask.com/es,14476458,"Text Link",GET10AR,Coupon,"2021-02-08 00:00:00","2025-03-31 00:00:00"
"(ES) Obtenga un 15 % de DESCUENTO en su pedido en arfacemask.com/es - Utilice el código GET15AR","Arfacemask COM","Obtenga un 15 % de DESCUENTO en su pedido en arfacemask.com/es - Utilice el código GET15AR",10.00%,https://www.anrdoezrs.net/click-100179843-14476462-1615003972000,https://arfacemask.com/es,14476462,"Text Link",GET15AR,Coupon,"2021-02-08 00:00:00","2025-03-31 00:00:00"
"(DE) Sparen Sie 10% bei Ihrer ersten Bestellung mit dem Code: ENJOY10","Arfacemask COM","Sparen Sie 10% bei Ihrer ersten Bestellung mit dem Code: ENJOY10",10.00%,https://www.dpbolvw.net/click-100179843-14476453-1615003661000,https://arfacemask.com/de,14476453,"Text Link",ENJOY10,Coupon,"2021-02-08 00:00:00","2025-03-31 00:00:00"
"(DE) Erhalten Sie 15% Rabatt auf Ihre Bestellung unter arfacemask.com/de - Verwenden Sie den Code GET15AR","Arfacemask COM","Erhalten Sie 15% Rabatt auf Ihre Bestellung unter arfacemask.com/de - Verwenden Sie den Code GET15AR",10.00%,https://www.kqzyfj.com/click-100179843-14476461-1615003944000,https://arfacemask.com/de,14476461,"Text Link",GET15AR,Coupon,"2021-02-08 00:00:00","2025-03-31 00:00:00"
"(FR) Obtenez 10% de réduction sur votre commande sur arfacemask.com/fr - Utilisez le code GET10AR","Arfacemask COM","Obtenez 10% de réduction sur votre commande sur arfacemask.com/fr - Utilisez le code GET10AR",10.00%,https://www.jdoqocy.com/click-100179843-14476459-1615003872000,https://arfacemask.com/fr,14476459,"Text Link",GET10AR,Coupon,"2021-02-08 00:00:00","2025-03-31 00:00:00"
"Clearance Blowout! Get 50% Off!",A1Supplements.com,"Clearance Blowout! Get 50% Off!",3.00%,https://www.jdoqocy.com/click-100179843-14421232-1608319007000,https://www.a1supplements.com/clearance-supplements,14421232,"Text Link",CLEAR50,Coupon,"2020-12-18 11:10:00","2028-07-31 00:00:00"
"Affiliate Special Sale","Abba Patio","Affiliate Special Sale! Extra $10 Off on Your First Order Over $70! Code: Min70. Buy Your Home & Garden Furnitures on abbapatio.com!",5.00%,https://www.anrdoezrs.net/click-100179843-14485353-1616038423000,https://www.abbapatio.com?utm_source=cj&utm_medium=aff&utm_campaign=Min70,14485353,Banner,Min70,Coupon,"2021-03-17 20:30:00","2024-12-31 07:59:00"
CJ10,"Abba Patio","10% Off with Code CJ10! Abba Patio Provide You High Quality Outdoor Products! Free US Shipping!",5.00%,https://www.anrdoezrs.net/click-100179843-13750341-1593766420000,https://www.abbapatio.com/,13750341,Banner,CJ10,Coupon,"2019-06-13 19:09:00","2021-12-30 08:00:00"
"Affiliate Special Sale","Abba Patio","Affiliate Special Sale! Extra $10 Off on Your First Order Over $70! Code: Min70. Buy Your Home & Garden Furnitures on abbapatio.com!",5.00%,https://www.kqzyfj.com/click-100179843-14485352-1616038260000,https://www.abbapatio.com?utm_source=cj&utm_medium=aff&utm_campaign=Min70,14485352,Banner,Min70,Coupon,"2021-03-17 20:30:00","2024-12-31 07:59:00"
"Furniture Sale","Abba Patio","Furniture Hot Sale! 20% Off on All Tables & Chairs! Code: MD20.",5.00%,https://www.anrdoezrs.net/click-100179843-14484212-1615960975000,https://www.abbapatio.com/collections/tables-chairs?utm_source=cj&utm_medium=aff&utm_campaign=2021MD20,14484212,Banner,MD20,Coupon,"2021-03-16 22:59:00","2024-12-31 07:59:00"
CJ10,"Abba Patio","10% Off with Code CJ10! Abba Patio Provide You High Quality Outdoor Products! Free US Shipping!",5.00%,https://www.jdoqocy.com/click-100179843-13750342-1593762828000,https://www.abbapatio.com/,13750342,Banner,CJ10,Coupon,"2019-06-13 19:09:00","2021-12-30 08:00:00"
"Affiliate Special Sale","Abba Patio","Affiliate Special Sale! Extra $10 Off on Your First Order Over $70! Code: Min70. Buy Your Home & Garden Furnitures on abbapatio.com!",5.00%,https://www.kqzyfj.com/click-100179843-14485351-1616038213000,https://www.abbapatio.com?utm_source=cj&utm_medium=aff&utm_campaign=Min70,14485351,Banner,Min70,Coupon,"2021-03-17 20:30:00","2024-12-31 07:59:00"
"Furniture Sale","Abba Patio","Furniture Hot Sale! 20% Off on All Tables & Chairs! Code: MD20.",5.00%,https://www.dpbolvw.net/click-100179843-14484213-1615960988000,https://www.abbapatio.com/collections/tables-chairs?utm_source=cj&utm_medium=aff&utm_campaign=2021MD20,14484213,Banner,MD20,Coupon,"2021-03-16 22:59:00","2024-12-31 07:59:00"
CJ10,"Abba Patio","10% Off with Code CJ10! Abba Patio Provide You High Quality Outdoor Products! Free US Shipping!",5.00%,https://www.tkqlhce.com/click-100179843-13750340-1593763640000,https://www.abbapatio.com/,13750340,Banner,CJ10,Coupon,"2019-06-13 19:09:00","2021-12-30 08:00:00"
CJ10,"Abba Patio","10% Off with Code CJ10! Abba Patio Provide You High Quality Outdoor Products! Free US Shipping!",5.00%,https://www.anrdoezrs.net/click-100179843-13750339-1593763619000,https://www.abbapatio.com/,13750339,Banner,CJ10,Coupon,"2019-06-13 19:09:00","2021-12-30 08:00:00"
"Picking the Perfect Outdoor Products on Abbapatio.com get 10% With Code CJ10!","Abba Patio","Picking the Pefect Outdoor Products on Abbapatio.com! Get 10% with Code CJ10!",5.00%,https://www.anrdoezrs.net/click-100179843-13748949-1560796023000,https://www.abbapatio.com/,13748949,"Text Link",CJ10,Coupon,"2019-06-13 01:30:00","2022-12-30 22:00:00"
"High Quality Outdoor Products! 10% Off plus Free Shipping!","Abba Patio","High Quality Outdoor Products! 10% Off plus Free Shipping! Shop Now on Abbapatio.com!",5.00%,https://www.anrdoezrs.net/click-100179843-13748947-1561626933000,https://www.abbapatio.com/,13748947,"Text Link",CJ10,Coupon,"2019-06-13 01:30:00","2022-12-30 22:00:00"
"Furniture Sale","Abba Patio","Furniture Hot Sale! 20% Off on All Tables & Chairs! Code: MD20.",5.00%,https://www.anrdoezrs.net/click-100179843-14484211-1615960817000,https://www.abbapatio.com/collections/tables-chairs?utm_source=cj&utm_medium=aff&utm_campaign=2021MD20,14484211,Banner,MD20,Coupon,"2021-03-16 22:59:00","2024-12-31 07:59:00"
CJ10,"Abba Patio","10% Off with Code CJ10! Abba Patio Provide You High Quality Outdoor Products! Free US Shipping!",5.00%,https://www.jdoqocy.com/click-100179843-13750338-1593762859000,https://www.abbapatio.com/,13750338,Banner,CJ10,Coupon,"2019-06-13 19:09:00","2021-12-31 07:59:00"
"Shop Abba Patio 10% Off with Code CJ10","Abba Patio","10% Off with Code CJ10! Abba Patio Provide You High Quality Outdoor Products! Free US Shipping!",5.00%,https://www.anrdoezrs.net/click-100179843-13748936-1560796024000,https://www.abbapatio.com/,13748936,"Text Link",CJ10,Coupon,"2019-06-13 01:30:00","2022-12-30 22:00:00"
"ABBYY - COUPON 10%","ABBYY USA ","ABBYY - COUPON 10%",15.00%,https://www.dpbolvw.net/click-100179843-14493980-1617023079000,https://checkout.abbyy.com/order/product.php?ORDERSTYLE=nLWsm5TflHM=&DESTURL=https://pdf.abbyy.com/,14493980,"Text Link",FineReader2021,Coupon,"2021-03-29 06:04:00","2021-12-31 15:00:00"
"ABBYY PT - COUPON 10%","ABBYY Europe Affiliate Program","ABBYY PT - COUPON 10%",15.00%,https://www.anrdoezrs.net/click-100179843-14493256-1616769098000,https://checkout.abbyy.com/order/product.php?ORDERSTYLE=nLWsm5TflHM=&DESTURL=https://www.abbyy.com/finereader/,14493256,"Text Link",FineReader2021,Coupon,"2021-03-26 07:24:00","2021-12-31 15:00:00"
"ABBYY EN - COUPON 10%","ABBYY Europe Affiliate Program","ABBYY EN - COUPON 10%",15.00%,https://www.kqzyfj.com/click-100179843-14493258-1616769141000,https://checkout.abbyy.com/order/product.php?ORDERSTYLE=nLWsm5TflHM=&DESTURL=https://www.abbyy.com/finereader/,14493258,"Text Link",FineReader2021,Coupon,"2021-03-26 07:24:00","2021-12-31 15:00:00"
"ABBYY DE - COUPON 10%","ABBYY Europe Affiliate Program","ABBYY DE- COUPON 10%",15.00%,https://www.kqzyfj.com/click-100179843-14493242-1616768662000,https://checkout.abbyy.com/order/product.php?ORDERSTYLE=nLWsm5TflHM=&DESTURL=https://www.abbyy.com/de-de/finereader/,14493242,"Text Link",FineReader2021,Coupon,"2021-03-26 07:24:00","2021-12-31 15:00:00"
